{"orig_lga": "LGA_44830", "orig_name": "Mount Remarkable (DC)", "orig_state": "SA", "fetched_at": "2026-03-12T07:31:37.810228+00:00", "destinations": {"LGA_40120": [{"industry": "grains", "sector": "cropping", "trips_count": 7, "trailer_loads": 23.70396, "tonnes": 545.1908, "tonne_kms": 159460.67, "tonnes_per_trailer": 22.999989, "avg_trip_distance": 191.80342, "avg_trip_duration": 2.1608312, "total_trip_distance": 4027.8718, "total_trip_duration": 45.377457, "total_freight_value": 163557.0, "trip_transport_costs": 24196.0, "cst_per_tonne": 44.0, "cst_per_tonne_km": 0.15173847296105436, "co2_tn": 12.873173}], "LGA_40220": [{"industry": "grains", "sector": "cropping", "trips_count": 31, "trailer_loads": 126.72969999999998, "tonnes": 2965.0625, "tonne_kms": 1004161.9, "tonnes_per_trailer": 23.064505, "avg_trip_distance": 246.73805, "avg_trip_duration": 2.6840906, "total_trip_distance": 27568.818, "total_trip_duration": 299.23465, "total_freight_value": 958657.0, "trip_transport_costs": 155083.0, "cst_per_tonne": 52.0, "cst_per_tonne_km": 0.15444064456894707, "co2_tn": 82.615295}], "LGA_42110": [{"industry": "grains", "sector": "cropping", "trips_count": 15, "trailer_loads": 71.29848, "tonnes": 1701.1903, "tonne_kms": 283410.9, "tonnes_per_trailer": 23.399988, "avg_trip_distance": 126.63889, "avg_trip_duration": 1.3735505, "total_trip_distance": 7777.629, "total_trip_duration": 84.33498, "total_freight_value": 561978.0, "trip_transport_costs": 45212.0, "cst_per_tonne": 27.0, "cst_per_tonne_km": 0.15952735925112702, "co2_tn": 22.884804}], "LGA_43920": [], "LGA_44550": [{"industry": "grains", "sector": "cropping", "trips_count": 8, "trailer_loads": 27.090239999999998, "tonnes": 623.0752, "tonne_kms": 185649.38, "tonnes_per_trailer": 22.999989, "avg_trip_distance": 218.79294, "avg_trip_duration": 2.4899993, "total_trip_distance": 5003.624, "total_trip_duration": 56.848473, "total_freight_value": 186922.0, "trip_transport_costs": 29087.0, "cst_per_tonne": 47.0, "cst_per_tonne_km": 0.1566776650646043, "co2_tn": 15.438614}], "LGA_45040": [{"industry": "grains", "sector": "cropping", "trips_count": 22, "trailer_loads": 113.95550999999999, "tonnes": 2713.436, "tonne_kms": 980221.6, "tonnes_per_trailer": 23.27272, "avg_trip_distance": 275.44778, "avg_trip_duration": 2.9593358, "total_trip_distance": 26359.008, "total_trip_duration": 283.15128, "total_freight_value": 860261.0, "trip_transport_costs": 147741.0, "cst_per_tonne": 54.0, "cst_per_tonne_km": 0.15072216237302935, "co2_tn": 79.325}], "LGA_45120": [{"industry": "grains", "sector": "cropping", "trips_count": 68, "trailer_loads": 1464.6512300000002, "tonnes": 35687.926, "tonne_kms": 1699981.1, "tonnes_per_trailer": 24.294107, "avg_trip_distance": 49.39935, "avg_trip_duration": 0.5519047, "total_trip_distance": 48945.336, "total_trip_duration": 549.32074, "total_freight_value": 16298411.0, "trip_transport_costs": 344253.0, "cst_per_tonne": 10.0, "cst_per_tonne_km": 0.2025041577868576, "co2_tn": 140.97467}], "LGA_45890": [{"industry": "grains", "sector": "cropping", "trips_count": 16, "trailer_loads": 202.33482, "tonnes": 5048.517, "tonne_kms": 1428066.5, "tonnes_per_trailer": 24.68748, "avg_trip_distance": 267.5468, "avg_trip_duration": 2.8334088, "total_trip_distance": 30611.44, "total_trip_duration": 325.23993, "total_freight_value": 2577077.0, "trip_transport_costs": 186039.0, "cst_per_tonne": 37.0, "cst_per_tonne_km": 0.1302730179840463, "co2_tn": 98.669205}, {"industry": "fruit", "sector": "horticulture", "trips_count": 8, "trailer_loads": 32.1830741, "tonnes": 482.85657, "tonne_kms": 130537.59, "tonnes_per_trailer": 15.625014, "avg_trip_distance": 142.664, "avg_trip_duration": 1.4971695, "total_trip_distance": 4355.433, "total_trip_duration": 45.82937, "total_freight_value": 3161207.0, "trip_transport_costs": 27544.0, "cst_per_tonne": 57.0, "cst_per_tonne_km": 0.2110066928236917, "co2_tn": 14.397139}, {"industry": "wood_product", "sector": "wood_product", "trips_count": 26, "trailer_loads": 139.99995099999998, "tonnes": 3500.0002, "tonne_kms": 855082.9, "tonnes_per_trailer": 25.000029, "avg_trip_distance": 136.37914, "avg_trip_duration": 1.4299037, "total_trip_distance": 17128.613, "total_trip_duration": 179.60782, "total_freight_value": 4900003.0, "trip_transport_costs": 108623.0, "cst_per_tonne": 31.0, "cst_per_tonne_km": 0.12703184618929894, "co2_tn": 56.79012}], "LGA_48130": [{"industry": "grains", "sector": "cropping", "trips_count": 70, "trailer_loads": 1176.2925599999994, "tonnes": 28276.629, "tonne_kms": 4657486.5, "tonnes_per_trailer": 23.871416, "avg_trip_distance": 161.74174, "avg_trip_duration": 1.7045008, "total_trip_distance": 113475.52, "total_trip_duration": 1199.3514, "total_freight_value": 10102556.0, "trip_transport_costs": 693339.0, "cst_per_tonne": 25.0, "cst_per_tonne_km": 0.1488655760891002, "co2_tn": 351.31903}], "LGA_48750": [{"industry": "grains", "sector": "cropping", "trips_count": 7, "trailer_loads": 23.70396, "tonnes": 545.1908, "tonne_kms": 188975.83, "tonnes_per_trailer": 22.999989, "avg_trip_distance": 243.38219, "avg_trip_duration": 2.711175, "total_trip_distance": 5285.5493, "total_trip_duration": 58.856895, "total_freight_value": 163557.0, "trip_transport_costs": 30195.0, "cst_per_tonne": 55.0, "cst_per_tonne_km": 0.15978077667092516, "co2_tn": 15.956229}]}}