{"orig_lga": "LGA_46670", "orig_name": "Renmark Paringa (DC)", "orig_state": "SA", "fetched_at": "2026-03-12T07:40:18.484535+00:00", "destinations": {"LGA_31000": [{"industry": "nuts", "sector": "horticulture", "trips_count": 14, "trailer_loads": 1.1568903499999998, "tonnes": 20.824041, "tonne_kms": 37527.793, "tonnes_per_trailer": 18.000006, "avg_trip_distance": 80.80901, "avg_trip_duration": 0.87841237, "total_trip_distance": 1131.3263, "total_trip_duration": 12.297773, "total_freight_value": 312361.0, "trip_transport_costs": 6573.0, "cst_per_tonne": 316.0, "cst_per_tonne_km": 0.17514190225059614, "co2_tn": 3.551398}, {"industry": "fruit", "sector": "horticulture", "trips_count": 456, "trailer_loads": 321.0732545049999, "tonnes": 5920.1807, "tonne_kms": 10742256.0, "tonnes_per_trailer": 17.807018, "avg_trip_distance": 237.7088, "avg_trip_duration": 2.566141, "total_trip_distance": 314479.25, "total_trip_duration": 3405.743, "total_freight_value": 23052666.0, "trip_transport_costs": 1851093.0, "cst_per_tonne": 313.0, "cst_per_tonne_km": 0.1723187985519202, "co2_tn": 995.73486}]}}