{"orig_lga": "LGA_48830", "orig_name": "Yorke Peninsula (DC)", "orig_state": "SA", "fetched_at": "2026-03-12T07:58:36.285022+00:00", "destinations": {"LGA_40120": [{"industry": "grains", "sector": "cropping", "trips_count": 8, "trailer_loads": 26.139999999999993, "tonnes": 601.22, "tonne_kms": 159952.47, "tonnes_per_trailer": 23.0, "avg_trip_distance": 179.2133, "avg_trip_duration": 1.9863061, "total_trip_distance": 4301.119, "total_trip_duration": 47.671345, "total_freight_value": 180366.0, "trip_transport_costs": 25079.0, "cst_per_tonne": 42.0, "cst_per_tonne_km": 0.15679024685604848, "co2_tn": 13.244952}, {"industry": "livestock", "sector": "livestock", "trips_count": 17, "trailer_loads": 108.0, "tonnes": 1080.0, "tonne_kms": 244473.66, "tonnes_per_trailer": 10.0, "avg_trip_distance": 215.76253, "avg_trip_duration": 2.426521, "total_trip_distance": 16042.388, "total_trip_duration": 180.60909, "total_freight_value": 10620000.0, "trip_transport_costs": 91898.0, "cst_per_tonne": 85.0, "cst_per_tonne_km": 0.37590026994536857, "co2_tn": 47.66787}], "LGA_40220": [{"industry": "grains", "sector": "cropping", "trips_count": 50, "trailer_loads": 284.7598000000003, "tonnes": 6811.8467, "tonne_kms": 1891947.4, "tonnes_per_trailer": 23.199999, "avg_trip_distance": 199.34784, "avg_trip_duration": 2.2183478, "total_trip_distance": 51461.938, "total_trip_duration": 579.21564, "total_freight_value": 2430767.0, "trip_transport_costs": 289820.0, "cst_per_tonne": 43.0, "cst_per_tonne_km": 0.15318629305389472, "co2_tn": 151.36531}], "LGA_40310": [{"industry": "grains", "sector": "cropping", "trips_count": 7, "trailer_loads": 22.872499999999995, "tonnes": 526.0675, "tonne_kms": 109197.48, "tonnes_per_trailer": 23.0, "avg_trip_distance": 158.44211, "avg_trip_duration": 1.7571751, "total_trip_distance": 2840.8647, "total_trip_duration": 31.555264, "total_freight_value": 157820.0, "trip_transport_costs": 17066.0, "cst_per_tonne": 32.0, "cst_per_tonne_km": 0.15628559795659774, "co2_tn": 8.805071}], "LGA_41560": [{"industry": "grains", "sector": "cropping", "trips_count": 106, "trailer_loads": 4234.847999999998, "tonnes": 105851.66, "tonne_kms": 6197531.5, "tonnes_per_trailer": 24.943407, "avg_trip_distance": 60.55782, "avg_trip_duration": 0.6834091, "total_trip_distance": 165295.88, "total_trip_duration": 1870.8362, "total_freight_value": 41517645.0, "trip_transport_costs": 1139150.0, "cst_per_tonne": 11.0, "cst_per_tonne_km": 0.1838070094303641, "co2_tn": 492.00226}], "LGA_42110": [{"industry": "grains", "sector": "cropping", "trips_count": 29, "trailer_loads": 192.2612000000002, "tonnes": 4630.085, "tonne_kms": 901973.2, "tonnes_per_trailer": 23.206896, "avg_trip_distance": 151.99207, "avg_trip_duration": 1.6683128, "total_trip_distance": 22942.918, "total_trip_duration": 251.8699, "total_freight_value": 1792131.0, "trip_transport_costs": 137340.0, "cst_per_tonne": 30.0, "cst_per_tonne_km": 0.15226587264498959, "co2_tn": 70.29157}], "LGA_43650": [{"industry": "grains", "sector": "cropping", "trips_count": 44, "trailer_loads": 1372.38713, "tonnes": 34290.07, "tonne_kms": 7006465.0, "tonnes_per_trailer": 24.863626, "avg_trip_distance": 198.76712, "avg_trip_duration": 2.1140943, "total_trip_distance": 143879.23, "total_trip_duration": 1534.8225, "total_freight_value": 14944682.0, "trip_transport_costs": 913500.0, "cst_per_tonne": 27.0, "cst_per_tonne_km": 0.1303796037127072, "co2_tn": 470.3596}], "LGA_43920": [{"industry": "grains", "sector": "cropping", "trips_count": 9, "trailer_loads": 177.52970000000005, "tonnes": 4412.106, "tonne_kms": 521405.12, "tonnes_per_trailer": 24.111116, "avg_trip_distance": 109.40389, "avg_trip_duration": 1.1819417, "total_trip_distance": 13886.202, "total_trip_duration": 149.97774, "total_freight_value": 1533192.0, "trip_transport_costs": 83879.0, "cst_per_tonne": 19.0, "cst_per_tonne_km": 0.1608703698778208, "co2_tn": 41.21671}, {"industry": "livestock", "sector": "livestock", "trips_count": 7, "trailer_loads": 33.0, "tonnes": 412.0, "tonne_kms": 65974.09, "tonnes_per_trailer": 13.714286, "avg_trip_distance": 145.7172, "avg_trip_duration": 1.5570419, "total_trip_distance": 3168.0464, "total_trip_duration": 33.826996, "total_freight_value": 2519740.0, "trip_transport_costs": 19258.0, "cst_per_tonne": 47.0, "cst_per_tonne_km": 0.29190737776570436, "co2_tn": 9.765315}], "LGA_44210": [{"industry": "grains", "sector": "cropping", "trips_count": 12, "trailer_loads": 143.94610000000006, "tonnes": 3546.3718, "tonne_kms": 983976.44, "tonnes_per_trailer": 23.666662, "avg_trip_distance": 230.97287, "avg_trip_duration": 2.5410979, "total_trip_distance": 24474.352, "total_trip_duration": 269.93668, "total_freight_value": 1306518.0, "trip_transport_costs": 141648.0, "cst_per_tonne": 40.0, "cst_per_tonne_km": 0.14395492290156145, "co2_tn": 74.75132}], "LGA_44550": [{"industry": "grains", "sector": "cropping", "trips_count": 8, "trailer_loads": 125.41820000000001, "tonnes": 3102.7793, "tonne_kms": 779514.94, "tonnes_per_trailer": 23.75, "avg_trip_distance": 154.94827, "avg_trip_duration": 1.7624053, "total_trip_distance": 18654.742, "total_trip_duration": 212.53326, "total_freight_value": 1222104.0, "trip_transport_costs": 109506.0, "cst_per_tonne": 35.0, "cst_per_tonne_km": 0.14047947775004552, "co2_tn": 55.921776}], "LGA_45040": [{"industry": "grains", "sector": "cropping", "trips_count": 33, "trailer_loads": 188.7843000000002, "tonnes": 4517.0244, "tonne_kms": 1328857.0, "tonnes_per_trailer": 23.18182, "avg_trip_distance": 218.74112, "avg_trip_duration": 2.3937833, "total_trip_distance": 37006.223, "total_trip_duration": 405.99573, "total_freight_value": 1657068.0, "trip_transport_costs": 206064.0, "cst_per_tonne": 46.0, "cst_per_tonne_km": 0.1550687075066556, "co2_tn": 109.62915}], "LGA_45120": [{"industry": "grains", "sector": "cropping", "trips_count": 48, "trailer_loads": 1706.1708999999992, "tonnes": 42185.59, "tonne_kms": 7345425.0, "tonnes_per_trailer": 24.58334, "avg_trip_distance": 164.62184, "avg_trip_duration": 1.7390847, "total_trip_distance": 189814.6, "total_trip_duration": 2005.2948, "total_freight_value": 17035147.0, "trip_transport_costs": 1106716.0, "cst_per_tonne": 26.0, "cst_per_tonne_km": 0.1506673932728801, "co2_tn": 568.27826}], "LGA_45890": [{"industry": "grains", "sector": "cropping", "trips_count": 50, "trailer_loads": 20663.261899999998, "tonnes": 513556.38, "tonne_kms": 94877210.0, "tonnes_per_trailer": 23.9, "avg_trip_distance": 188.94952, "avg_trip_duration": 2.062154, "total_trip_distance": 1925159.9, "total_trip_duration": 20918.852, "total_freight_value": 231769302.0, "trip_transport_costs": 12458979.0, "cst_per_tonne": 24.0, "cst_per_tonne_km": 0.13131687724999044, "co2_tn": 6350.773}, {"industry": "livestock", "sector": "livestock", "trips_count": 6, "trailer_loads": 35.0, "tonnes": 700.0, "tonne_kms": 122831.0, "tonnes_per_trailer": 20.0, "avg_trip_distance": 152.96205, "avg_trip_duration": 1.657095, "total_trip_distance": 3594.1035, "total_trip_duration": 39.098568, "total_freight_value": 1050000.0, "trip_transport_costs": 21927.0, "cst_per_tonne": 31.0, "cst_per_tonne_km": 0.17851556199263363, "co2_tn": 11.188272}], "LGA_47290": [{"industry": "grains", "sector": "cropping", "trips_count": 18, "trailer_loads": 333.65229999999997, "tonnes": 8321.694, "tonne_kms": 3755920.2, "tonnes_per_trailer": 24.666645, "avg_trip_distance": 406.0388, "avg_trip_duration": 4.345959, "total_trip_distance": 97327.93, "total_trip_duration": 1042.9685, "total_freight_value": 3048803.0, "trip_transport_costs": 538931.0, "cst_per_tonne": 65.0, "cst_per_tonne_km": 0.14348846255933384, "co2_tn": 290.96912}], "LGA_47800": [{"industry": "grains", "sector": "cropping", "trips_count": 35, "trailer_loads": 605.1617000000005, "tonnes": 14917.585, "tonne_kms": 5011010.0, "tonnes_per_trailer": 24.342836, "avg_trip_distance": 300.39645, "avg_trip_duration": 3.27735, "total_trip_distance": 135481.48, "total_trip_duration": 1480.235,