{"orig_lga": "LGA_45400", "orig_name": "Orroroo/Carrieton (DC)", "orig_state": "SA", "fetched_at": "2026-03-12T07:36:10.128763+00:00", "destinations": {"LGA_42110": [{"industry": "grains", "sector": "cropping", "trips_count": 9, "trailer_loads": 105.3729, "tonnes": 2423.5742, "tonne_kms": 434979.84, "tonnes_per_trailer": 22.999975, "avg_trip_distance": 175.11266, "avg_trip_duration": 1.8345741, "total_trip_distance": 9456.083, "total_trip_duration": 99.067, "total_freight_value": 727071.0, "trip_transport_costs": 61742.0, "cst_per_tonne": 25.0, "cst_per_tonne_km": 0.1419416861449399, "co2_tn": 31.369778}], "LGA_45040": [{"industry": "grains", "sector": "cropping", "trips_count": 8, "trailer_loads": 94.18960000000001, "tonnes": 2190.8252, "tonne_kms": 826512.1, "tonnes_per_trailer": 23.249983, "avg_trip_distance": 336.61237, "avg_trip_duration": 3.690053, "total_trip_distance": 19782.783, "total_trip_duration": 216.33638, "total_freight_value": 669480.0, "trip_transport_costs": 117987.0, "cst_per_tonne": 54.0, "cst_per_tonne_km": 0.14275302194220685, "co2_tn": 62.973133}], "LGA_48130": [{"industry": "grains", "sector": "cropping", "trips_count": 10, "trailer_loads": 106.76451, "tonnes": 2645.7002, "tonne_kms": 476695.47, "tonnes_per_trailer": 24.800032, "avg_trip_distance": 167.36345, "avg_trip_duration": 1.7625053, "total_trip_distance": 12191.14, "total_trip_duration": 128.15825, "total_freight_value": 1012299.0, "trip_transport_costs": 71474.0, "cst_per_tonne": 27.0, "cst_per_tonne_km": 0.14993650644525086, "co2_tn": 36.75628}]}}