{"orig_lga": "LGA_48750", "orig_name": "Yankalilla (DC)", "orig_state": "SA", "fetched_at": "2026-03-12T07:57:53.050657+00:00", "destinations": {"LGA_42250": [{"industry": "wood_product", "sector": "wood_product", "trips_count": 23, "trailer_loads": 522.8865660999999, "tonnes": 10591.051, "tonne_kms": 4545327.5, "tonnes_per_trailer": 20.86956, "avg_trip_distance": 286.31137, "avg_trip_duration": 3.070514, "total_trip_distance": 116163.74, "total_trip_duration": 1257.5194, "total_freight_value": 15819923.0, "trip_transport_costs": 717172.0, "cst_per_tonne": 68.0, "cst_per_tonne_km": 0.15778215883534458, "co2_tn": 389.4581}], "LGA_43920": [{"industry": "livestock", "sector": "livestock", "trips_count": 8, "trailer_loads": 44.0, "tonnes": 640.0, "tonne_kms": 81459.6, "tonnes_per_trailer": 15.0, "avg_trip_distance": 116.479065, "avg_trip_duration": 1.4145617, "total_trip_distance": 3727.33, "total_trip_duration": 45.265976, "total_freight_value": 2722000.0, "trip_transport_costs": 22790.0, "cst_per_tonne": 36.0, "cst_per_tonne_km": 0.27976480792962116, "co2_tn": 11.176448}], "LGA_45890": [{"industry": "wood_product", "sector": "wood_product", "trips_count": 26, "trailer_loads": 240.66660599999994, "tonnes": 6016.664, "tonne_kms": 669460.56, "tonnes_per_trailer": 25.000021, "avg_trip_distance": 79.676735, "avg_trip_duration": 1.0167372, "total_trip_distance": 17852.281, "total_trip_duration": 226.78293, "total_freight_value": 8423337.0, "trip_transport_costs": 111701.0, "cst_per_tonne": 19.0, "cst_per_tonne_km": 0.16685218878640334, "co2_tn": 53.79233}]}}