{"orig_lga": "LGA_45120", "orig_name": "Northern Areas (DC)", "orig_state": "SA", "fetched_at": "2026-03-12T07:35:21.402470+00:00", "destinations": {"LGA_43650": [{"industry": "grains", "sector": "cropping", "trips_count": 36, "trailer_loads": 1028.9796800000001, "tonnes": 25724.47, "tonne_kms": 4111765.8, "tonnes_per_trailer": 24.999985, "avg_trip_distance": 153.62358, "avg_trip_duration": 1.7083972, "total_trip_distance": 96689.68, "total_trip_duration": 1076.4285, "total_freight_value": 11829936.0, "trip_transport_costs": 597245.0, "cst_per_tonne": 23.0, "cst_per_tonne_km": 0.14525278804242284, "co2_tn": 301.20056}], "LGA_45120": [{"industry": "grains", "sector": "cropping", "trips_count": 143, "trailer_loads": 4319.428760000008, "tonnes": 106486.695, "tonne_kms": 2267997.5, "tonnes_per_trailer": 24.720276, "avg_trip_distance": 21.02309, "avg_trip_duration": 0.24018283, "total_trip_distance": 67738.41, "total_trip_duration": 779.9696, "total_freight_value": 45850835.0, "trip_transport_costs": 613414.0, "cst_per_tonne": 6.0, "cst_per_tonne_km": 0.27046515447634, "co2_tn": 188.49489}, {"industry": "waste", "sector": "waste", "trips_count": 15, "trailer_loads": 408.24, "tonnes": 4082.4, "tonne_kms": 42352.07, "tonnes_per_trailer": 10.0, "avg_trip_distance": 11.289677, "avg_trip_duration": 0.13524535, "total_trip_distance": 4235.207, "total_trip_duration": 51.04447, "total_freight_value": 408240.0, "trip_transport_costs": 43944.0, "cst_per_tonne": 11.0, "cst_per_tonne_km": 1.0375792683264264, "co2_tn": 9.549343}], "LGA_45890": [{"industry": "grains", "sector": "cropping", "trips_count": 43, "trailer_loads": 1832.7361000000005, "tonnes": 43509.176, "tonne_kms": 9173947.0, "tonnes_per_trailer": 23.372093, "avg_trip_distance": 206.11247, "avg_trip_duration": 2.2316868, "total_trip_distance": 222862.69, "total_trip_duration": 2369.9912, "total_freight_value": 21193199.0, "trip_transport_costs": 1336799.0, "cst_per_tonne": 31.0, "cst_per_tonne_km": 0.1457168991561954, "co2_tn": 695.838}, {"industry": "wood_product", "sector": "wood_product", "trips_count": 19, "trailer_loads": 155.33325599999998, "tonnes": 3883.3328, "tonne_kms": 897864.44, "tonnes_per_trailer": 25.000023, "avg_trip_distance": 151.13979, "avg_trip_duration": 1.6063727, "total_trip_distance": 17957.29, "total_trip_duration": 191.05673, "total_freight_value": 5436671.0, "trip_transport_costs": 114313.0, "cst_per_tonne": 29.0, "cst_per_tonne_km": 0.12731693409129968, "co2_tn": 59.43047}]}}