{"orig_lga": "LGA_74660", "orig_name": "West Arnhem (R)", "orig_state": "NT", "fetched_at": "2026-03-12T07:51:28.671845+00:00", "destinations": {"LGA_74660": [{"industry": "waste", "sector": "waste", "trips_count": 10, "trailer_loads": 215.99999999999997, "tonnes": 2160.0, "tonne_kms": 19125.287, "tonnes_per_trailer": 10.0, "avg_trip_distance": 8.34183, "avg_trip_duration": 0.2174505, "total_trip_distance": 1293.9192, "total_trip_duration": 30.71928, "total_freight_value": 216000.0, "trip_transport_costs": 23249.0, "cst_per_tonne": 11.0, "cst_per_tonne_km": 1.215625196905234, "co2_tn": 5.1575356}], "LGA_79399": [{"industry": "livestock", "sector": "livestock", "trips_count": 76, "trailer_loads": 140.5952400000001, "tonnes": 2811.8984, "tonne_kms": 1291219.8, "tonnes_per_trailer": 19.999945, "avg_trip_distance": 257.28403, "avg_trip_duration": 5.4533315, "total_trip_distance": 21520.328, "total_trip_duration": 463.23776, "total_freight_value": 9344664.0, "trip_transport_costs": 245205.0, "cst_per_tonne": 87.0, "cst_per_tonne_km": 0.18990159399335638, "co2_tn": 143.43898}]}}