{"orig_lga": "LGA_12730", "orig_name": "Edward River (A)", "orig_state": "NSW", "fetched_at": "2026-03-16T08:35:51.711641+00:00", "destinations": {"LGA_10650": [{"commodity": "Barley", "industry": "grains", "sector": "cropping", "trips_count": 6, "trailer_loads": 105.64399000000002, "tonnes": 2641.0981, "tonne_kms": 136661.62, "tonnes_per_trailer": 24.99999, "avg_trip_distance": 47.476334, "avg_trip_duration": 0.53195465, "total_trip_distance": 5147.9595, "total_trip_duration": 57.888817, "total_freight_value": 897973.0, "trip_transport_costs": 29243.0, "cst_per_tonne": 11.0, "cst_per_tonne_km": 0.21397998195017257, "co2_tn": 11.864066}, {"commodity": "Canola", "industry": "grains", "sector": "cropping", "trips_count": 14, "trailer_loads": 209.14063000000004, "tonnes": 5228.5176, "tonne_kms": 375546.2, "tonnes_per_trailer": 25.000002, "avg_trip_distance": 65.676315, "avg_trip_duration": 0.7380145, "total_trip_distance": 13482.805, "total_trip_duration": 151.87346, "total_freight_value": 3649504.0, "trip_transport_costs": 73668.0, "cst_per_tonne": 14.0, "cst_per_tonne_km": 0.19616145945409674, "co2_tn": 31.581272}, {"commodity": "Rice", "industry": "grains", "sector": "cropping", "trips_count": 75, "trailer_loads": 436.36350000000016, "tonnes": 9600.0, "tonne_kms": 395767.6, "tonnes_per_trailer": 22.000015, "avg_trip_distance": 37.164154, "avg_trip_duration": 0.42252877, "total_trip_distance": 16898.05, "total_trip_duration": 192.35532, "total_freight_value": 19200000.0, "trip_transport_costs": 101815.0, "cst_per_tonne": 11.0, "cst_per_tonne_km": 0.2572593751914793, "co2_tn": 38.83502}, {"commodity": "Wheat", "industry": "grains", "sector": "cropping", "trips_count": 31, "trailer_loads": 650.6114599999999, "tonnes": 16265.298, "tonne_kms": 1020402.4, "tonnes_per_trailer": 25.0, "avg_trip_distance": 57.92426, "avg_trip_duration": 0.6530418, "total_trip_distance": 37084.367, "total_trip_duration": 419.59546, "total_freight_value": 6668777.0, "trip_transport_costs": 205924.0, "cst_per_tonne": 13.0, "cst_per_tonne_km": 0.20180665398164316, "co2_tn": 86.60773}], "LGA_11600": [{"commodity": "Wheat", "industry": "grains", "sector": "cropping", "trips_count": 18, "trailer_loads": 278.31079000000005, "tonnes": 6957.769, "tonne_kms": 1838496.8, "tonnes_per_trailer": 24.999998, "avg_trip_distance": 140.93823, "avg_trip_duration": 1.5275518, "total_trip_distance": 37780.39, "total_trip_duration": 412.84705, "total_freight_value": 2852688.0, "trip_transport_costs": 238743.0, "cst_per_tonne": 34.0, "cst_per_tonne_km": 0.12985779285546908, "co2_tn": 123.3276}, {"commodity": "Small Cattle", "industry": "livestock", "sector": "livestock", "trips_count": 7, "trailer_loads": 35.0, "tonnes": 700.0, "tonne_kms": 169549.39, "tonnes_per_trailer": 20.0, "avg_trip_distance": 125.85457, "avg_trip_duration": 1.3465345, "total_trip_distance": 4404.91, "total_trip_duration": 47.128708, "total_freight_value": 1508500.0, "trip_transport_costs": 27847.0, "cst_per_tonne": 40.0, "cst_per_tonne_km": 0.16424379756461085, "co2_tn": 14.220421}], "LGA_12730": [{"commodity": "Barley", "industry": "grains", "sector": "cropping", "trips_count": 8, "trailer_loads": 324.27162999999996, "tonnes": 8106.79, "tonne_kms": 193720.3, "tonnes_per_trailer": 24.999994, "avg_trip_distance": 40.460144, "avg_trip_duration": 0.48115376, "total_trip_distance": 7748.8115, "total_trip_duration": 99.82649, "total_freight_value": 2756308.0, "trip_transport_costs": 54949.0, "cst_per_tonne": 7.0, "cst_per_tonne_km": 0.2836502391288979, "co2_tn": 17.74357}, {"commodity": "Wheat", "industry": "grains", "sector": "cropping", "trips_count": 13, "trailer_loads": 819.43643, "tonnes": 20485.928, "tonne_kms": 336557.2, "tonnes_per_trailer": 24.999996, "avg_trip_distance": 29.315353, "avg_trip_duration": 0.36113507, "total_trip_distance": 12189.219, "total_trip_duration": 176.21649, "total_freight_value": 8399213.0, "trip_transport_costs": 110703.0, "cst_per_tonne": 5.0, "cst_per_tonne_km": 0.32892831685249435, "co2_tn": 30.307444}, {"commodity": "Rice", "industry": "grains", "sector": "cropping", "trips_count": 134, "trailer_loads": 2095.4552900000012, "tonnes": 46100.0, "tonne_kms": 1180968.8, "tonnes_per_trailer": 21.999994, "avg_trip_distance": 26.385632, "avg_trip_duration": 0.35473737, "total_trip_distance": 48887.88, "total_trip_duration": 671.3847, "total_freight_value": 92200000.0, "trip_transport_costs": 365911.0, "cst_per_tonne": 8.0, "cst_per_tonne_km": 0.3098394132366172, "co2_tn": 121.35982}, {"commodity": "Small Cattle", "industry": "livestock", "sector": "livestock", "trips_count": 7, "trailer_loads": 50.0, "tonnes": 1000.0, "tonne_kms": 28430.0, "tonnes_per_trailer": 20.0, "avg_trip_distance": 26.410357, "avg_trip_duration": 0.28676072, "total_trip_distance": 1039.3025, "total_trip_duration": 11.246542, "total_freight_value": 2155000.0, "trip_transport_costs": 8199.0, "cst_per_tonne": 8.0, "cst_per_tonne_km": 0.28840031471212174, "co2_tn": 2.7128086}], "LGA_12870": [{"commodity": "Barley", "industry": "grains", "sector": "cropping", "trips_count": 7, "trailer_loads": 202.55329, "tonnes": 5063.8403, "tonne_kms": 696238.5, "tonnes_per_trailer": 25.000023, "avg_trip_distance": 113.859024, "avg_trip_duration": 1.2772636, "total_trip_distance": 27442.043, "total_trip_duration": 310.58633, "total_freight_value": 1721704.0, "trip_transport_costs": 130896.0, "cst_per_tonne": 26.0, "cst_per_tonne_km": 0.1880039647170788, "co2_tn": 61.300358}, {"commodity": "Wheat", "industry": "grains", "sector": "cropping", "trips_count": 9, "trailer_loads": 248.39705000000004, "tonnes": 6209.9316, "tonne_kms": 735060.9, "tonnes_per_trailer": 25.000017, "avg_trip_distance": 121.45703, "avg_trip_duration": 1.3650894, "total_trip_distance": 25610.62, "total_trip_duration": 289.36478, "total_freight_value": 2546071.0, "trip_transport_costs": 131841.0, "cst_per_tonne": 21.0, "cst_per_tonne_km": 0.17936113592717745, "co2_tn": 61.771355}], "LGA_13450": [{"commodity": "Wheat", "industry": "grains", "sector": "cropping", "trips_count": 6, "trailer_loads": 168.8676, "tonnes": 4221.696, "tonne_kms": 884185.56, "tonnes_per_trailer": 25.000032, "avg_trip_distance": 142.79399, "avg_trip_duration": 1.5708894, "total_trip_distance": 18531.996, "total_trip_duration": 206.03606, "total_freight_value": 1730895.0, "trip_transport_costs": 118442.0, "cst_per_tonne": 28.0, "cst_per_tonne_km": 0.13395615487052387, "co2_tn": 59.79443}], "LGA_15520": [{"commodity": "Rice", "industry": "grains", "sector": "cropping", "trips_count": 56, "trailer_loads": 390.9090800000001, "tonnes": 8600.0, "tonne_kms": 545215.0, "tonnes_per_trailer": 22.000011, "avg_trip_distance": 62.034046, "avg_trip_duration": 0.695211, "total_trip_distance": 20999.598, "total_trip_duration": 234.17015, "total_freight_value": 17200000.0, "trip_transport_costs": 121456.0, "cst_per_tonne": 14.0, "cst_per_tonne_km": 0.22276676582002064, "co2_tn": 51.312424}, {"commodity": "Small Cattle", "industry": "livestock", "sector": "livestock", "trips_count": 12, "trailer_loads": 60.0, "tonnes": 1200.0, "tonne_kms": 127634.0, "tonnes_per_trailer": 20.0, "avg_trip_distance": 88.60812, "avg_trip_duration": 0.9916169, "total_trip_distance": 5057.3076, "total_trip_duration": 56.58565, "total_freight_value": 2586000.0, "trip_transport_costs": 28111.0, "cst_per_tonne": 23.0, "cst_per_tonne_km": 0.22024780877888023, "co2_tn": 12.816389}], "LGA_15560": [{"commodity": "Wheat", "industry": "grains", "sector": "cropping", "trips_count": 14, "trailer_loads": 230.10554000000005, "tonnes": 5752.642, "tonne_kms": 812599.7, "tonnes_per_trailer": 25.000004, "avg_trip_distance": 113.186386, "avg_trip_duration": 1.2349707, "total_trip_distance": 21318.625, "total_trip_duration": 233.12776, "total_freight_value": 2358583.0, "trip_transport_costs": 124729.0, "cst_per_tonne": 22.0, "cst_per_tonne_km": 0.15349421912273073, "co2_tn": 59.604607}, {"commodity": "Rice", "industry": "grains", "sector": "cropping",