{"orig_lga": "LGA_14650", "orig_name": "Lake Macquarie (C)", "orig_state": "NSW", "fetched_at": "2026-03-16T08:52:39.356407+00:00", "destinations": {"LGA_10750": [{"commodity": "Grains", "industry": "grains", "sector": "cropping", "trips_count": 43, "trailer_loads": 150.34698000000003, "tonnes": 3758.6736, "tonne_kms": 601910.3, "tonnes_per_trailer": 25.0, "avg_trip_distance": 157.5468, "avg_trip_duration": 1.7253335, "total_trip_distance": 24076.412, "total_trip_duration": 263.77185, "total_freight_value": 1879339.0, "trip_transport_costs": 111296.0, "cst_per_tonne": 30.0, "cst_per_tonne_km": 0.18490497969550596, "co2_tn": 52.940636}], "LGA_11650": [{"commodity": "Boxed Chicken", "industry": "meat", "sector": "cold_food", "trips_count": 17, "trailer_loads": 250.49375999999995, "tonnes": 4508.8857, "tonne_kms": 262200.94, "tonnes_per_trailer": 18.000013, "avg_trip_distance": 60.249664, "avg_trip_duration": 0.7468402, "total_trip_distance": 14566.719, "total_trip_duration": 170.51724, "total_freight_value": 81159985.0, "trip_transport_costs": 79476.0, "cst_per_tonne": 18.0, "cst_per_tonne_km": 0.3031105483140465, "co2_tn": 32.463703}, {"commodity": "Grains", "industry": "grains", "sector": "cropping", "trips_count": 267, "trailer_loads": 1051.5401699999995, "tonnes": 26288.479, "tonne_kms": 2329941.5, "tonnes_per_trailer": 25.000002, "avg_trip_distance": 87.67719, "avg_trip_duration": 0.97938395, "total_trip_distance": 93197.664, "total_trip_duration": 1044.9193, "total_freight_value": 13144257.0, "trip_transport_costs": 462958.0, "cst_per_tonne": 18.0, "cst_per_tonne_km": 0.19869922503829826, "co2_tn": 205.70012}, {"commodity": "Flour", "industry": "food", "sector": "food", "trips_count": 15, "trailer_loads": 110.73159999999999, "tonnes": 2214.6294, "tonne_kms": 140223.86, "tonnes_per_trailer": 19.999977, "avg_trip_distance": 58.866066, "avg_trip_duration": 0.6681454, "total_trip_distance": 7011.1934, "total_trip_duration": 79.36736, "total_freight_value": 3321947.0, "trip_transport_costs": 36930.0, "cst_per_tonne": 17.0, "cst_per_tonne_km": 0.2633614780737877, "co2_tn": 15.573111}, {"commodity": "Bread", "industry": "food", "sector": "food", "trips_count": 15, "trailer_loads": 360.3467999999999, "tonnes": 2342.2507, "tonne_kms": 145662.52, "tonnes_per_trailer": 6.499992, "avg_trip_distance": 60.632015, "avg_trip_duration": 0.6882841, "total_trip_distance": 22409.617, "total_trip_duration": 255.40025, "total_freight_value": 17566911.0, "trip_transport_costs": 119893.0, "cst_per_tonne": 51.0, "cst_per_tonne_km": 0.8230893454915745, "co2_tn": 49.834293}, {"commodity": "Household Waste", "industry": "waste", "sector": "waste", "trips_count": 51, "trailer_loads": 1101.6000000000004, "tonnes": 11016.0, "tonne_kms": 221339.3, "tonnes_per_trailer": 10.0, "avg_trip_distance": 19.727211, "avg_trip_duration": 0.24418427, "total_trip_distance": 22133.93, "total_trip_duration": 273.97476, "total_freight_value": 1101600.0, "trip_transport_costs": 165988.0, "cst_per_tonne": 15.0, "cst_per_tonne_km": 0.7499242724864225, "co2_tn": 49.737442}], "LGA_11720": [{"commodity": "Grains", "industry": "grains", "sector": "cropping", "trips_count": 37, "trailer_loads": 200.46264000000005, "tonnes": 5011.5674, "tonne_kms": 203791.16, "tonnes_per_trailer": 25.000006, "avg_trip_distance": 39.023193, "avg_trip_duration": 0.47773758, "total_trip_distance": 8151.646, "total_trip_duration": 100.384415, "total_freight_value": 2505783.0, "trip_transport_costs": 48242.0, "cst_per_tonne": 10.0, "cst_per_tonne_km": 0.23672361343718987, "co2_tn": 18.199133}, {"commodity": "Large Cattle", "industry": "livestock", "sector": "livestock", "trips_count": 7, "trailer_loads": 31.818149999999996, "tonnes": 700.0, "tonne_kms": 27913.0, "tonnes_per_trailer": 22.000023, "avg_trip_distance": 36.25065, "avg_trip_duration": 0.46902815, "total_trip_distance": 1268.7727, "total_trip_duration": 16.415985, "total_freight_value": 4326000.0, "trip_transport_costs": 7633.0, "cst_per_tonne": 11.0, "cst_per_tonne_km": 0.2734635645241469, "co2_tn": 2.8425596}], "LGA_12380": [], "LGA_12700": [{"commodity": "Grains", "industry": "grains", "sector": "cropping", "trips_count": 55, "trailer_loads": 236.39467000000008, "tonnes": 5909.868, "tonne_kms": 421245.16, "tonnes_per_trailer": 25.0, "avg_trip_distance": 69.93496, "avg_trip_duration": 0.920834, "total_trip_distance": 16849.807, "total_trip_duration": 221.12627, "total_freight_value": 2954935.0, "trip_transport_costs": 90497.0, "cst_per_tonne": 15.0, "cst_per_tonne_km": 0.21483252157549843, "co2_tn": 38.041035}], "LGA_13800": [{"commodity": "Grains", "industry": "grains", "sector": "cropping", "trips_count": 6, "trailer_loads": 17.68788, "tonnes": 442.197, "tonne_kms": 75898.99, "tonnes_per_trailer": 25.0, "avg_trip_distance": 168.66441, "avg_trip_duration": 1.8853506, "total_trip_distance": 3035.9595, "total_trip_duration": 33.93631, "total_freight_value": 221099.0, "trip_transport_costs": 14033.0, "cst_per_tonne": 32.0, "cst_per_tonne_km": 0.18489585343740675, "co2_tn": 6.6912875}], "LGA_14000": [{"commodity": "Chicken", "industry": "meat", "sector": "cold_food", "trips_count": 11, "trailer_loads": 76.25406000000001, "tonnes": 991.3023, "tonne_kms": 94057.28, "tonnes_per_trailer": 12.999994, "avg_trip_distance": 93.02761, "avg_trip_duration": 1.0825896, "total_trip_distance": 7235.176, "total_trip_duration": 84.51562, "total_freight_value": 5947813.0, "trip_transport_costs": 36007.0, "cst_per_tonne": 36.0, "cst_per_tonne_km": 0.3828180105839759, "co2_tn": 16.081322}], "LGA_14650": [{"commodity": "Chicken", "industry": "meat", "sector": "cold_food", "trips_count": 12, "trailer_loads": 287.4191, "tonnes": 3736.4458, "tonne_kms": 162194.47, "tonnes_per_trailer": 12.99999, "avg_trip_distance": 42.522358, "avg_trip_duration": 0.49306032, "total_trip_distance": 12476.497, "total_trip_duration": 144.61835, "total_freight_value": 22418690.0, "trip_transport_costs": 71636.0, "cst_per_tonne": 19.0, "cst_per_tonne_km": 0.44166578018420405, "co2_tn": 27.6808}, {"commodity": "Boxed Chicken", "industry": "meat", "sector": "cold_food", "trips_count": 39, "trailer_loads": 407.9942800000002, "tonnes": 7343.9043, "tonne_kms": 68367.28, "tonnes_per_trailer": 18.00002, "avg_trip_distance": 6.5026145, "avg_trip_duration": 0.106895246, "total_trip_distance": 3798.1821, "total_trip_duration": 60.419525, "total_freight_value": 132190292.0, "trip_transport_costs": 44799.0, "cst_per_tonne": 6.0, "cst_per_tonne_km": 0.6552634599709369, "co2_tn": 8.942965}, {"commodity": "Grains", "industry": "grains", "sector": "cropping", "trips_count": 34, "trailer_loads": 247.63036000000008, "tonnes": 6190.7617, "tonne_kms": 270785.03, "tonnes_per_trailer": 25.00001, "avg_trip_distance": 42.78848, "avg_trip_duration": 0.49879754, "total_trip_distance": 10831.401, "total_trip_duration": 126.3365, "total_freight_value": 3095378.0, "trip_transport_costs": 62182.0, "cst_per_tonne": 10.0, "cst_per_tonne_km": 0.22963506555837473, "co2_tn": 24.077003}, {"commodity": "Bread", "industry": "food", "sector": "food", "trips_count": 7, "trailer_loads": 96.16566999999999, "tonnes": 625.0766, "tonne_kms": 9239.529, "tonnes_per_trailer": 6.4999967, "avg_trip_distance": 13.2019, "avg_trip_duration": 0.20137654, "total_trip_distance": 1421.4661, "total_trip_duration": 20.639559, "total_freight_value": 4688069.0, "trip_transport_costs": 12869.0, "cst_per_tonne": 21.0, "cst_per_tonne_km": 1.3928273484829419, "co2_tn": 3.2820046}, {"commodity": "Flour", "industry": "food", "sector": "food", "trips_count": 7, "trailer_loads": 37.67778, "tonnes": 753.5558, "tonne_kms": 10011.107, "tonnes_per_trailer": 19.999998, "avg_trip_distance": 12.41511, "avg_trip_duration": 0.18844368, "total_trip_distance": 500.5554, "total_trip_duration": 7.5506897, "total_freight_value": 1130332.0, "trip_transport_costs": 4706.0, "cst_per_tonne": 6.0, "cst_per_tonne_km": 0.4700932437203052, "co2_tn": 1.1642951}, {"commodity": "Household Waste",