{"orig_lga": "LGA_24850", "orig_name": "Mitchell (S)", "orig_state": "VIC", "fetched_at": "2026-03-12T07:29:10.674507+00:00", "destinations": {"LGA_12730": [], "LGA_20110": [], "LGA_21180": [{"industry": "livestock", "sector": "livestock", "trips_count": 17, "trailer_loads": 106.72726, "tonnes": 1340.0, "tonne_kms": 124862.16, "tonnes_per_trailer": 12.823533, "avg_trip_distance": 90.31402, "avg_trip_duration": 1.0248859, "total_trip_distance": 6660.944, "total_trip_duration": 75.80902, "total_freight_value": 8970000.0, "trip_transport_costs": 41698.0, "cst_per_tonne": 31.0, "cst_per_tonne_km": 0.3339562106409721, "co2_tn": 19.816198}], "LGA_21270": [], "LGA_21370": [{"industry": "grains", "sector": "cropping", "trips_count": 25, "trailer_loads": 335.9951999999999, "tonnes": 8399.88, "tonne_kms": 1132554.9, "tonnes_per_trailer": 25.0, "avg_trip_distance": 125.97933, "avg_trip_duration": 1.3860047, "total_trip_distance": 30201.465, "total_trip_duration": 333.07474, "total_freight_value": 4199940.0, "trip_transport_costs": 179113.0, "cst_per_tonne": 21.0, "cst_per_tonne_km": 0.15814953425632164, "co2_tn": 89.37535}, {"industry": "livestock", "sector": "livestock", "trips_count": 8, "trailer_loads": 42.54545, "tonnes": 680.0, "tonne_kms": 88986.26, "tonnes_per_trailer": 16.500004, "avg_trip_distance": 116.102234, "avg_trip_duration": 1.279453, "total_trip_distance": 3715.2715, "total_trip_duration": 40.942497, "total_freight_value": 2920000.0, "trip_transport_costs": 22092.0, "cst_per_tonne": 32.0, "cst_per_tonne_km": 0.24826208955982587, "co2_tn": 10.989111}], "LGA_21450": [{"industry": "grains", "sector": "cropping", "trips_count": 6, "trailer_loads": 22.683790000000002, "tonnes": 567.09503, "tonne_kms": 64493.934, "tonnes_per_trailer": 25.00002, "avg_trip_distance": 84.81851, "avg_trip_duration": 1.0330341, "total_trip_distance": 1719.8381, "total_trip_duration": 20.89891, "total_freight_value": 283548.0, "trip_transport_costs": 10593.0, "cst_per_tonne": 19.0, "cst_per_tonne_km": 0.16424210455961588, "co2_tn": 5.136884}], "LGA_22250": [{"industry": "grains", "sector": "cropping", "trips_count": 11, "trailer_loads": 159.88320000000004, "tonnes": 3997.08, "tonne_kms": 912213.1, "tonnes_per_trailer": 25.0, "avg_trip_distance": 221.9562, "avg_trip_duration": 2.4916108, "total_trip_distance": 24325.684, "total_trip_duration": 273.5929, "total_freight_value": 1998540.0, "trip_transport_costs": 137974.0, "cst_per_tonne": 35.0, "cst_per_tonne_km": 0.15125141118851748, "co2_tn": 72.031235}], "LGA_22620": [{"industry": "grains", "sector": "cropping", "trips_count": 30, "trailer_loads": 198.40303, "tonnes": 4960.073, "tonne_kms": 565725.5, "tonnes_per_trailer": 24.999994, "avg_trip_distance": 99.57149, "avg_trip_duration": 1.1858726, "total_trip_distance": 15086.015, "total_trip_duration": 178.85616, "total_freight_value": 2455528.0, "trip_transport_costs": 92743.0, "cst_per_tonne": 19.0, "cst_per_tonne_km": 0.16393576448999447, "co2_tn": 45.08457}], "LGA_22750": [{"industry": "grains", "sector": "cropping", "trips_count": 8, "trailer_loads": 32.05176, "tonnes": 801.2946, "tonne_kms": 108114.13, "tonnes_per_trailer": 25.000023, "avg_trip_distance": 102.962326, "avg_trip_duration": 1.0922587, "total_trip_distance": 2883.0435, "total_trip_duration": 30.673254, "total_freight_value": 376138.0, "trip_transport_costs": 16950.0, "cst_per_tonne": 21.0, "cst_per_tonne_km": 0.15678039900000054, "co2_tn": 8.475761}, {"industry": "livestock", "sector": "livestock", "trips_count": 8, "trailer_loads": 44.54545, "tonnes": 600.0, "tonne_kms": 91472.6, "tonnes_per_trailer": 14.000003, "avg_trip_distance": 145.70242, "avg_trip_duration": 1.5764683, "total_trip_distance": 4662.4775, "total_trip_duration": 50.446987, "total_freight_value": 3018000.0, "trip_transport_costs": 27080.0, "cst_per_tonne": 45.0, "cst_per_tonne_km": 0.29604929729214524, "co2_tn": 13.7647705}, {"industry": "wood_product", "sector": "wood_product", "trips_count": 7, "trailer_loads": 509.2594, "tonnes": 9166.672, "tonne_kms": 1387160.8, "tonnes_per_trailer": 18.000002, "avg_trip_distance": 152.3773, "avg_trip_duration": 1.6974863, "total_trip_distance": 51376.324, "total_trip_duration": 570.87634, "total_freight_value": 2383334.0, "trip_transport_costs": 302318.0, "cst_per_tonne": 33.0, "cst_per_tonne_km": 0.2179402327515034, "co2_tn": 152.10803}], "LGA_22830": [{"industry": "grains", "sector": "cropping", "trips_count": 21, "trailer_loads": 236.06263000000007, "tonnes": 5901.565, "tonne_kms": 630790.56, "tonnes_per_trailer": 24.999996, "avg_trip_distance": 95.94752, "avg_trip_duration": 1.0191413, "total_trip_distance": 16821.08, "total_trip_duration": 179.27846, "total_freight_value": 2966026.0, "trip_transport_costs": 101582.0, "cst_per_tonne": 17.0, "cst_per_tonne_km": 0.16103915745075947, "co2_tn": 49.680466}, {"industry": "livestock", "sector": "livestock", "trips_count": 10, "trailer_loads": 60.0, "tonnes": 900.0, "tonne_kms": 102964.7, "tonnes_per_trailer": 15.0, "avg_trip_distance": 103.99063, "avg_trip_duration": 1.1423424, "total_trip_distance": 4513.9365, "total_trip_duration": 49.49689, "total_freight_value": 3393000.0, "trip_transport_costs": 27251.0, "cst_per_tonne": 30.0, "cst_per_tonne_km": 0.264667225730116, "co2_tn": 13.376238}], "LGA_23940": [{"industry": "grains", "sector": "cropping", "trips_count": 17, "trailer_loads": 277.1292400000001, "tonnes": 6928.232, "tonne_kms": 1262955.9, "tonnes_per_trailer": 25.000006, "avg_trip_distance": 168.02066, "avg_trip_duration": 1.9025265, "total_trip_distance": 33678.82, "total_trip_duration": 383.05228, "total_freight_value": 3457186.0, "trip_transport_costs": 195273.0, "cst_per_tonne": 28.0, "cst_per_tonne_km": 0.1546162078862155, "co2_tn": 99.85824}], "LGA_24130": [{"industry": "waste", "sector": "waste", "trips_count": 11, "trailer_loads": 237.59999999999997, "tonnes": 2376.0, "tonne_kms": 46694.016, "tonnes_per_trailer": 10.0, "avg_trip_distance": 19.295048, "avg_trip_duration": 0.22652777, "total_trip_distance": 4669.4014, "total_trip_duration": 54.81972, "total_freight_value": 237600.0, "trip_transport_costs": 35253.0, "cst_per_tonne": 15.0, "cst_per_tonne_km": 0.7549844271649507, "co2_tn": 10.4099245}], "LGA_24600": [], "LGA_24650": [], "LGA_24850": [{"industry": "meat", "sector": "cold_food", "trips_count": 6, "trailer_loads": 19.199406, "tonnes": 345.58942, "tonne_kms": 2280.9597, "tonnes_per_trailer": 18.0, "avg_trip_distance": 7.011504, "avg_trip_duration": 0.09356691, "total_trip_distance": 126.71998, "total_trip_duration": 1.6260455, "total_freight_value": 11404448.0, "trip_transport_costs": 1812.0, "cst_per_tonne": 5.0, "cst_per_tonne_km": 0.7944563505833522, "co2_tn": 0.2854851}, {"industry": "waste", "sector": "waste", "trips_count": 83, "trailer_loads": 3188.1599999999976, "tonnes": 31881.602, "tonne_kms": 419514.66, "tonnes_per_trailer": 10.0, "avg_trip_distance": 9.716106, "avg_trip_duration": 0.11666176, "total_trip_distance": 34411.156, "total_trip_duration": 410.24933, "total_freight_value": 3188160.0, "trip_transport_costs": 363843.0, "cst_per_tonne": 11.0, "cst_per_tonne_km": 0.8672941260749308, "co2_tn": 88.51626}], "LGA_24900": [{"industry": "grains", "sector": "cropping", "trips_count": 20, "trailer_loads": 261.25920000000013, "tonnes": 6531.48, "tonne_kms": 1043493.25, "tonnes_per_trailer": 25.0, "avg_trip_distance": 151.81528, "avg_trip_duration": 1.6448551, "total_trip_distance": 27826.486, "total_trip_duration": 301.5349, "total_freight_value": 3265740.0, "trip_transport_costs": 161803.0, "cst_per_tonne": 25.0, "cst_per_tonne_km": 0.15505876081486092, "co2_tn": 82.23783}], "LGA_25340": [{"industry": "grains", "sector": "cropping", "trips_count": 19, "trailer_loads": 68.05136000000002, "tonnes": 1701.2849, "tonne_kms": 248236.47, "tonnes_per_trailer": 25.000023, "avg_trip_distance": 107.37445, "avg_trip_duration": 1.3730063, "total_trip_distance": 6619.639, "total_trip_duration": 84.66351,