{"orig_lga": "LGA_22170", "orig_name": "Frankston (C)", "orig_state": "VIC", "fetched_at": "2026-03-12T07:08:42.586826+00:00", "destinations": {"LGA_21610": [], "LGA_22170": [{"industry": "waste", "sector": "waste", "trips_count": 273, "trailer_loads": 10486.80000000002, "tonnes": 104868.0, "tonne_kms": 771579.9, "tonnes_per_trailer": 10.0, "avg_trip_distance": 8.203724, "avg_trip_duration": 0.13167806, "total_trip_distance": 77157.984, "total_trip_duration": 1222.6635, "total_freight_value": 10486800.0, "trip_transport_costs": 1024495.0, "cst_per_tonne": 10.0, "cst_per_tonne_km": 1.3277892407716032, "co2_tn": 183.1468}], "LGA_22670": [{"industry": "waste", "sector": "waste", "trips_count": 10, "trailer_loads": 215.99999999999997, "tonnes": 2160.0, "tonne_kms": 22706.785, "tonnes_per_trailer": 10.0, "avg_trip_distance": 10.321265, "avg_trip_duration": 0.15876164, "total_trip_distance": 2270.6785, "total_trip_duration": 34.92756, "total_freight_value": 216000.0, "trip_transport_costs": 24259.0, "cst_per_tonne": 11.0, "cst_per_tonne_km": 1.0683425499880699, "co2_tn": 5.3420644}], "LGA_23430": [{"industry": "meat", "sector": "cold_food", "trips_count": 7, "trailer_loads": 39.868176, "tonnes": 717.6293, "tonne_kms": 6163.4497, "tonnes_per_trailer": 18.000051, "avg_trip_distance": 7.5200157, "avg_trip_duration": 0.11638904, "total_trip_distance": 342.41388, "total_trip_duration": 5.2791114, "total_freight_value": 23759631.0, "trip_transport_costs": 4223.0, "cst_per_tonne": 6.0, "cst_per_tonne_km": 0.6851054856728869, "co2_tn": 0.80710375}], "LGA_24600": [], "LGA_24970": [], "LGA_25340": [{"industry": "meat", "sector": "cold_food", "trips_count": 12, "trailer_loads": 373.9735, "tonnes": 4861.654, "tonne_kms": 36504.984, "tonnes_per_trailer": 12.999995, "avg_trip_distance": 7.929876, "avg_trip_duration": 0.10733693, "total_trip_distance": 2808.0757, "total_trip_duration": 38.309593, "total_freight_value": 29169910.0, "trip_transport_costs": 36111.0, "cst_per_tonne": 7.0, "cst_per_tonne_km": 0.989215751225538, "co2_tn": 6.426023}, {"industry": "waste", "sector": "waste", "trips_count": 40, "trailer_loads": 864.0000000000006, "tonnes": 8640.0, "tonne_kms": 102341.88, "tonnes_per_trailer": 10.0, "avg_trip_distance": 11.629759, "avg_trip_duration": 0.1615361, "total_trip_distance": 10234.1875, "total_trip_duration": 142.15176, "total_freight_value": 864000.0, "trip_transport_costs": 100506.0, "cst_per_tonne": 12.0, "cst_per_tonne_km": 0.9820595343304355, "co2_tn": 23.312267}], "LGA_27260": [{"industry": "meat", "sector": "cold_food", "trips_count": 10, "trailer_loads": 254.29589999999996, "tonnes": 4271.051, "tonne_kms": 243455.5, "tonnes_per_trailer": 13.999987, "avg_trip_distance": 55.870632, "avg_trip_duration": 0.6615585, "total_trip_distance": 9780.947, "total_trip_duration": 127.12126, "total_freight_value": 119444560.0, "trip_transport_costs": 70162.0, "cst_per_tonne": 16.0, "cst_per_tonne_km": 0.28819328223853413, "co2_tn": 29.540438}]}}