{"orig_lga": "LGA_25990", "orig_name": "Pyrenees (S)", "orig_state": "VIC", "fetched_at": "2026-03-12T07:39:08.502912+00:00", "destinations": {"LGA_20570": [{"industry": "vegetables", "sector": "horticulture", "trips_count": 10, "trailer_loads": 96.3783253, "tonnes": 2023.9443, "tonne_kms": 68543.41, "tonnes_per_trailer": 20.99999, "avg_trip_distance": 27.25131, "avg_trip_duration": 0.2972687, "total_trip_distance": 2175.9812, "total_trip_duration": 23.504032, "total_freight_value": 9107755.0, "trip_transport_costs": 17749.0, "cst_per_tonne": 9.0, "cst_per_tonne_km": 0.25894208898387744, "co2_tn": 6.4536605}, {"industry": "livestock", "sector": "livestock", "trips_count": 78, "trailer_loads": 1683.0, "tonnes": 16980.0, "tonne_kms": 903262.6, "tonnes_per_trailer": 10.384615, "avg_trip_distance": 58.547043, "avg_trip_duration": 0.6555142, "total_trip_distance": 60070.227, "total_trip_duration": 671.22784, "total_freight_value": 117406500.0, "trip_transport_costs": 418231.0, "cst_per_tonne": 25.0, "cst_per_tonne_km": 0.46302258403522606, "co2_tn": 176.87347}], "LGA_20830": [{"industry": "grains", "sector": "cropping", "trips_count": 7, "trailer_loads": 57.64955, "tonnes": 1325.9401, "tonne_kms": 387894.28, "tonnes_per_trailer": 23.000006, "avg_trip_distance": 267.6979, "avg_trip_duration": 2.9163358, "total_trip_distance": 11243.3125, "total_trip_duration": 122.48611, "total_freight_value": 397782.0, "trip_transport_costs": 62447.0, "cst_per_tonne": 47.0, "cst_per_tonne_km": 0.16098906660859671, "co2_tn": 33.2219}], "LGA_21370": [{"industry": "grains", "sector": "cropping", "trips_count": 13, "trailer_loads": 107.06344999999996, "tonnes": 2462.46, "tonne_kms": 517816.5, "tonnes_per_trailer": 23.000006, "avg_trip_distance": 192.42531, "avg_trip_duration": 2.1993263, "total_trip_distance": 15009.174, "total_trip_duration": 171.54744, "total_freight_value": 738738.0, "trip_transport_costs": 86168.0, "cst_per_tonne": 35.0, "cst_per_tonne_km": 0.1664061253404319, "co2_tn": 44.58626}, {"industry": "livestock", "sector": "livestock", "trips_count": 7, "trailer_loads": 52.42423, "tonnes": 1133.334, "tonne_kms": 221651.2, "tonnes_per_trailer": 21.42859, "avg_trip_distance": 170.06091, "avg_trip_duration": 1.9363791, "total_trip_distance": 6859.1704, "total_trip_duration": 77.42658, "total_freight_value": 6199000.0, "trip_transport_costs": 39506.0, "cst_per_tonne": 35.0, "cst_per_tonne_km": 0.1782334998445968, "co2_tn": 20.321205}], "LGA_21750": [{"industry": "grains", "sector": "cropping", "trips_count": 15, "trailer_loads": 123.53474999999995, "tonnes": 2841.2998, "tonne_kms": 395691.56, "tonnes_per_trailer": 23.000006, "avg_trip_distance": 121.037224, "avg_trip_duration": 1.3483047, "total_trip_distance": 11520.521, "total_trip_duration": 128.46474, "total_freight_value": 852390.0, "trip_transport_costs": 68265.0, "cst_per_tonne": 24.0, "cst_per_tonne_km": 0.1725214336223447, "co2_tn": 33.9813}, {"industry": "livestock", "sector": "livestock", "trips_count": 15, "trailer_loads": 119.0, "tonnes": 1240.0, "tonne_kms": 160960.48, "tonnes_per_trailer": 10.666667, "avg_trip_distance": 129.2909, "avg_trip_duration": 1.4496517, "total_trip_distance": 10311.345, "total_trip_duration": 115.8029, "total_freight_value": 8195500.0, "trip_transport_costs": 61528.0, "cst_per_tonne": 50.0, "cst_per_tonne_km": 0.38225323445311854, "co2_tn": 30.522383}, {"industry": "wood_product", "sector": "wood_product", "trips_count": 14, "trailer_loads": 1088.48308, "tonnes": 21802.994, "tonne_kms": 3042816.5, "tonnes_per_trailer": 20.357157, "avg_trip_distance": 119.37516, "avg_trip_duration": 1.3558573, "total_trip_distance": 100127.59, "total_trip_duration": 1141.3342, "total_freight_value": 32687854.0, "trip_transport_costs": 604222.0, "cst_per_tonne": 28.0, "cst_per_tonne_km": 0.19857321028009484, "co2_tn": 300.84842}], "LGA_21830": [{"industry": "grains", "sector": "cropping", "trips_count": 50, "trailer_loads": 478.57953000000015, "tonnes": 11305.639, "tonne_kms": 1412527.5, "tonnes_per_trailer": 23.40001, "avg_trip_distance": 124.67987, "avg_trip_duration": 1.3884231, "total_trip_distance": 40244.62, "total_trip_duration": 446.7855, "total_freight_value": 4665014.0, "trip_transport_costs": 241260.0, "cst_per_tonne": 21.0, "cst_per_tonne_km": 0.17079999318804745, "co2_tn": 119.07393}], "LGA_22410": [{"industry": "grains", "sector": "cropping", "trips_count": 8, "trailer_loads": 65.8852, "tonnes": 1515.3601, "tonne_kms": 336102.1, "tonnes_per_trailer": 23.000006, "avg_trip_distance": 202.96022, "avg_trip_duration": 2.2979643, "total_trip_distance": 9742.09, "total_trip_duration": 110.302284, "total_freight_value": 454608.0, "trip_transport_costs": 55620.0, "cst_per_tonne": 37.0, "cst_per_tonne_km": 0.16548629295999812, "co2_tn": 28.885}, {"industry": "livestock", "sector": "livestock", "trips_count": 10, "trailer_loads": 55.0, "tonnes": 1100.0, "tonne_kms": 269652.6, "tonnes_per_trailer": 20.0, "avg_trip_distance": 207.15079, "avg_trip_duration": 2.3046808, "total_trip_distance": 8988.42, "total_trip_duration": 99.97994, "total_freight_value": 2108500.0, "trip_transport_costs": 50608.0, "cst_per_tonne": 46.0, "cst_per_tonne_km": 0.18767952243934702, "co2_tn": 26.548296}, {"industry": "wood_product", "sector": "wood_product", "trips_count": 79, "trailer_loads": 5606.443768000002, "tonnes": 106133.4, "tonne_kms": 26325396.0, "tonnes_per_trailer": 20.303804, "avg_trip_distance": 237.02013, "avg_trip_duration": 2.6713157, "total_trip_distance": 926909.2, "total_trip_duration": 10444.046, "total_freight_value": 48836666.0, "trip_transport_costs": 5245003.0, "cst_per_tonne": 49.0, "cst_per_tonne_km": 0.1992373938881777, "co2_tn": 2746.7412}], "LGA_22750": [{"industry": "grains", "sector": "cropping", "trips_count": 23, "trailer_loads": 444.76292000000007, "tonnes": 11119.064, "tonne_kms": 1489013.8, "tonnes_per_trailer": 25.000023, "avg_trip_distance": 139.58083, "avg_trip_duration": 1.5816462, "total_trip_distance": 39707.035, "total_trip_duration": 452.81027, "total_freight_value": 4743146.0, "trip_transport_costs": 236491.0, "cst_per_tonne": 21.0, "cst_per_tonne_km": 0.15882412677099186, "co2_tn": 117.710655}, {"industry": "livestock", "sector": "livestock", "trips_count": 17, "trailer_loads": 135.69695000000002, "tonnes": 1793.333, "tonne_kms": 257116.22, "tonnes_per_trailer": 13.764708, "avg_trip_distance": 132.67543, "avg_trip_duration": 1.464017, "total_trip_distance": 13122.406, "total_trip_duration": 144.5022, "total_freight_value": 10129000.0, "trip_transport_costs": 76973.0, "cst_per_tonne": 43.0, "cst_per_tonne_km": 0.2993719039680074, "co2_tn": 38.70184}], "LGA_25490": [{"industry": "grains", "sector": "cropping", "trips_count": 26, "trailer_loads": 214.12689999999986, "tonnes": 4924.919, "tonne_kms": 786466.5, "tonnes_per_trailer": 23.000006, "avg_trip_distance": 146.12904, "avg_trip_duration": 1.6056689, "total_trip_distance": 22796.13, "total_trip_duration": 250.48434, "total_freight_value": 1477476.0, "trip_transport_costs": 132734.0, "cst_per_tonne": 27.0, "cst_per_tonne_km": 0.16877252342091573, "co2_tn": 67.25833}, {"industry": "livestock", "sector": "livestock", "trips_count": 8, "trailer_loads": 45.0, "tonnes": 900.0, "tonne_kms": 125622.7, "tonnes_per_trailer": 20.0, "avg_trip_distance": 120.425285, "avg_trip_duration": 1.3015945, "total_trip_distance": 4187.4233, "total_trip_duration": 45.180832, "total_freight_value": 1939500.0, "trip_transport_costs": 24533.0, "cst_per_tonne": 27.0, "cst_per_tonne_km": 0.1952920831543811, "co2_tn": 12.314204}], "LGA_26810": [{"industry": "grains", "sector": "cropping", "trips_count": 7, "trailer_loads": 57.64955, "tonnes": 1325.9401, "tonne_kms": 516167.03, "tonnes_per_trailer": 23.000006, "avg_trip_distance": 356.22293, "avg_trip_duration": 3.8287132, "total_trip_distance": 14961.363, "total_trip_duration": 160.80595, "total_freight_value": 397782.0, "trip_transport_costs": 81834.0, "cst_per_tonne": 62.0,