{"orig_lga": "LGA_23110", "orig_name": "Hobsons Bay (C)", "orig_state": "VIC", "fetched_at": "2026-03-12T07:17:28.945381+00:00", "destinations": {"LGA_16700": [], "LGA_20570": [{"industry": "household_general", "sector": "general", "trips_count": 12, "trailer_loads": 1302.5947899999999, "tonnes": 16933.736, "tonne_kms": 1732767.5, "tonnes_per_trailer": 12.9999895, "avg_trip_distance": 95.7731, "avg_trip_duration": 1.0489613, "total_trip_distance": 147386.86, "total_trip_duration": 1618.3021, "total_freight_value": 677348976.0, "trip_transport_costs": 654698.0, "cst_per_tonne": 39.0, "cst_per_tonne_km": 0.3778338117572395, "co2_tn": 287.16092}, {"industry": "vehicles", "sector": "vehicles", "trips_count": 7, "trailer_loads": 86.51348999999999, "tonnes": 519.0821, "tonne_kms": 55006.574, "tonnes_per_trailer": 6.000008, "avg_trip_distance": 103.43431, "avg_trip_duration": 1.1131049, "total_trip_distance": 9167.763, "total_trip_duration": 98.8156, "total_freight_value": 15053360.0, "trip_transport_costs": 44001.0, "cst_per_tonne": 85.0, "cst_per_tonne_km": 0.7999245988565429, "co2_tn": 20.103128}], "LGA_20660": [], "LGA_21110": [], "LGA_21180": [{"industry": "household_general", "sector": "general", "trips_count": 14, "trailer_loads": 209.16915699999998, "tonnes": 2719.1985, "tonne_kms": 47871.875, "tonnes_per_trailer": 12.9999895, "avg_trip_distance": 16.004414, "avg_trip_duration": 0.24454436, "total_trip_distance": 4113.492, "total_trip_duration": 64.374954, "total_freight_value": 108767927.0, "trip_transport_costs": 30977.0, "cst_per_tonne": 11.0, "cst_per_tonne_km": 0.6470711192366301, "co2_tn": 8.435638}, {"industry": "fruit", "sector": "horticulture", "trips_count": 12, "trailer_loads": 335.288374, "tonnes": 6256.433, "tonne_kms": 46310.117, "tonnes_per_trailer": 18.916677, "avg_trip_distance": 5.6597157, "avg_trip_duration": 0.08786756, "total_trip_distance": 2481.804, "total_trip_duration": 38.530216, "total_freight_value": 30661271.0, "trip_transport_costs": 33551.0, "cst_per_tonne": 5.0, "cst_per_tonne_km": 0.7244854402187727, "co2_tn": 5.8343654}], "LGA_21610": [{"industry": "household_general", "sector": "general", "trips_count": 17, "trailer_loads": 1407.418869, "tonnes": 18296.451, "tonne_kms": 1090514.9, "tonnes_per_trailer": 12.999986, "avg_trip_distance": 54.158302, "avg_trip_duration": 0.62988853, "total_trip_distance": 86028.67, "total_trip_duration": 1002.07495, "total_freight_value": 731857354.0, "trip_transport_costs": 449669.0, "cst_per_tonne": 25.0, "cst_per_tonne_km": 0.4123456625350199, "co2_tn": 183.5192}], "LGA_21830": [], "LGA_21890": [], "LGA_22170": [{"industry": "household_general", "sector": "general", "trips_count": 12, "trailer_loads": 744.6716899999999, "tonnes": 9680.733, "tonne_kms": 566520.25, "tonnes_per_trailer": 12.99998, "avg_trip_distance": 52.91391, "avg_trip_duration": 0.72774816, "total_trip_distance": 45055.574, "total_trip_duration": 642.2959, "total_freight_value": 387229277.0, "trip_transport_costs": 248566.0, "cst_per_tonne": 26.0, "cst_per_tonne_km": 0.43875912502548453, "co2_tn": 98.90329}], "LGA_22620": [], "LGA_22670": [{"industry": "household_general", "sector": "general", "trips_count": 16, "trailer_loads": 9329.446392999998, "tonnes": 121282.79, "tonne_kms": 7202355.5, "tonnes_per_trailer": 12.99999, "avg_trip_distance": 48.060375, "avg_trip_duration": 0.5765003, "total_trip_distance": 390221.8, "total_trip_duration": 4549.632, "total_freight_value": 2337614488.0, "trip_transport_costs": 2577111.0, "cst_per_tonne": 21.0, "cst_per_tonne_km": 0.35781508255753086, "co2_tn": 1106.5386}, {"industry": "fruit", "sector": "horticulture", "trips_count": 12, "trailer_loads": 164.80565467, "tonnes": 3111.1304, "tonne_kms": 181441.1, "tonnes_per_trailer": 18.916656, "avg_trip_distance": 43.25216, "avg_trip_duration": 0.5180445, "total_trip_distance": 6407.635, "total_trip_duration": 76.74622, "total_freight_value": 14886105.0, "trip_transport_costs": 45073.0, "cst_per_tonne": 14.0, "cst_per_tonne_km": 0.24841680321474097, "co2_tn": 19.029306}], "LGA_22750": [{"industry": "household_general", "sector": "general", "trips_count": 14, "trailer_loads": 762.0440069999997, "tonnes": 9906.572, "tonne_kms": 555585.06, "tonnes_per_trailer": 12.999988, "avg_trip_distance": 53.326675, "avg_trip_duration": 0.6037112, "total_trip_distance": 44209.434, "total_trip_duration": 505.6057, "total_freight_value": 396262672.0, "trip_transport_costs": 231430.0, "cst_per_tonne": 23.0, "cst_per_tonne_km": 0.4165520648295676, "co2_tn": 93.565796}, {"industry": "vehicles", "sector": "vehicles", "trips_count": 6, "trailer_loads": 67.15049, "tonnes": 402.9039, "tonne_kms": 23308.652, "tonnes_per_trailer": 6.0000076, "avg_trip_distance": 55.291824, "avg_trip_duration": 0.6367008, "total_trip_distance": 3884.7754, "total_trip_duration": 44.77117, "total_freight_value": 11684190.0, "trip_transport_costs": 20847.0, "cst_per_tonne": 52.0, "cst_per_tonne_km": 0.894369504685341, "co2_tn": 8.556075}], "LGA_23110": [], "LGA_23190": [{"industry": "vehicles", "sector": "vehicles", "trips_count": 8, "trailer_loads": 80.88328999999999, "tonnes": 485.30066, "tonne_kms": 138585.1, "tonnes_per_trailer": 6.000007, "avg_trip_distance": 264.4245, "avg_trip_duration": 2.8683128, "total_trip_distance": 23097.514, "total_trip_duration": 250.6678, "total_freight_value": 14073693.0, "trip_transport_costs": 103151.0, "cst_per_tonne": 213.0, "cst_per_tonne_km": 0.744312007339579, "co2_tn": 50.673344}], "LGA_23270": [], "LGA_23430": [{"industry": "household_general", "sector": "general", "trips_count": 10, "trailer_loads": 646.2605529999998, "tonnes": 8401.389, "tonne_kms": 303549.88, "tonnes_per_trailer": 12.999985, "avg_trip_distance": 32.847076, "avg_trip_duration": 0.44288927, "total_trip_distance": 23827.736, "total_trip_duration": 321.1226, "total_freight_value": 336055316.0, "trip_transport_costs": 146004.0, "cst_per_tonne": 17.0, "cst_per_tonne_km": 0.4809882463066298, "co2_tn": 52.454422}], "LGA_23670": [{"industry": "household_general", "sector": "general", "trips_count": 13, "trailer_loads": 1176.750443, "tonnes": 15297.761, "tonne_kms": 677842.44, "tonnes_per_trailer": 12.999991, "avg_trip_distance": 40.66746, "avg_trip_duration": 0.5388634, "total_trip_distance": 55194.043, "total_trip_duration": 745.6642, "total_freight_value": 611909945.0, "trip_transport_costs": 311071.0, "cst_per_tonne": 20.0, "cst_per_tonne_km": 0.45891363542364344, "co2_tn": 116.183624}], "LGA_23810": [], "LGA_24210": [{"industry": "household_general", "sector": "general", "trips_count": 7, "trailer_loads": 691.31677, "tonnes": 8987.12, "tonne_kms": 320298.8, "tonnes_per_trailer": 12.999984, "avg_trip_distance": 35.306587, "avg_trip_duration": 0.49015635, "total_trip_distance": 27919.312, "total_trip_duration": 385.61212, "total_freight_value": 359484578.0, "trip_transport_costs": 157682.0, "cst_per_tonne": 18.0, "cst_per_tonne_km": 0.49229659755445526, "co2_tn": 54.46347}], "LGA_24330": [{"industry": "household_general", "sector": "general", "trips_count": 10, "trailer_loads": 673.910947, "tonnes": 8760.845, "tonne_kms": 137093.31, "tonnes_per_trailer": 12.999997, "avg_trip_distance": 14.202493, "avg_trip_duration": 0.20071757, "total_trip_distance": 11532.084, "total_trip_duration": 163.80263, "total_freight_value": 350433553.0, "trip_transport_costs": 91121.0, "cst_per_tonne": 10.0, "cst_per_tonne_km": 0.664667333365735, "co2_tn": 23.638193}], "LGA_24410": [{"industry": "household_general", "sector": "general", "trips_count": 13, "trailer_loads": 1372.6543100000001, "tonnes": 17844.512, "tonne_kms": 822400.44, "tonnes_per_trailer": 12.999999, "avg_trip_distance": 44.76922, "avg_trip_duration": 0.5577574, "total_trip_distance": 65778.516, "total_trip_duration": 855.7436, "total_freight_value": 713779930.0, "trip_transport_costs": 369735.0, "cst_per_tonne": 21.0, "cst_per_tonne_km": 0.4495804054844818, "co2_tn": 140.94135}], "LGA_24600": [{"industry": "household_general",