{"orig_lga": "LGA_23190", "orig_name": "Horsham (RC)", "orig_state": "VIC", "fetched_at": "2026-03-12T07:17:51.742743+00:00", "destinations": {"LGA_20570": [{"industry": "grains", "sector": "cropping", "trips_count": 13, "trailer_loads": 332.99428, "tonnes": 8275.011, "tonne_kms": 1678396.0, "tonnes_per_trailer": 24.230762, "avg_trip_distance": 192.33896, "avg_trip_duration": 2.1163447, "total_trip_distance": 45019.027, "total_trip_duration": 495.99457, "total_freight_value": 3149448.0, "trip_transport_costs": 256616.0, "cst_per_tonne": 31.0, "cst_per_tonne_km": 0.1528933628551177, "co2_tn": 133.24046}, {"industry": "livestock", "sector": "livestock", "trips_count": 20, "trailer_loads": 342.0, "tonnes": 3420.0, "tonne_kms": 709976.6, "tonnes_per_trailer": 10.0, "avg_trip_distance": 202.60275, "avg_trip_duration": 2.2547574, "total_trip_distance": 47331.777, "total_trip_duration": 524.7189, "total_freight_value": 23940000.0, "trip_transport_costs": 269788.0, "cst_per_tonne": 79.0, "cst_per_tonne_km": 0.37999517848342895, "co2_tn": 140.18758}], "LGA_20830": [{"industry": "grains", "sector": "cropping", "trips_count": 8, "trailer_loads": 46.98863999999999, "tonnes": 1080.736, "tonne_kms": 451569.2, "tonnes_per_trailer": 22.999943, "avg_trip_distance": 409.03006, "avg_trip_duration": 4.4052334, "total_trip_distance": 13088.962, "total_trip_duration": 140.96747, "total_freight_value": 324222.0, "trip_transport_costs": 71512.0, "cst_per_tonne": 66.0, "cst_per_tonne_km": 0.1583627195763329, "co2_tn": 38.615005}], "LGA_21270": [{"industry": "grains", "sector": "cropping", "trips_count": 32, "trailer_loads": 796.3503299999999, "tonnes": 19770.98, "tonne_kms": 2390447.0, "tonnes_per_trailer": 24.12501, "avg_trip_distance": 106.12319, "avg_trip_duration": 1.1646404, "total_trip_distance": 64107.516, "total_trip_duration": 701.63477, "total_freight_value": 7691645.0, "trip_transport_costs": 384231.0, "cst_per_tonne": 19.0, "cst_per_tonne_km": 0.16073621531308724, "co2_tn": 189.09966}], "LGA_21370": [{"industry": "grains", "sector": "cropping", "trips_count": 12, "trailer_loads": 70.48295999999999, "tonnes": 1621.1041, "tonne_kms": 471602.78, "tonnes_per_trailer": 22.999943, "avg_trip_distance": 284.7843, "avg_trip_duration": 3.157312, "total_trip_distance": 13669.646, "total_trip_duration": 151.55096, "total_freight_value": 486332.0, "trip_transport_costs": 76252.0, "cst_per_tonne": 47.0, "cst_per_tonne_km": 0.16168769612721617, "co2_tn": 40.396385}], "LGA_21750": [{"industry": "grains", "sector": "cropping", "trips_count": 20, "trailer_loads": 117.47160000000002, "tonnes": 2701.8403, "tonne_kms": 723528.8, "tonnes_per_trailer": 22.999943, "avg_trip_distance": 262.14813, "avg_trip_duration": 2.964802, "total_trip_distance": 20971.85, "total_trip_duration": 237.18416, "total_freight_value": 810554.0, "trip_transport_costs": 118329.0, "cst_per_tonne": 44.0, "cst_per_tonne_km": 0.1635446340746969, "co2_tn": 62.17528}, {"industry": "livestock", "sector": "livestock", "trips_count": 9, "trailer_loads": 54.0, "tonnes": 540.0, "tonne_kms": 149227.86, "tonnes_per_trailer": 10.0, "avg_trip_distance": 276.3479, "avg_trip_duration": 3.0845704, "total_trip_distance": 9948.524, "total_trip_duration": 111.04453, "total_freight_value": 3780000.0, "trip_transport_costs": 55846.0, "cst_per_tonne": 103.0, "cst_per_tonne_km": 0.3742331030995699, "co2_tn": 29.452993}], "LGA_21830": [{"industry": "grains", "sector": "cropping", "trips_count": 70, "trailer_loads": 1754.1959999999976, "tonnes": 43385.082, "tonne_kms": 10752678.0, "tonnes_per_trailer": 23.857113, "avg_trip_distance": 236.41331, "avg_trip_duration": 2.6306052, "total_trip_distance": 289878.97, "total_trip_duration": 3238.4734, "total_freight_value": 17715992.0, "trip_transport_costs": 1634658.0, "cst_per_tonne": 38.0, "cst_per_tonne_km": 0.15202338106729232, "co2_tn": 858.3707}], "LGA_22410": [{"industry": "grains", "sector": "cropping", "trips_count": 22, "trailer_loads": 2735.8302379999996, "tonnes": 68266.445, "tonne_kms": 14528073.0, "tonnes_per_trailer": 23.999962, "avg_trip_distance": 170.07262, "avg_trip_duration": 1.868828, "total_trip_distance": 388005.8, "total_trip_duration": 4239.2583, "total_freight_value": 45337861.0, "trip_transport_costs": 2193776.0, "cst_per_tonne": 32.0, "cst_per_tonne_km": 0.15100257118406918, "co2_tn": 1142.501}], "LGA_22620": [{"industry": "grains", "sector": "cropping", "trips_count": 13, "trailer_loads": 468.82388999999995, "tonnes": 11720.598, "tonne_kms": 2701993.2, "tonnes_per_trailer": 25.000006, "avg_trip_distance": 220.10365, "avg_trip_duration": 2.4518232, "total_trip_distance": 72053.16, "total_trip_duration": 803.71045, "total_freight_value": 4764395.0, "trip_transport_costs": 407761.0, "cst_per_tonne": 35.0, "cst_per_tonne_km": 0.15091130904154043, "co2_tn": 213.3631}], "LGA_22750": [{"industry": "grains", "sector": "cropping", "trips_count": 30, "trailer_loads": 840.5021899999999, "tonnes": 21000.807, "tonne_kms": 6113927.5, "tonnes_per_trailer": 24.933332, "avg_trip_distance": 271.06958, "avg_trip_duration": 3.0202377, "total_trip_distance": 163127.6, "total_trip_duration": 1819.4729, "total_freight_value": 9245029.0, "trip_transport_costs": 911931.0, "cst_per_tonne": 43.0, "cst_per_tonne_km": 0.1491563615073816, "co2_tn": 483.17126}, {"industry": "livestock", "sector": "livestock", "trips_count": 7, "trailer_loads": 40.0, "tonnes": 500.0, "tonne_kms": 144081.64, "tonnes_per_trailer": 12.857142, "avg_trip_distance": 271.9082, "avg_trip_duration": 2.9992683, "total_trip_distance": 7613.429, "total_trip_duration": 83.97951, "total_freight_value": 2400000.0, "trip_transport_costs": 42479.0, "cst_per_tonne": 85.0, "cst_per_tonne_km": 0.2948288188391456, "co2_tn": 22.493029}], "LGA_22980": [{"industry": "grains", "sector": "cropping", "trips_count": 56, "trailer_loads": 1194.2476499999996, "tonnes": 29627.611, "tonne_kms": 1918062.4, "tonnes_per_trailer": 24.142878, "avg_trip_distance": 56.927197, "avg_trip_duration": 0.63616556, "total_trip_distance": 51602.293, "total_trip_duration": 566.7511, "total_freight_value": 12118703.0, "trip_transport_costs": 342546.0, "cst_per_tonne": 12.0, "cst_per_tonne_km": 0.17858970776987612, "co2_tn": 151.73026}], "LGA_23190": [{"industry": "grains", "sector": "cropping", "trips_count": 105, "trailer_loads": 2984.7881400000015, "tonnes": 74543.516, "tonne_kms": 1650956.9, "tonnes_per_trailer": 24.84763, "avg_trip_distance": 20.911419, "avg_trip_duration": 0.242546, "total_trip_distance": 51025.004, "total_trip_duration": 578.6512, "total_freight_value": 38944056.0, "trip_transport_costs": 435204.0, "cst_per_tonne": 6.0, "cst_per_tonne_km": 0.2636068911107298, "co2_tn": 135.44942}, {"industry": "waste", "sector": "waste", "trips_count": 52, "trailer_loads": 1209.6000000000001, "tonnes": 12096.0, "tonne_kms": 116905.164, "tonnes_per_trailer": 10.0, "avg_trip_distance": 7.5509033, "avg_trip_duration": 0.10497298, "total_trip_distance": 10106.767, "total_trip_duration": 136.7885, "total_freight_value": 1209600.0, "trip_transport_costs": 124382.0, "cst_per_tonne": 10.0, "cst_per_tonne_km": 1.063952791829595, "co2_tn": 25.484999}], "LGA_23940": [{"industry": "grains", "sector": "cropping", "trips_count": 6, "trailer_loads": 69.46592, "tonnes": 1689.6582, "tonne_kms": 410357.97, "tonnes_per_trailer": 23.666628, "avg_trip_distance": 240.97, "avg_trip_duration": 2.6695976, "total_trip_distance": 11259.509, "total_trip_duration": 124.6996, "total_freight_value": 758592.0, "trip_transport_costs": 63327.0, "cst_per_tonne": 37.0, "cst_per_tonne_km": 0.15432244084909097, "co2_tn": 33.281418}], "LGA_24600": [{"industry": "grains", "sector": "cropping", "trips_count": 8, "trailer_loads": 163.74546, "tonnes": 4093.6377, "tonne_kms": 1253493.2, "tonnes_per_trailer": 25.0, "avg_trip_distance": 273.50586, "avg_trip_duration": 2.9628878, "total_trip_distance": 33426.49, "total_trip_duration": 362.69458, "total_freight_value": 1592275.0,