{"orig_lga": "LGA_26890", "orig_name": "West Wimmera (S)", "orig_state": "VIC", "fetched_at": "2026-03-12T07:52:13.588393+00:00", "destinations": {"LGA_20570": [{"industry": "grains", "sector": "cropping", "trips_count": 17, "trailer_loads": 345.42911999999995, "tonnes": 8540.739, "tonne_kms": 2442357.5, "tonnes_per_trailer": 23.823523, "avg_trip_distance": 258.85202, "avg_trip_duration": 2.9056635, "total_trip_distance": 65842.97, "total_trip_duration": 742.2656, "total_freight_value": 3451267.0, "trip_transport_costs": 369644.0, "cst_per_tonne": 43.0, "cst_per_tonne_km": 0.15134727745758964, "co2_tn": 195.56813}, {"industry": "livestock", "sector": "livestock", "trips_count": 63, "trailer_loads": 1719.0, "tonnes": 17320.0, "tonne_kms": 4990719.0, "tonnes_per_trailer": 10.539682, "avg_trip_distance": 282.97855, "avg_trip_duration": 3.1860132, "total_trip_distance": 330310.84, "total_trip_duration": 3702.7756, "total_freight_value": 120156100.0, "trip_transport_costs": 1852094.0, "cst_per_tonne": 107.0, "cst_per_tonne_km": 0.37110755149724545, "co2_tn": 980.3942}], "LGA_20740": [{"industry": "grains", "sector": "cropping", "trips_count": 6, "trailer_loads": 20.34594, "tonnes": 467.95737, "tonne_kms": 246218.5, "tonnes_per_trailer": 23.000038, "avg_trip_distance": 396.48715, "avg_trip_duration": 4.3721027, "total_trip_distance": 7136.7686, "total_trip_duration": 78.69785, "total_freight_value": 140387.0, "trip_transport_costs": 40921.0, "cst_per_tonne": 87.0, "cst_per_tonne_km": 0.166198250677244, "co2_tn": 21.099478}], "LGA_20830": [{"industry": "grains", "sector": "cropping", "trips_count": 7, "trailer_loads": 23.736929999999997, "tonnes": 545.95026, "tonne_kms": 283593.16, "tonnes_per_trailer": 23.000038, "avg_trip_distance": 391.43295, "avg_trip_duration": 4.256661, "total_trip_distance": 8220.092, "total_trip_duration": 89.389885, "total_freight_value": 163785.0, "trip_transport_costs": 46266.0, "cst_per_tonne": 85.0, "cst_per_tonne_km": 0.163141412499927, "co2_tn": 24.278732}], "LGA_21270": [{"industry": "grains", "sector": "cropping", "trips_count": 34, "trailer_loads": 434.63343, "tonnes": 10526.581, "tonne_kms": 2192531.5, "tonnes_per_trailer": 23.000013, "avg_trip_distance": 189.0422, "avg_trip_duration": 2.16267, "total_trip_distance": 60453.5, "total_trip_duration": 686.5627, "total_freight_value": 4017331.0, "trip_transport_costs": 347060.0, "cst_per_tonne": 33.0, "cst_per_tonne_km": 0.1582919451454788, "co2_tn": 179.7207}], "LGA_21370": [{"industry": "grains", "sector": "cropping", "trips_count": 16, "trailer_loads": 54.255840000000006, "tonnes": 1247.8865, "tonne_kms": 487209.47, "tonnes_per_trailer": 23.000038, "avg_trip_distance": 291.30832, "avg_trip_duration": 3.2603855, "total_trip_distance": 13982.8, "total_trip_duration": 156.4985, "total_freight_value": 374366.0, "trip_transport_costs": 78164.0, "cst_per_tonne": 63.0, "cst_per_tonne_km": 0.16043241343094022, "co2_tn": 41.66666}], "LGA_21750": [{"industry": "grains", "sector": "cropping", "trips_count": 37, "trailer_loads": 125.46663000000005, "tonnes": 2885.7378, "tonne_kms": 956698.6, "tonnes_per_trailer": 23.000038, "avg_trip_distance": 247.22856, "avg_trip_duration": 2.8145003, "total_trip_distance": 27701.037, "total_trip_duration": 315.4011, "total_freight_value": 865722.0, "trip_transport_costs": 155922.0, "cst_per_tonne": 54.0, "cst_per_tonne_km": 0.16297872944804062, "co2_tn": 82.459206}, {"industry": "livestock", "sector": "livestock", "trips_count": 21, "trailer_loads": 162.0, "tonnes": 1620.0, "tonne_kms": 496789.9, "tonnes_per_trailer": 10.0, "avg_trip_distance": 308.20844, "avg_trip_duration": 3.516019, "total_trip_distance": 33119.33, "total_trip_duration": 377.17352, "total_freight_value": 11340000.0, "trip_transport_costs": 185839.0, "cst_per_tonne": 115.0, "cst_per_tonne_km": 0.37408014514057975, "co2_tn": 98.43602}], "LGA_21830": [{"industry": "grains", "sector": "cropping", "trips_count": 91, "trailer_loads": 1254.6793800000066, "tonnes": 30926.127, "tonne_kms": 9095073.0, "tonnes_per_trailer": 23.571455, "avg_trip_distance": 242.15578, "avg_trip_duration": 2.735893, "total_trip_distance": 246043.38, "total_trip_duration": 2758.6943, "total_freight_value": 12653275.0, "trip_transport_costs": 1376529.0, "cst_per_tonne": 45.0, "cst_per_tonne_km": 0.15134885686033836, "co2_tn": 729.4092}], "LGA_22250": [{"industry": "grains", "sector": "cropping", "trips_count": 10, "trailer_loads": 33.90989999999999, "tonnes": 779.929, "tonne_kms": 260761.22, "tonnes_per_trailer": 23.000038, "avg_trip_distance": 251.9432, "avg_trip_duration": 2.7760713, "total_trip_distance": 7558.2964, "total_trip_duration": 83.282135, "total_freight_value": 233979.0, "trip_transport_costs": 41827.0, "cst_per_tonne": 54.0, "cst_per_tonne_km": 0.1604024675157792, "co2_tn": 22.34844}], "LGA_22410": [{"industry": "grains", "sector": "cropping", "trips_count": 31, "trailer_loads": 1363.512440000001, "tonnes": 33911.41, "tonne_kms": 7071575.5, "tonnes_per_trailer": 23.322613, "avg_trip_distance": 137.84026, "avg_trip_duration": 1.5077639, "total_trip_distance": 189373.2, "total_trip_duration": 2061.9082, "total_freight_value": 18736269.0, "trip_transport_costs": 1071881.0, "cst_per_tonne": 32.0, "cst_per_tonne_km": 0.15157599717803008, "co2_tn": 557.5291}, {"industry": "wood_product", "sector": "wood_product", "trips_count": 75, "trailer_loads": 5672.07374, "tonnes": 104533.375, "tonne_kms": 16850428.0, "tonnes_per_trailer": 20.053337, "avg_trip_distance": 155.97643, "avg_trip_duration": 1.8101856, "total_trip_distance": 609322.7, "total_trip_duration": 7130.322, "total_freight_value": 37096666.0, "trip_transport_costs": 3614428.0, "cst_per_tonne": 35.0, "cst_per_tonne_km": 0.21450066031296963, "co2_tn": 1819.5383}], "LGA_22750": [{"industry": "grains", "sector": "cropping", "trips_count": 15, "trailer_loads": 332.6523499999999, "tonnes": 8295.949, "tonne_kms": 3103652.8, "tonnes_per_trailer": 24.599987, "avg_trip_distance": 342.92548, "avg_trip_duration": 3.8538933, "total_trip_distance": 82954.27, "total_trip_duration": 932.8808, "total_freight_value": 3402346.0, "trip_transport_costs": 460551.0, "cst_per_tonne": 56.0, "cst_per_tonne_km": 0.14838991722195827, "co2_tn": 246.2894}, {"industry": "livestock", "sector": "livestock", "trips_count": 25, "trailer_loads": 180.1515, "tonnes": 2133.333, "tonne_kms": 776102.7, "tonnes_per_trailer": 11.68, "avg_trip_distance": 351.96152, "avg_trip_duration": 3.9258602, "total_trip_distance": 43499.31, "total_trip_duration": 484.6015, "total_freight_value": 13075500.0, "trip_transport_costs": 241097.0, "cst_per_tonne": 113.0, "cst_per_tonne_km": 0.3106514821794281, "co2_tn": 128.88966}, {"industry": "wood_product", "sector": "wood_product", "trips_count": 9, "trailer_loads": 416.6667, "tonnes": 7499.997, "tonne_kms": 2664706.5, "tonnes_per_trailer": 17.99999, "avg_trip_distance": 353.73773, "avg_trip_duration": 3.992441, "total_trip_distance": 98692.83, "total_trip_duration": 1113.891, "total_freight_value": 1950003.0, "trip_transport_costs": 548777.0, "cst_per_tonne": 73.0, "cst_per_tonne_km": 0.20594257695453513, "co2_tn": 292.66492}], "LGA_22830": [{"industry": "grains", "sector": "cropping", "trips_count": 7, "trailer_loads": 23.736929999999997, "tonnes": 545.95026, "tonne_kms": 216964.39, "tonnes_per_trailer": 23.000038, "avg_trip_distance": 299.46777, "avg_trip_duration": 3.3397503, "total_trip_distance": 6288.823, "total_trip_duration": 70.13476, "total_freight_value": 163785.0, "trip_transport_costs": 34787.0, "cst_per_tonne": 64.0, "cst_per_tonne_km": 0.16033638755596485, "co2_tn": 18.633827}], "LGA_22980": [{"industry": "grains", "sector": "cropping", "trips_count": 102, "trailer_loads": 1311.51252, "tonnes": 32699.623, "tonne_kms": 2504421.5, "tonnes_per_trailer": 24.823532, "avg_trip_distance": 71.38951, "avg_trip_duration": 0.8189698, "total_trip_distance": 66380.805, "total_trip_duration": 764.38403, "total_freight_value": 13707205.0,