{"orig_lga": "LGA_21010", "orig_name": "Benalla (RC)", "orig_state": "VIC", "fetched_at": "2026-03-12T06:49:52.836309+00:00", "destinations": {"LGA_10750": [], "LGA_20740": [], "LGA_20830": [{"industry": "grains", "sector": "cropping", "trips_count": 8, "trailer_loads": 44.66048, "tonnes": 1027.192, "tonne_kms": 305180.16, "tonnes_per_trailer": 23.000021, "avg_trip_distance": 276.4313, "avg_trip_duration": 3.1663108, "total_trip_distance": 8845.802, "total_trip_duration": 101.321945, "total_freight_value": 308158.0, "trip_transport_costs": 49828.0, "cst_per_tonne": 49.0, "cst_per_tonne_km": 0.16327291051955478, "co2_tn": 26.319935}], "LGA_21010": [{"industry": "wood_product", "sector": "wood_product", "trips_count": 20, "trailer_loads": 2420.93087, "tonnes": 48485.293, "tonne_kms": 451402.8, "tonnes_per_trailer": 20.50003, "avg_trip_distance": 23.593094, "avg_trip_duration": 0.31250829, "total_trip_distance": 22058.936, "total_trip_duration": 321.5749, "total_freight_value": 233743086.0, "trip_transport_costs": 252908.0, "cst_per_tonne": 5.0, "cst_per_tonne_km": 0.5602719027877247, "co2_tn": 50.993755}], "LGA_21370": [{"industry": "grains", "sector": "cropping", "trips_count": 10, "trailer_loads": 55.8256, "tonnes": 1283.9901, "tonne_kms": 170854.64, "tonnes_per_trailer": 23.000021, "avg_trip_distance": 123.80772, "avg_trip_duration": 1.4368035, "total_trip_distance": 4952.3086, "total_trip_duration": 57.472137, "total_freight_value": 385197.0, "trip_transport_costs": 29863.0, "cst_per_tonne": 23.0, "cst_per_tonne_km": 0.17478776932502105, "co2_tn": 14.767332}, {"industry": "livestock", "sector": "livestock", "trips_count": 10, "trailer_loads": 59.121210000000005, "tonnes": 786.667, "tonne_kms": 103451.26, "tonnes_per_trailer": 13.400006, "avg_trip_distance": 124.320305, "avg_trip_duration": 1.4283371, "total_trip_distance": 5182.629, "total_trip_duration": 59.542244, "total_freight_value": 5883500.0, "trip_transport_costs": 31148.0, "cst_per_tonne": 40.0, "cst_per_tonne_km": 0.3010846447273894, "co2_tn": 15.411593}], "LGA_21750": [{"industry": "wood_product", "sector": "wood_product", "trips_count": 19, "trailer_loads": 1526.854296, "tonnes": 30537.055, "tonne_kms": 10702611.0, "tonnes_per_trailer": 20.0, "avg_trip_distance": 272.99014, "avg_trip_duration": 2.9383967, "total_trip_distance": 356753.72, "total_trip_duration": 3827.0674, "total_freight_value": 45805609.0, "trip_transport_costs": 1962073.0, "cst_per_tonne": 64.0, "cst_per_tonne_km": 0.18332654922047084, "co2_tn": 1053.9286}], "LGA_21830": [{"industry": "grains", "sector": "cropping", "trips_count": 6, "trailer_loads": 33.49536, "tonnes": 770.394, "tonne_kms": 328183.5, "tonnes_per_trailer": 23.000021, "avg_trip_distance": 396.35684, "avg_trip_duration": 4.240695, "total_trip_distance": 9512.564, "total_trip_duration": 101.77667, "total_freight_value": 231118.0, "trip_transport_costs": 51886.0, "cst_per_tonne": 67.0, "cst_per_tonne_km": 0.15810014633581518, "co2_tn": 28.081627}], "LGA_22750": [{"industry": "wood_product", "sector": "wood_product", "trips_count": 25, "trailer_loads": 985.9259999999997, "tonnes": 17866.672, "tonne_kms": 5031805.5, "tonnes_per_trailer": 18.64, "avg_trip_distance": 272.0179, "avg_trip_duration": 2.9392736, "total_trip_distance": 185113.84, "total_trip_duration": 2023.8698, "total_freight_value": 10333337.0, "trip_transport_costs": 1035078.0, "cst_per_tonne": 58.0, "cst_per_tonne_km": 0.20570714473863433, "co2_tn": 548.33777}], "LGA_22830": [{"industry": "grains", "sector": "cropping", "trips_count": 45, "trailer_loads": 795.7568699999994, "tonnes": 19793.426, "tonne_kms": 936806.94, "tonnes_per_trailer": 24.6, "avg_trip_distance": 50.83943, "avg_trip_duration": 0.5761548, "total_trip_distance": 25714.586, "total_trip_duration": 285.97357, "total_freight_value": 11519883.0, "trip_transport_costs": 182949.0, "cst_per_tonne": 9.0, "cst_per_tonne_km": 0.19528963882866476, "co2_tn": 75.11013}, {"industry": "livestock", "sector": "livestock", "trips_count": 17, "trailer_loads": 216.60000000000002, "tonnes": 4260.0, "tonne_kms": 363164.28, "tonnes_per_trailer": 14.411765, "avg_trip_distance": 80.143745, "avg_trip_duration": 0.93661284, "total_trip_distance": 12254.178, "total_trip_duration": 141.34198, "total_freight_value": 10870500.0, "trip_transport_costs": 78116.0, "cst_per_tonne": 18.0, "cst_per_tonne_km": 0.21509835785190878, "co2_tn": 36.408474}], "LGA_23270": [], "LGA_23810": [{"industry": "wood_product", "sector": "wood_product", "trips_count": 10, "trailer_loads": 377.4769, "tonnes": 7716.199, "tonne_kms": 2405788.5, "tonnes_per_trailer": 20.499987, "avg_trip_distance": 306.52542, "avg_trip_duration": 3.4666214, "total_trip_distance": 100250.84, "total_trip_duration": 1125.1418, "total_freight_value": 15664340.0, "trip_transport_costs": 463381.0, "cst_per_tonne": 60.0, "cst_per_tonne_km": 0.19261095751455293, "co2_tn": 229.75984}], "LGA_24330": [], "LGA_24600": [{"industry": "wood_product", "sector": "wood_product", "trips_count": 44, "trailer_loads": 990.8097, "tonnes": 19816.234, "tonne_kms": 4146392.5, "tonnes_per_trailer": 20.000002, "avg_trip_distance": 188.9326, "avg_trip_duration": 2.0273082, "total_trip_distance": 151607.45, "total_trip_duration": 1623.7473, "total_freight_value": 99080970.0, "trip_transport_costs": 795675.0, "cst_per_tonne": 40.0, "cst_per_tonne_km": 0.1918957410036066, "co2_tn": 407.62628}], "LGA_24900": [{"industry": "grains", "sector": "cropping", "trips_count": 21, "trailer_loads": 227.39835, "tonnes": 5345.7573, "tonne_kms": 259464.84, "tonnes_per_trailer": 23.09524, "avg_trip_distance": 52.273537, "avg_trip_duration": 0.59566885, "total_trip_distance": 7288.6836, "total_trip_duration": 81.98038, "total_freight_value": 2238907.0, "trip_transport_costs": 52607.0, "cst_per_tonne": 10.0, "cst_per_tonne_km": 0.20275179390045617, "co2_tn": 21.610235}, {"industry": "livestock", "sector": "livestock", "trips_count": 7, "trailer_loads": 60.0, "tonnes": 1200.0, "tonne_kms": 85019.4, "tonnes_per_trailer": 20.0, "avg_trip_distance": 67.53538, "avg_trip_duration": 0.72695005, "total_trip_distance": 3306.67, "total_trip_duration": 35.73511, "total_freight_value": 2586000.0, "trip_transport_costs": 19629.0, "cst_per_tonne": 16.0, "cst_per_tonne_km": 0.230878706059086, "co2_tn": 8.680296}, {"industry": "waste", "sector": "waste", "trips_count": 13, "trailer_loads": 280.8, "tonnes": 2808.0, "tonne_kms": 98379.36, "tonnes_per_trailer": 10.0, "avg_trip_distance": 34.398376, "avg_trip_duration": 0.3879365, "total_trip_distance": 9837.936, "total_trip_duration": 110.94984, "total_freight_value": 280800.0, "trip_transport_costs": 59626.0, "cst_per_tonne": 21.0, "cst_per_tonne_km": 0.6060832343396791, "co2_tn": 21.7119}], "LGA_25900": [{"industry": "wood_product", "sector": "wood_product", "trips_count": 20, "trailer_loads": 145.0, "tonnes": 2900.0, "tonne_kms": 624520.56, "tonnes_per_trailer": 20.0, "avg_trip_distance": 187.68138, "avg_trip_duration": 2.0297194, "total_trip_distance": 20817.354, "total_trip_duration": 225.2844, "total_freight_value": 14500000.0, "trip_transport_costs": 117726.0, "cst_per_tonne": 41.0, "cst_per_tonne_km": 0.18850687784474476, "co2_tn": 61.85003}], "LGA_26170": [{"industry": "grains", "sector": "cropping", "trips_count": 8, "trailer_loads": 44.66048, "tonnes": 1027.192, "tonne_kms": 375000.06, "tonnes_per_trailer": 23.000021, "avg_trip_distance": 339.67398, "avg_trip_duration": 3.7703056, "total_trip_distance": 10869.567, "total_trip_duration": 120.64978, "total_freight_value": 308158.0, "trip_transport_costs": 60235.0, "cst_per_tonne": 59.0, "cst_per_tonne_km": 0.16062613859356023, "co2_tn": 32.22524}, {"industry": "livestock", "sector": "livestock", "trips_count": 6, "trailer_loads": 38.181799999999996, "tonnes": 800.0, "tonne_kms": 247717.8, "tonnes_per_trailer": 21.33335, "avg_trip_distance": 253.16699, "avg_trip_duration": 2.8402853, "total_trip_distance": 7891.7593, "total_trip_duration": 88.788605,