{"orig_lga": "LGA_20740", "orig_name": "Bass Coast (S)", "orig_state": "VIC", "fetched_at": "2026-03-12T06:48:18.494618+00:00", "destinations": {"LGA_22170": [], "LGA_22670": [{"industry": "livestock", "sector": "livestock", "trips_count": 24, "trailer_loads": 934.4727000000003, "tonnes": 23280.0, "tonne_kms": 2105609.2, "tonnes_per_trailer": 24.625004, "avg_trip_distance": 88.68596, "avg_trip_duration": 1.0157697, "total_trip_distance": 56354.93, "total_trip_duration": 644.7094, "total_freight_value": 39996000.0, "trip_transport_costs": 354333.0, "cst_per_tonne": 15.0, "cst_per_tonne_km": 0.16828041606446195, "co2_tn": 166.89017}], "LGA_23810": [], "LGA_25340": [{"industry": "meat", "sector": "cold_food", "trips_count": 6, "trailer_loads": 103.16503, "tonnes": 1341.145, "tonne_kms": 67920.27, "tonnes_per_trailer": 12.999997, "avg_trip_distance": 48.938457, "avg_trip_duration": 0.5403832, "total_trip_distance": 3483.091, "total_trip_duration": 38.46163, "total_freight_value": 8046865.0, "trip_transport_costs": 24602.0, "cst_per_tonne": 18.0, "cst_per_tonne_km": 0.36221253563604844, "co2_tn": 10.27029}, {"industry": "waste", "sector": "waste", "trips_count": 16, "trailer_loads": 345.6000000000001, "tonnes": 3456.0, "tonne_kms": 439473.6, "tonnes_per_trailer": 10.0, "avg_trip_distance": 124.85046, "avg_trip_duration": 1.4978311, "total_trip_distance": 43947.36, "total_trip_duration": 527.2366, "total_freight_value": 345600.0, "trip_transport_costs": 212502.0, "cst_per_tonne": 61.0, "cst_per_tonne_km": 0.4835384845185878, "co2_tn": 97.3461}], "LGA_26170": [{"industry": "livestock", "sector": "livestock", "trips_count": 25, "trailer_loads": 870.3454500000003, "tonnes": 21520.0, "tonne_kms": 925749.75, "tonnes_per_trailer": 23.68, "avg_trip_distance": 42.017742, "avg_trip_duration": 0.47706288, "total_trip_distance": 25921.156, "total_trip_duration": 292.44418, "total_freight_value": 35389500.0, "trip_transport_costs": 187538.0, "cst_per_tonne": 9.0, "cst_per_tonne_km": 0.20257972696379004, "co2_tn": 74.61052}], "LGA_27260": [{"industry": "meat", "sector": "cold_food", "trips_count": 6, "trailer_loads": 51.582480000000004, "tonnes": 670.5716, "tonne_kms": 72864.44, "tonnes_per_trailer": 12.999985, "avg_trip_distance": 94.063644, "avg_trip_duration": 1.0645642, "total_trip_distance": 3736.6377, "total_trip_duration": 42.282154, "total_freight_value": 4023440.0, "trip_transport_costs": 22749.0, "cst_per_tonne": 34.0, "cst_per_tonne_km": 0.3122075449829349, "co2_tn": 11.018003}, {"industry": "dairy_product", "sector": "cold_food", "trips_count": 6, "trailer_loads": 1120.8936700000002, "tonnes": 23458.773, "tonne_kms": 2897779.5, "tonnes_per_trailer": 19.999989, "avg_trip_distance": 116.33548, "avg_trip_duration": 1.3079442, "total_trip_distance": 92307.05, "total_trip_duration": 1040.9946, "total_freight_value": 68186270.0, "trip_transport_costs": 557917.0, "cst_per_tonne": 24.0, "cst_per_tonne_km": 0.1925327428476647, "co2_tn": 272.1867}]}}