{"orig_lga": "LGA_55880", "orig_name": "Mount Marshall (S)", "orig_state": "WA", "fetched_at": "2026-03-16T09:01:54.653502+00:00", "destinations": {"LGA_52520": [{"commodity": "Wheat", "industry": "grains", "sector": "cropping", "trips_count": 17, "trailer_loads": 252.22105999999997, "tonnes": 6305.5347, "tonne_kms": 813463.7, "tonnes_per_trailer": 25.00003, "avg_trip_distance": 132.5414, "avg_trip_duration": 1.3628587, "total_trip_distance": 16269.274, "total_trip_duration": 167.10591, "total_freight_value": 2585269.0, "trip_transport_costs": 110810.0, "cst_per_tonne": 18.0, "cst_per_tonne_km": 0.13622056759539394, "co2_tn": 53.997093}], "LGA_55460": [{"commodity": "Wheat", "industry": "grains", "sector": "cropping", "trips_count": 14, "trailer_loads": 173.59706999999997, "tonnes": 4339.929, "tonne_kms": 688616.1, "tonnes_per_trailer": 25.000013, "avg_trip_distance": 151.02902, "avg_trip_duration": 1.5545692, "total_trip_distance": 17476.195, "total_trip_duration": 180.03583, "total_freight_value": 1779371.0, "trip_transport_costs": 103262.0, "cst_per_tonne": 24.0, "cst_per_tonne_km": 0.1499557066029191, "co2_tn": 52.659466}], "LGA_55880": [{"commodity": "Oats", "industry": "grains", "sector": "cropping", "trips_count": 21, "trailer_loads": 100.20717000000005, "tonnes": 1703.5244, "tonne_kms": 44944.81, "tonnes_per_trailer": 17.000023, "avg_trip_distance": 21.510344, "avg_trip_duration": 0.22616807, "total_trip_distance": 1729.1558, "total_trip_duration": 18.20393, "total_freight_value": 553646.0, "trip_transport_costs": 15374.0, "cst_per_tonne": 9.0, "cst_per_tonne_km": 0.3420647007351725, "co2_tn": 5.0642734}, {"commodity": "Barley", "industry": "grains", "sector": "cropping", "trips_count": 23, "trailer_loads": 118.80985000000004, "tonnes": 2970.2407, "tonne_kms": 81944.54, "tonnes_per_trailer": 24.999947, "avg_trip_distance": 23.385782, "avg_trip_duration": 0.24288778, "total_trip_distance": 2172.2463, "total_trip_duration": 22.598785, "total_freight_value": 1009884.0, "trip_transport_costs": 18690.0, "cst_per_tonne": 6.0, "cst_per_tonne_km": 0.2280803931758438, "co2_tn": 6.278267}, {"commodity": "Wheat", "industry": "grains", "sector": "cropping", "trips_count": 140, "trailer_loads": 2272.486869999998, "tonnes": 56812.168, "tonne_kms": 1576736.6, "tonnes_per_trailer": 25.000008, "avg_trip_distance": 28.374355, "avg_trip_duration": 0.29655036, "total_trip_distance": 39936.89, "total_trip_duration": 418.51697, "total_freight_value": 23292999.0, "trip_transport_costs": 354510.0, "cst_per_tonne": 6.0, "cst_per_tonne_km": 0.224837881995657, "co2_tn": 118.21855}], "LGA_57000": [{"commodity": "Wheat", "industry": "grains", "sector": "cropping", "trips_count": 6, "trailer_loads": 153.75401, "tonnes": 3843.8481, "tonne_kms": 854251.75, "tonnes_per_trailer": 24.99999, "avg_trip_distance": 216.98631, "avg_trip_duration": 2.2552762, "total_trip_distance": 17085.035, "total_trip_duration": 177.43625, "total_freight_value": 1575978.0, "trip_transport_costs": 108528.0, "cst_per_tonne": 28.0, "cst_per_tonne_km": 0.1270439411253218, "co2_tn": 56.625618}], "LGA_59360": [{"commodity": "Barley", "industry": "grains", "sector": "cropping", "trips_count": 8, "trailer_loads": 62.27533, "tonnes": 1556.8801, "tonne_kms": 308304.62, "tonnes_per_trailer": 24.999949, "avg_trip_distance": 173.60681, "avg_trip_duration": 1.7805545, "total_trip_distance": 7113.8403, "total_trip_duration": 72.977135, "total_freight_value": 529340.0, "trip_transport_costs": 42956.0, "cst_per_tonne": 28.0, "cst_per_tonne_km": 0.13933078347810016, "co2_tn": 22.216793}, {"commodity": "Wheat", "industry": "grains", "sector": "cropping", "trips_count": 16, "trailer_loads": 236.74599999999992, "tonnes": 5918.6523, "tonne_kms": 1273628.5, "tonnes_per_trailer": 25.000008, "avg_trip_distance": 202.45982, "avg_trip_duration": 2.0897336, "total_trip_distance": 27123.16, "total_trip_duration": 279.4221, "total_freight_value": 2426646.0, "trip_transport_costs": 170540.0, "cst_per_tonne": 29.0, "cst_per_tonne_km": 0.13390073497595895, "co2_tn": 90.46039}]}}