{"orig_lga": "LGA_37340", "orig_name": "Whitsunday (R)", "orig_state": "QLD", "fetched_at": "2026-03-12T07:53:03.800895+00:00", "destinations": {"LGA_30370": [{"industry": "livestock", "sector": "livestock", "trips_count": 7, "trailer_loads": 34.54545, "tonnes": 700.0, "tonne_kms": 557676.8, "tonnes_per_trailer": 20.285717, "avg_trip_distance": 475.09338, "avg_trip_duration": 5.09513, "total_trip_distance": 15914.92, "total_trip_duration": 170.62755, "total_freight_value": 1911000.0, "trip_transport_costs": 93687.0, "cst_per_tonne": 134.0, "cst_per_tonne_km": 0.16799548838434536, "co2_tn": 49.926617}], "LGA_30410": [{"industry": "livestock", "sector": "livestock", "trips_count": 14, "trailer_loads": 70.0, "tonnes": 1400.0, "tonne_kms": 900558.94, "tonnes_per_trailer": 20.0, "avg_trip_distance": 349.7364, "avg_trip_duration": 3.8412044, "total_trip_distance": 19000.264, "total_trip_duration": 207.64641, "total_freight_value": 3017000.0, "trip_transport_costs": 139935.0, "cst_per_tonne": 100.0, "cst_per_tonne_km": 0.15538682784104982, "co2_tn": 80.09865}], "LGA_31000": [{"industry": "fruit", "sector": "horticulture", "trips_count": 63, "trailer_loads": 37.236632939999986, "tonnes": 622.341, "tonne_kms": 753623.4, "tonnes_per_trailer": 18.333342, "avg_trip_distance": 305.07446, "avg_trip_duration": 3.3377135, "total_trip_distance": 34312.176, "total_trip_duration": 375.63287, "total_freight_value": 2999692.0, "trip_transport_costs": 175080.0, "cst_per_tonne": 281.0, "cst_per_tonne_km": 0.23231713696735648, "co2_tn": 91.13548}, {"industry": "vegetables", "sector": "horticulture", "trips_count": 143, "trailer_loads": 1702.9990872700014, "tonnes": 23778.69, "tonne_kms": 28556444.0, "tonnes_per_trailer": 15.314686, "avg_trip_distance": 589.7422, "avg_trip_duration": 6.465397, "total_trip_distance": 1580287.2, "total_trip_duration": 17316.168, "total_freight_value": 172806104.0, "trip_transport_costs": 8012869.0, "cst_per_tonne": 337.0, "cst_per_tonne_km": 0.2805975923421975, "co2_tn": 4165.824}], "LGA_32270": [{"industry": "livestock", "sector": "livestock", "trips_count": 24, "trailer_loads": 120.0, "tonnes": 2400.0, "tonne_kms": 1224633.0, "tonnes_per_trailer": 20.0, "avg_trip_distance": 377.07568, "avg_trip_duration": 4.322051, "total_trip_distance": 30029.836, "total_trip_duration": 343.5914, "total_freight_value": 5172000.0, "trip_transport_costs": 198082.0, "cst_per_tonne": 83.0, "cst_per_tonne_km": 0.1617476850079779, "co2_tn": 104.14845}], "LGA_32310": [{"industry": "livestock", "sector": "livestock", "trips_count": 55, "trailer_loads": 285.0, "tonnes": 5700.0, "tonne_kms": 1817399.2, "tonnes_per_trailer": 20.0, "avg_trip_distance": 244.64503, "avg_trip_duration": 2.6322196, "total_trip_distance": 59917.58, "total_trip_duration": 645.5751, "total_freight_value": 12283500.0, "trip_transport_costs": 336524.0, "cst_per_tonne": 59.0, "cst_per_tonne_km": 0.18516813500803414, "co2_tn": 177.55096}], "LGA_33200": [{"industry": "livestock", "sector": "livestock", "trips_count": 8, "trailer_loads": 40.0, "tonnes": 800.0, "tonne_kms": 477547.0, "tonnes_per_trailer": 20.0, "avg_trip_distance": 314.36646, "avg_trip_duration": 3.7006974, "total_trip_distance": 11169.28, "total_trip_duration": 130.37984, "total_freight_value": 1724000.0, "trip_transport_costs": 78463.0, "cst_per_tonne": 98.0, "cst_per_tonne_km": 0.1643039642891171, "co2_tn": 44.774498}], "LGA_33980": [{"industry": "livestock", "sector": "livestock", "trips_count": 21, "trailer_loads": 104.54545, "tonnes": 2100.0, "tonne_kms": 726607.6, "tonnes_per_trailer": 20.09524, "avg_trip_distance": 230.83621, "avg_trip_duration": 2.5334008, "total_trip_distance": 20656.924, "total_trip_duration": 227.49648, "total_freight_value": 4928000.0, "trip_transport_costs": 125118.0, "cst_per_tonne": 60.0, "cst_per_tonne_km": 0.17219519113522583, "co2_tn": 66.40139}], "LGA_34770": [{"industry": "fruit", "sector": "horticulture", "trips_count": 10, "trailer_loads": 1.9700772200000003, "tonnes": 39.401516, "tonne_kms": 7543.9336, "tonnes_per_trailer": 19.999989, "avg_trip_distance": 34.047085, "avg_trip_duration": 0.3745321, "total_trip_distance": 340.47086, "total_trip_duration": 3.745321, "total_freight_value": 236409.0, "trip_transport_costs": 1659.0, "cst_per_tonne": 42.0, "cst_per_tonne_km": 0.2199342733998724, "co2_tn": 0.8013228}, {"industry": "vegetables", "sector": "horticulture", "trips_count": 24, "trailer_loads": 1.8937452600000004, "tonnes": 39.768627, "tonne_kms": 7908.371, "tonnes_per_trailer": 20.99999, "avg_trip_distance": 12.204373, "avg_trip_duration": 0.13976412, "total_trip_distance": 292.90497, "total_trip_duration": 3.354339, "total_freight_value": 178959.0, "trip_transport_costs": 1571.0, "cst_per_tonne": 39.0, "cst_per_tonne_km": 0.1986057225044602, "co2_tn": 0.77316195}, {"industry": "livestock", "sector": "livestock", "trips_count": 9, "trailer_loads": 41.3636, "tonnes": 900.0, "tonne_kms": 165031.9, "tonnes_per_trailer": 21.777798, "avg_trip_distance": 145.61186, "avg_trip_duration": 1.6086397, "total_trip_distance": 6552.5337, "total_trip_duration": 72.38879, "total_freight_value": 5159500.0, "trip_transport_costs": 32738.0, "cst_per_tonne": 36.0, "cst_per_tonne_km": 0.19837087669694944, "co2_tn": 15.904719}], "LGA_34880": [{"industry": "livestock", "sector": "livestock", "trips_count": 7, "trailer_loads": 35.0, "tonnes": 700.0, "tonne_kms": 437055.1, "tonnes_per_trailer": 20.0, "avg_trip_distance": 429.57092, "avg_trip_duration": 5.1011987, "total_trip_distance": 13464.086, "total_trip_duration": 161.16014, "total_freight_value": 1508500.0, "trip_transport_costs": 82127.0, "cst_per_tonne": 117.0, "cst_per_tonne_km": 0.18790902309012386, "co2_tn": 42.74725}], "LGA_35600": [{"industry": "livestock", "sector": "livestock", "trips_count": 6, "trailer_loads": 29.54545, "tonnes": 600.0, "tonne_kms": 563680.0, "tonnes_per_trailer": 20.333338, "avg_trip_distance": 448.18915, "avg_trip_duration": 4.797639, "total_trip_distance": 11257.471, "total_trip_duration": 120.384895, "total_freight_value": 1695500.0, "trip_transport_costs": 82607.0, "cst_per_tonne": 138.0, "cst_per_tonne_km": 0.14654903969506192, "co2_tn": 49.265854}], "LGA_37010": [{"industry": "fruit", "sector": "horticulture", "trips_count": 59, "trailer_loads": 39.930915459999994, "tonnes": 693.51483, "tonne_kms": 116590.82, "tonnes_per_trailer": 19.237288, "avg_trip_distance": 53.58103, "avg_trip_duration": 0.60503, "total_trip_distance": 6091.2783, "total_trip_duration": 68.91784, "total_freight_value": 3530466.0, "trip_transport_costs": 30313.0, "cst_per_tonne": 44.0, "cst_per_tonne_km": 0.25999339736506377, "co2_tn": 14.497999}, {"industry": "vegetables", "sector": "horticulture", "trips_count": 208, "trailer_loads": 1280.8723079800006, "tonnes": 18920.777, "tonne_kms": 3271003.8, "tonnes_per_trailer": 17.35096, "avg_trip_distance": 77.62028, "avg_trip_duration": 0.89967036, "total_trip_distance": 190886.22, "total_trip_duration": 2191.9631, "total_freight_value": 132518633.0, "trip_transport_costs": 974572.0, "cst_per_tonne": 52.0, "cst_per_tonne_km": 0.2979426597066638, "co2_tn": 469.34802}, {"industry": "livestock", "sector": "livestock", "trips_count": 62, "trailer_loads": 308.18175, "tonnes": 6300.0, "tonne_kms": 1368181.2, "tonnes_per_trailer": 20.483877, "avg_trip_distance": 173.65642, "avg_trip_duration": 1.932481, "total_trip_distance": 51098.96, "total_trip_duration": 569.4572, "total_freight_value": 19614000.0, "trip_transport_costs": 271122.0, "cst_per_tonne": 43.0, "cst_per_tonne_km": 0.1981621977839536, "co2_tn": 135.49435}], "LGA_37340": [{"industry": "sugar", "sector": "cropping", "trips_count": 6, "trailer_loads": 3160.4940000000006, "tonnes": 85333.33, "tonne_kms": 2017322.4, "tonnes_per_trailer": 26.999996, "avg_trip_distance": 25.790215, "avg_trip_duration": 0.29101276, "total_trip_distance": 74715.64, "total_trip_duration": 836.9586, "total_freight_value": 5120000.0, "trip_transport_costs": 517368.0,