{"orig_lga": "LGA_35740", "orig_name": "Noosa (S)", "orig_state": "QLD", "fetched_at": "2026-03-12T07:34:59.141727+00:00", "destinations": {"LGA_31000": [{"industry": "nuts", "sector": "horticulture", "trips_count": 7, "trailer_loads": 8.87835781, "tonnes": 159.81087, "tonne_kms": 24843.217, "tonnes_per_trailer": 18.000006, "avg_trip_distance": 56.22859, "avg_trip_duration": 0.6169569, "total_trip_distance": 1380.1786, "total_trip_duration": 14.954241, "total_freight_value": 4794315.0, "trip_transport_costs": 6388.0, "cst_per_tonne": 40.0, "cst_per_tonne_km": 0.2571309509543442, "co2_tn": 3.0272412}, {"industry": "fruit", "sector": "horticulture", "trips_count": 47, "trailer_loads": 18.991909834000005, "tonnes": 284.87854, "tonne_kms": 45965.363, "tonnes_per_trailer": 15.000006, "avg_trip_distance": 43.626995, "avg_trip_duration": 0.4804589, "total_trip_distance": 3064.3574, "total_trip_duration": 33.646652, "total_freight_value": 1727048.0, "trip_transport_costs": 14289.0, "cst_per_tonne": 50.0, "cst_per_tonne_km": 0.3108721823570704, "co2_tn": 6.7353873}, {"industry": "vegetables", "sector": "horticulture", "trips_count": 23, "trailer_loads": 367.4903151799999, "tonnes": 5516.567, "tonne_kms": 916577.94, "tonnes_per_trailer": 18.39131, "avg_trip_distance": 70.77163, "avg_trip_duration": 0.76187307, "total_trip_distance": 61057.777, "total_trip_duration": 653.5115, "total_freight_value": 38579110.0, "trip_transport_costs": 281754.0, "cst_per_tonne": 51.0, "cst_per_tonne_km": 0.3073972577308937, "co2_tn": 133.59187}, {"industry": "wood_product", "sector": "wood_product", "trips_count": 43, "trailer_loads": 292.259269, "tonnes": 5683.333, "tonne_kms": 871377.44, "tonnes_per_trailer": 20.720936, "avg_trip_distance": 145.63281, "avg_trip_duration": 1.6472993, "total_trip_distance": 44789.957, "total_trip_duration": 503.8722, "total_freight_value": 20096667.0, "trip_transport_costs": 209454.0, "cst_per_tonne": 37.0, "cst_per_tonne_km": 0.2403715650819282, "co2_tn": 98.923294}], "LGA_33220": [], "LGA_33430": [{"industry": "wood_product", "sector": "wood_product", "trips_count": 22, "trailer_loads": 110.0, "tonnes": 2200.0, "tonne_kms": 506469.3, "tonnes_per_trailer": 20.0, "avg_trip_distance": 230.21332, "avg_trip_duration": 2.514694, "total_trip_distance": 25323.465, "total_trip_duration": 276.61633, "total_freight_value": 11000000.0, "trip_transport_costs": 114828.0, "cst_per_tonne": 52.0, "cst_per_tonne_km": 0.22672200458930816, "co2_tn": 55.658276}], "LGA_33620": [{"industry": "wood_product", "sector": "wood_product", "trips_count": 13, "trailer_loads": 181.68494400000006, "tonnes": 3958.7915, "tonne_kms": 210746.83, "tonnes_per_trailer": 23.076927, "avg_trip_distance": 43.796696, "avg_trip_duration": 0.5176152, "total_trip_distance": 9711.105, "total_trip_duration": 114.298195, "total_freight_value": 9667579.0, "trip_transport_costs": 53341.0, "cst_per_tonne": 13.0, "cst_per_tonne_km": 0.25310496233629326, "co2_tn": 21.489082}], "LGA_35010": [], "LGA_35740": [{"industry": "waste", "sector": "waste", "trips_count": 122, "trailer_loads": 4557.599999999997, "tonnes": 45576.0, "tonne_kms": 798872.5, "tonnes_per_trailer": 10.0, "avg_trip_distance": 15.39299, "avg_trip_duration": 0.23314089, "total_trip_distance": 79887.25, "total_trip_duration": 1205.6438, "total_freight_value": 4557600.0, "trip_transport_costs": 660765.0, "cst_per_tonne": 14.0, "cst_per_tonne_km": 0.8271218327737393, "co2_tn": 185.73003}], "LGA_36720": [{"industry": "waste", "sector": "waste", "trips_count": 24, "trailer_loads": 518.4000000000002, "tonnes": 5184.0, "tonne_kms": 156517.7, "tonnes_per_trailer": 10.0, "avg_trip_distance": 29.643505, "avg_trip_duration": 0.4055325, "total_trip_distance": 15651.7705, "total_trip_duration": 214.12115, "total_freight_value": 518400.0, "trip_transport_costs": 103492.0, "cst_per_tonne": 20.0, "cst_per_tonne_km": 0.6612167264450816, "co2_tn": 35.444275}, {"industry": "wood_product", "sector": "wood_product", "trips_count": 6, "trailer_loads": 40.0, "tonnes": 800.0, "tonne_kms": 58261.6, "tonnes_per_trailer": 20.0, "avg_trip_distance": 72.17617, "avg_trip_duration": 0.85017776, "total_trip_distance": 2913.08, "total_trip_duration": 34.164165, "total_freight_value": 4000000.0, "trip_transport_costs": 15099.0, "cst_per_tonne": 19.0, "cst_per_tonne_km": 0.2591539511142161, "co2_tn": 6.489368}]}}