{"orig_lga": "LGA_33960", "orig_name": "Ipswich (C)", "orig_state": "QLD", "fetched_at": "2026-03-12T07:18:34.040665+00:00", "destinations": {"LGA_11350": [{"industry": "tissue_product", "sector": "wood_product", "trips_count": 6, "trailer_loads": 4.57234, "tonnes": 27.434061, "tonne_kms": 4179.289, "tonnes_per_trailer": 6.0000043, "avg_trip_distance": 116.09137, "avg_trip_duration": 1.2216312, "total_trip_distance": 696.5482, "total_trip_duration": 7.3297873, "total_freight_value": 82302.0, "trip_transport_costs": 3198.0, "cst_per_tonne": 117.0, "cst_per_tonne_km": 0.7653111996423959, "co2_tn": 1.5230117}], "LGA_14850": [], "LGA_16610": [{"industry": "grains", "sector": "cropping", "trips_count": 11, "trailer_loads": 54.231730000000006, "tonnes": 1355.7935, "tonne_kms": 312683.7, "tonnes_per_trailer": 25.000002, "avg_trip_distance": 231.24944, "avg_trip_duration": 2.5479302, "total_trip_distance": 8676.272, "total_trip_duration": 95.50276, "total_freight_value": 677897.0, "trip_transport_costs": 47883.0, "cst_per_tonne": 35.0, "cst_per_tonne_km": 0.1531365019891308, "co2_tn": 24.903563}], "LGA_17550": [], "LGA_31000": [{"industry": "meat", "sector": "cold_food", "trips_count": 42, "trailer_loads": 6051.001698000001, "tonnes": 108917.93, "tonne_kms": 6084826.5, "tonnes_per_trailer": 17.999992, "avg_trip_distance": 27.954346, "avg_trip_duration": 0.3743773, "total_trip_distance": 338045.94, "total_trip_duration": 4068.363, "total_freight_value": 3337869963.0, "trip_transport_costs": 1870952.0, "cst_per_tonne": 17.0, "cst_per_tonne_km": 0.30747832931007885, "co2_tn": 753.8153}, {"industry": "other_retail_ess", "sector": "general", "trips_count": 20, "trailer_loads": 7.490959999999999, "tonnes": 74.90961, "tonne_kms": 3027.8909, "tonnes_per_trailer": 10.0, "avg_trip_distance": 27.559763, "avg_trip_duration": 0.3345531, "total_trip_distance": 602.20825, "total_trip_duration": 7.316245, "total_freight_value": 224729.0, "trip_transport_costs": 1984.0, "cst_per_tonne": 26.0, "cst_per_tonne_km": 0.6552998623645918, "co2_tn": 0.5447048}, {"industry": "medicines", "sector": "health", "trips_count": 20, "trailer_loads": 53.35241, "tonnes": 213.40973, "tonne_kms": 9006.669, "tonnes_per_trailer": 4.000001, "avg_trip_distance": 39.592617, "avg_trip_duration": 0.4776787, "total_trip_distance": 4280.7397, "total_trip_duration": 51.77234, "total_freight_value": 746934200.0, "trip_transport_costs": 14559.0, "cst_per_tonne": 68.0, "cst_per_tonne_km": 1.6164642174868462, "co2_tn": 4.1283727}, {"industry": "ppe", "sector": "health", "trips_count": 20, "trailer_loads": 3.9167134999999997, "tonnes": 39.167133, "tonne_kms": 1585.4271, "tonnes_per_trailer": 10.0, "avg_trip_distance": 15.806427, "avg_trip_duration": 0.19203337, "total_trip_distance": 316.12854, "total_trip_duration": 3.8406672, "total_freight_value": 1958359.0, "trip_transport_costs": 1039.0, "cst_per_tonne": 27.0, "cst_per_tonne_km": 0.6554133792474126, "co2_tn": 0.28486073}, {"industry": "vegetables", "sector": "horticulture", "trips_count": 26, "trailer_loads": 9.11093896, "tonnes": 156.46059, "tonne_kms": 8016.4863, "tonnes_per_trailer": 18.692303, "avg_trip_distance": 14.310816, "avg_trip_duration": 0.1654949, "total_trip_distance": 463.2091, "total_trip_duration": 5.3765445, "total_freight_value": 922005.0, "trip_transport_costs": 2593.0, "cst_per_tonne": 17.0, "cst_per_tonne_km": 0.32339880198438137, "co2_tn": 1.0239232}, {"industry": "tissue_product", "sector": "wood_product", "trips_count": 19, "trailer_loads": 1563.7020439999994, "tonnes": 9382.213, "tonne_kms": 144009.03, "tonnes_per_trailer": 5.999998, "avg_trip_distance": 9.065656, "avg_trip_duration": 0.13746826, "total_trip_distance": 24001.508, "total_trip_duration": 330.6723, "total_freight_value": 23639432.0, "trip_transport_costs": 207006.0, "cst_per_tonne": 22.0, "cst_per_tonne_km": 1.4374514077250593, "co2_tn": 55.09285}, {"industry": "wood_product", "sector": "wood_product", "trips_count": 9, "trailer_loads": 711.137594, "tonnes": 15766.666, "tonne_kms": 894210.5, "tonnes_per_trailer": 23.111128, "avg_trip_distance": 71.54297, "avg_trip_duration": 0.7987081, "total_trip_distance": 41341.973, "total_trip_duration": 465.83362, "total_freight_value": 18973334.0, "trip_transport_costs": 220609.0, "cst_per_tonne": 14.0, "cst_per_tonne_km": 0.24670780017991648, "co2_tn": 90.838104}], "LGA_33430": [{"industry": "other_retail_ess", "sector": "general", "trips_count": 8, "trailer_loads": 3.1749929999999997, "tonnes": 31.74993, "tonne_kms": 3023.8274, "tonnes_per_trailer": 10.0, "avg_trip_distance": 66.19719, "avg_trip_duration": 0.72317845, "total_trip_distance": 604.7655, "total_trip_duration": 6.591135, "total_freight_value": 95250.0, "trip_transport_costs": 1667.0, "cst_per_tonne": 53.0, "cst_per_tonne_km": 0.5514003483239445, "co2_tn": 0.5358964}, {"industry": "ppe", "sector": "health", "trips_count": 8, "trailer_loads": 1.671015, "tonnes": 16.71015, "tonne_kms": 1591.4557, "tonnes_per_trailer": 10.0, "avg_trip_distance": 39.786396, "avg_trip_duration": 0.4336185, "total_trip_distance": 318.29117, "total_trip_duration": 3.468948, "total_freight_value": 835508.0, "trip_transport_costs": 878.0, "cst_per_tonne": 53.0, "cst_per_tonne_km": 0.551401024030841, "co2_tn": 0.28204536}, {"industry": "medicines", "sector": "health", "trips_count": 8, "trailer_loads": 21.51595, "tonnes": 86.06385, "tonne_kms": 8196.624, "tonnes_per_trailer": 4.0000014, "avg_trip_distance": 88.56163, "avg_trip_duration": 0.96774304, "total_trip_distance": 4098.3125, "total_trip_duration": 44.666122, "total_freight_value": 301223500.0, "trip_transport_costs": 11355.0, "cst_per_tonne": 132.0, "cst_per_tonne_km": 1.3853475456680369, "co2_tn": 3.6316032}, {"industry": "tissue_product", "sector": "wood_product", "trips_count": 7, "trailer_loads": 239.121196, "tonnes": 1434.7252, "tonne_kms": 59620.74, "tonnes_per_trailer": 6.0, "avg_trip_distance": 54.817158, "avg_trip_duration": 0.6077627, "total_trip_distance": 9936.79, "total_trip_duration": 108.30895, "total_freight_value": 3613865.0, "trip_transport_costs": 56835.0, "cst_per_tonne": 40.0, "cst_per_tonne_km": 0.9532772379351144, "co2_tn": 21.782057}], "LGA_33960": [{"industry": "meat", "sector": "cold_food", "trips_count": 48, "trailer_loads": 411.8476799999999, "tonnes": 7090.2446, "tonne_kms": 69984.78, "tonnes_per_trailer": 17.687489, "avg_trip_distance": 7.4897413, "avg_trip_duration": 0.123885304, "total_trip_distance": 4292.494, "total_trip_duration": 68.3034, "total_freight_value": 155193414.0, "trip_transport_costs": 47330.0, "cst_per_tonne": 7.0, "cst_per_tonne_km": 0.6762859206818557, "co2_tn": 10.210377}, {"industry": "livestock", "sector": "livestock", "trips_count": 12, "trailer_loads": 148.63629999999998, "tonnes": 3200.0, "tonne_kms": 58896.8, "tonnes_per_trailer": 20.833342, "avg_trip_distance": 16.984423, "avg_trip_duration": 0.21990208, "total_trip_distance": 2720.4163, "total_trip_duration": 33.956947, "total_freight_value": 16958500.0, "trip_transport_costs": 21313.0, "cst_per_tonne": 7.0, "cst_per_tonne_km": 0.36187293727272957, "co2_tn": 6.174114}, {"industry": "waste", "sector": "waste", "trips_count": 194, "trailer_loads": 8925.120000000014, "tonnes": 89251.195, "tonne_kms": 605957.0, "tonnes_per_trailer": 10.0, "avg_trip_distance": 8.476052, "avg_trip_duration": 0.12308941, "total_trip_distance": 60595.7, "total_trip_duration": 885.4279, "total_freight_value": 8925120.0, "trip_transport_costs": 837921.0, "cst_per_tonne": 9.0, "cst_per_tonne_km": 1.3828064174050045, "co2_tn": 140.54478}, {"industry": "tissue_product", "sector": "wood_product", "trips_count": 22, "trailer_loads": 85.10987399999996, "tonnes": 510.65976, "tonne_kms": 6121.8833, "tonnes_per_trailer": 6.000001, "avg_trip_distance": 12.543306, "avg_trip_duration": 0.18186742, "total_trip_distance": 1020.3139, "total_trip_duration": 14.933038, "total_freight_value": 1531980.0, "trip_transport_costs": 10059.0, "cst_per_tonne": 20.0,