{"orig_lga": "LGA_34880", "orig_name": "Mareeba (S)", "orig_state": "QLD", "fetched_at": "2026-03-12T07:26:30.354174+00:00", "destinations": {"LGA_30370": [], "LGA_30410": [{"industry": "livestock", "sector": "livestock", "trips_count": 10, "trailer_loads": 50.0, "tonnes": 1000.0, "tonne_kms": 1005030.5, "tonnes_per_trailer": 20.0, "avg_trip_distance": 521.1553, "avg_trip_duration": 6.027033, "total_trip_distance": 20374.791, "total_trip_duration": 232.03488, "total_freight_value": 2155000.0, "trip_transport_costs": 153133.0, "cst_per_tonne": 153.0, "cst_per_tonne_km": 0.1523662977065746, "co2_tn": 92.716484}], "LGA_30760": [{"industry": "livestock", "sector": "livestock", "trips_count": 7, "trailer_loads": 89.0909, "tonnes": 1900.0, "tonne_kms": 2285547.2, "tonnes_per_trailer": 20.285715, "avg_trip_distance": 523.2107, "avg_trip_duration": 5.5536914, "total_trip_distance": 40854.445, "total_trip_duration": 439.68686, "total_freight_value": 9327000.0, "trip_transport_costs": 310716.0, "cst_per_tonne": 164.0, "cst_per_tonne_km": 0.13594839847710433, "co2_tn": 194.11449}], "LGA_30900": [{"industry": "livestock", "sector": "livestock", "trips_count": 14, "trailer_loads": 80.0, "tonnes": 1600.0, "tonne_kms": 1909600.6, "tonnes_per_trailer": 20.0, "avg_trip_distance": 462.72357, "avg_trip_duration": 5.434091, "total_trip_distance": 35777.69, "total_trip_duration": 421.94443, "total_freight_value": 3448000.0, "trip_transport_costs": 282439.0, "cst_per_tonne": 177.0, "cst_per_tonne_km": 0.14790450038064243, "co2_tn": 174.9191}], "LGA_31000": [{"industry": "vegetables", "sector": "horticulture", "trips_count": 21, "trailer_loads": 22.937056004000002, "tonnes": 475.27408, "tonne_kms": 899704.0, "tonnes_per_trailer": 19.00001, "avg_trip_distance": 180.61586, "avg_trip_duration": 1.9531406, "total_trip_distance": 21964.393, "total_trip_duration": 237.45041, "total_freight_value": 2173597.0, "trip_transport_costs": 135313.0, "cst_per_tonne": 285.0, "cst_per_tonne_km": 0.15039684544000712, "co2_tn": 77.37737}, {"industry": "fruit", "sector": "horticulture", "trips_count": 367, "trailer_loads": 379.7946857690002, "tonnes": 6085.161, "tonne_kms": 11495297.0, "tonnes_per_trailer": 16.47684, "avg_trip_distance": 345.46246, "avg_trip_duration": 3.739155, "total_trip_distance": 363401.62, "total_trip_duration": 3932.1484, "total_freight_value": 33545223.0, "trip_transport_costs": 2237606.0, "cst_per_tonne": 368.0, "cst_per_tonne_km": 0.19465407783957017, "co2_tn": 1278.878}], "LGA_32080": [{"industry": "meat", "sector": "cold_food", "trips_count": 47, "trailer_loads": 298.5904759999997, "tonnes": 5374.6284, "tonne_kms": 345620.8, "tonnes_per_trailer": 18.000008, "avg_trip_distance": 50.71183, "avg_trip_duration": 0.6756414, "total_trip_distance": 19201.156, "total_trip_duration": 256.27585, "total_freight_value": 96743290.0, "trip_transport_costs": 106360.0, "cst_per_tonne": 20.0, "cst_per_tonne_km": 0.3077353927281985, "co2_tn": 43.574047}, {"industry": "vegetables", "sector": "horticulture", "trips_count": 14, "trailer_loads": 3.763686531, "tonnes": 79.03754, "tonne_kms": 7886.8657, "tonnes_per_trailer": 21.00002, "avg_trip_distance": 14.352853, "avg_trip_duration": 0.17856936, "total_trip_distance": 374.9386, "total_trip_duration": 4.652716, "total_freight_value": 355669.0, "trip_transport_costs": 1901.0, "cst_per_tonne": 24.0, "cst_per_tonne_km": 0.2409806953011059, "co2_tn": 0.83838296}, {"industry": "fruit", "sector": "horticulture", "trips_count": 164, "trailer_loads": 73.94164827000004, "tonnes": 1209.9667, "tonne_kms": 103856.016, "tonnes_per_trailer": 17.932928, "avg_trip_distance": 20.451647, "avg_trip_duration": 0.2591051, "total_trip_distance": 6230.6597, "total_trip_duration": 78.87033, "total_freight_value": 8817937.0, "trip_transport_costs": 32858.0, "cst_per_tonne": 27.0, "cst_per_tonne_km": 0.31637879490273696, "co2_tn": 14.187938}], "LGA_32250": [{"industry": "livestock", "sector": "livestock", "trips_count": 25, "trailer_loads": 175.0, "tonnes": 3500.0, "tonne_kms": 2422706.8, "tonnes_per_trailer": 20.0, "avg_trip_distance": 324.62595, "avg_trip_duration": 3.844573, "total_trip_distance": 48449.957, "total_trip_duration": 587.9918, "total_freight_value": 7542500.0, "trip_transport_costs": 382459.0, "cst_per_tonne": 109.0, "cst_per_tonne_km": 0.15786437460394248, "co2_tn": 225.43333}], "LGA_32260": [{"industry": "livestock", "sector": "livestock", "trips_count": 10, "trailer_loads": 49.54545, "tonnes": 1000.0, "tonne_kms": 167977.2, "tonnes_per_trailer": 20.200003, "avg_trip_distance": 158.54184, "avg_trip_duration": 1.8339586, "total_trip_distance": 7927.0923, "total_trip_duration": 91.69794, "total_freight_value": 2557500.0, "trip_transport_costs": 38187.0, "cst_per_tonne": 38.0, "cst_per_tonne_km": 0.22733221925761693, "co2_tn": 18.093447}, {"industry": "wood_product", "sector": "wood_product", "trips_count": 7, "trailer_loads": 541.0936, "tonnes": 9803.348, "tonne_kms": 1496128.0, "tonnes_per_trailer": 18.285706, "avg_trip_distance": 147.77663, "avg_trip_duration": 2.033977, "total_trip_distance": 88408.74, "total_trip_duration": 1155.1672, "total_freight_value": 5566745.0, "trip_transport_costs": 409307.0, "cst_per_tonne": 42.0, "cst_per_tonne_km": 0.2735772970607294, "co2_tn": 183.31589}], "LGA_32270": [{"industry": "livestock", "sector": "livestock", "trips_count": 13, "trailer_loads": 65.0, "tonnes": 1300.0, "tonne_kms": 1421130.2, "tonnes_per_trailer": 20.0, "avg_trip_distance": 613.5802, "avg_trip_duration": 6.6873903, "total_trip_distance": 33370.027, "total_trip_duration": 363.86176, "total_freight_value": 2801500.0, "trip_transport_costs": 219866.0, "cst_per_tonne": 169.0, "cst_per_tonne_km": 0.1547123244036305, "co2_tn": 130.71634}], "LGA_32310": [{"industry": "livestock", "sector": "livestock", "trips_count": 45, "trailer_loads": 556.818, "tonnes": 11800.0, "tonne_kms": 6333736.0, "tonnes_per_trailer": 20.044445, "avg_trip_distance": 388.57437, "avg_trip_duration": 4.3238707, "total_trip_distance": 191746.22, "total_trip_duration": 2125.7078, "total_freight_value": 54811500.0, "trip_transport_costs": 1133475.0, "cst_per_tonne": 96.0, "cst_per_tonne_km": 0.17895828747070647, "co2_tn": 585.6907}], "LGA_32450": [{"industry": "livestock", "sector": "livestock", "trips_count": 18, "trailer_loads": 98.18185, "tonnes": 2000.0, "tonne_kms": 1907666.0, "tonnes_per_trailer": 20.22222, "avg_trip_distance": 382.0578, "avg_trip_duration": 4.1713433, "total_trip_distance": 36782.9, "total_trip_duration": 401.57974, "total_freight_value": 5920000.0, "trip_transport_costs": 277730.0, "cst_per_tonne": 139.0, "cst_per_tonne_km": 0.14558612932472192, "co2_tn": 170.85117}], "LGA_32600": [{"industry": "livestock", "sector": "livestock", "trips_count": 12, "trailer_loads": 65.0, "tonnes": 1300.0, "tonne_kms": 728710.0, "tonnes_per_trailer": 20.0, "avg_trip_distance": 257.21716, "avg_trip_duration": 3.268316, "total_trip_distance": 16077.526, "total_trip_duration": 201.40889, "total_freight_value": 2801500.0, "trip_transport_costs": 119880.0, "cst_per_tonne": 92.0, "cst_per_tonne_km": 0.16451032287578393, "co2_tn": 68.44301}], "LGA_32810": [], "LGA_33100": [{"industry": "livestock", "sector": "livestock", "trips_count": 22, "trailer_loads": 115.0, "tonnes": 2300.0, "tonne_kms": 904738.7, "tonnes_per_trailer": 20.0, "avg_trip_distance": 214.60663, "avg_trip_duration": 2.7924917, "total_trip_distance": 22675.143, "total_trip_duration": 291.044, "total_freight_value": 4956500.0, "trip_transport_costs": 160752.0, "cst_per_tonne": 70.0, "cst_per_tonne_km": 0.17767777454854194, "co2_tn": 88.13133}], "LGA_33200": [{"industry": "livestock", "sector": "livestock", "trips_count": 18, "trailer_loads": 100.0, "tonnes": 2000.0, "tonne_kms": 1303180.6, "tonnes_per_trailer": 20.0, "avg_trip_distance": 309.8606, "avg_trip_duration": 3.4004219, "total_trip_distance": 28670.521, "total_trip_duration": 315.17493, "total_freight_value": 4310000.0,