{"orig_lga": "LGA_36820", "orig_name": "Tablelands (R)", "orig_state": "QLD", "fetched_at": "2026-03-12T07:45:47.891101+00:00", "destinations": {"LGA_30370": [], "LGA_30410": [{"industry": "livestock", "sector": "livestock", "trips_count": 6, "trailer_loads": 30.0, "tonnes": 600.0, "tonne_kms": 586008.6, "tonnes_per_trailer": 20.0, "avg_trip_distance": 445.32632, "avg_trip_duration": 4.713476, "total_trip_distance": 10713.504, "total_trip_duration": 113.62722, "total_freight_value": 1293000.0, "trip_transport_costs": 84511.0, "cst_per_tonne": 141.0, "cst_per_tonne_km": 0.14421430263985022, "co2_tn": 52.88695}], "LGA_31000": [{"industry": "dairy_product", "sector": "cold_food", "trips_count": 9, "trailer_loads": 222.86927999999997, "tonnes": 4621.383, "tonne_kms": 8373492.5, "tonnes_per_trailer": 20.555552, "avg_trip_distance": 880.06134, "avg_trip_duration": 9.511828, "total_trip_distance": 201453.39, "total_trip_duration": 2175.38, "total_freight_value": 16307899.0, "trip_transport_costs": 1252142.0, "cst_per_tonne": 271.0, "cst_per_tonne_km": 0.14953646437142268, "co2_tn": 716.26074}, {"industry": "fruit", "sector": "horticulture", "trips_count": 103, "trailer_loads": 441.41679633000007, "tonnes": 7513.9707, "tonne_kms": 13965263.0, "tonnes_per_trailer": 15.825236, "avg_trip_distance": 540.0149, "avg_trip_duration": 5.839936, "total_trip_distance": 414484.16, "total_trip_duration": 4484.194, "total_freight_value": 34224290.0, "trip_transport_costs": 2562521.0, "cst_per_tonne": 341.0, "cst_per_tonne_km": 0.18349253148049804, "co2_tn": 1461.1157}, {"industry": "vegetables", "sector": "horticulture", "trips_count": 26, "trailer_loads": 452.61084829999993, "tonnes": 9503.867, "tonne_kms": 17563382.0, "tonnes_per_trailer": 20.96153, "avg_trip_distance": 653.2289, "avg_trip_duration": 7.0539703, "total_trip_distance": 409428.84, "total_trip_duration": 4419.955, "total_freight_value": 42738486.0, "trip_transport_costs": 2578967.0, "cst_per_tonne": 271.0, "cst_per_tonne_km": 0.14683772944104906, "co2_tn": 1481.0674}], "LGA_31900": [], "LGA_32080": [{"industry": "meat", "sector": "cold_food", "trips_count": 14, "trailer_loads": 40.962933, "tonnes": 737.3341, "tonne_kms": 62867.918, "tonnes_per_trailer": 18.000017, "avg_trip_distance": 72.26779, "avg_trip_duration": 0.8905189, "total_trip_distance": 3492.6624, "total_trip_duration": 43.187878, "total_freight_value": 24055306.0, "trip_transport_costs": 18052.0, "cst_per_tonne": 24.0, "cst_per_tonne_km": 0.28713624890620437, "co2_tn": 7.788094}, {"industry": "vegetables", "sector": "horticulture", "trips_count": 27, "trailer_loads": 77.07576707000001, "tonnes": 1617.6559, "tonne_kms": 129746.78, "tonnes_per_trailer": 20.592594, "avg_trip_distance": 37.443195, "avg_trip_duration": 0.47754145, "total_trip_distance": 6181.6416, "total_trip_duration": 79.03097, "total_freight_value": 7252761.0, "trip_transport_costs": 32598.0, "cst_per_tonne": 20.0, "cst_per_tonne_km": 0.2512417245863003, "co2_tn": 13.843115}, {"industry": "fruit", "sector": "horticulture", "trips_count": 47, "trailer_loads": 136.3544294, "tonnes": 2340.3804, "tonne_kms": 193020.11, "tonnes_per_trailer": 17.127651, "avg_trip_distance": 55.763603, "avg_trip_duration": 0.7054356, "total_trip_distance": 11216.005, "total_trip_duration": 143.08508, "total_freight_value": 10501506.0, "trip_transport_costs": 58906.0, "cst_per_tonne": 25.0, "cst_per_tonne_km": 0.3051801098528362, "co2_tn": 25.135078}, {"industry": "livestock", "sector": "livestock", "trips_count": 11, "trailer_loads": 518.4, "tonnes": 12960.0, "tonne_kms": 1509504.1, "tonnes_per_trailer": 25.0, "avg_trip_distance": 114.27922, "avg_trip_duration": 1.337708, "total_trip_distance": 50604.02, "total_trip_duration": 593.7468, "total_freight_value": 20736000.0, "trip_transport_costs": 270309.0, "cst_per_tonne": 21.0, "cst_per_tonne_km": 0.17907106658080513, "co2_tn": 126.51273}], "LGA_32250": [{"industry": "livestock", "sector": "livestock", "trips_count": 11, "trailer_loads": 55.0, "tonnes": 1100.0, "tonne_kms": 680212.0, "tonnes_per_trailer": 20.0, "avg_trip_distance": 386.93637, "avg_trip_duration": 4.1938744, "total_trip_distance": 12062.724, "total_trip_duration": 130.0624, "total_freight_value": 2370500.0, "trip_transport_costs": 100163.0, "cst_per_tonne": 91.0, "cst_per_tonne_km": 0.1472532759088343, "co2_tn": 61.15643}], "LGA_32260": [{"industry": "wood_product", "sector": "wood_product", "trips_count": 10, "trailer_loads": 1111.1113, "tonnes": 19999.973, "tonne_kms": 2030428.1, "tonnes_per_trailer": 17.999994, "avg_trip_distance": 109.35961, "avg_trip_duration": 1.2925677, "total_trip_distance": 112801.56, "total_trip_duration": 1306.4783, "total_freight_value": 5200005.0, "trip_transport_costs": 555623.0, "cst_per_tonne": 28.0, "cst_per_tonne_km": 0.2736483127019086, "co2_tn": 248.92743}], "LGA_32310": [{"industry": "livestock", "sector": "livestock", "trips_count": 20, "trailer_loads": 100.0, "tonnes": 2000.0, "tonne_kms": 856604.5, "tonnes_per_trailer": 20.0, "avg_trip_distance": 250.35005, "avg_trip_duration": 2.7386706, "total_trip_distance": 19594.055, "total_trip_duration": 214.1944, "total_freight_value": 4310000.0, "trip_transport_costs": 139046.0, "cst_per_tonne": 70.0, "cst_per_tonne_km": 0.16232279627779286, "co2_tn": 79.40391}], "LGA_32450": [], "LGA_33100": [{"industry": "livestock", "sector": "livestock", "trips_count": 7, "trailer_loads": 35.0, "tonnes": 700.0, "tonne_kms": 200569.89, "tonnes_per_trailer": 20.0, "avg_trip_distance": 139.43146, "avg_trip_duration": 1.492353, "total_trip_distance": 3963.3174, "total_trip_duration": 42.442528, "total_freight_value": 1508500.0, "trip_transport_costs": 30880.0, "cst_per_tonne": 44.0, "cst_per_tonne_km": 0.15396117035029794, "co2_tn": 18.115385}], "LGA_33980": [{"industry": "livestock", "sector": "livestock", "trips_count": 6, "trailer_loads": 30.0, "tonnes": 600.0, "tonne_kms": 515936.5, "tonnes_per_trailer": 20.0, "avg_trip_distance": 452.18945, "avg_trip_duration": 4.9245057, "total_trip_distance": 13565.684, "total_trip_duration": 147.73517, "total_freight_value": 1293000.0, "trip_transport_costs": 85645.0, "cst_per_tonne": 143.0, "cst_per_tonne_km": 0.1659982283127381, "co2_tn": 48.56058}], "LGA_34800": [{"industry": "livestock", "sector": "livestock", "trips_count": 9, "trailer_loads": 44.0909, "tonnes": 900.0, "tonne_kms": 717003.0, "tonnes_per_trailer": 20.44445, "avg_trip_distance": 357.68808, "avg_trip_duration": 3.7557375, "total_trip_distance": 12285.58, "total_trip_duration": 129.20511, "total_freight_value": 2744500.0, "trip_transport_costs": 101265.0, "cst_per_tonne": 113.0, "cst_per_tonne_km": 0.14123385488798512, "co2_tn": 63.16999}], "LGA_34860": [{"industry": "livestock", "sector": "livestock", "trips_count": 7, "trailer_loads": 35.0, "tonnes": 700.0, "tonne_kms": 961413.2, "tonnes_per_trailer": 20.0, "avg_trip_distance": 627.0897, "avg_trip_duration": 6.744329, "total_trip_distance": 21123.975, "total_trip_duration": 227.23547, "total_freight_value": 1508500.0, "trip_transport_costs": 141717.0, "cst_per_tonne": 202.0, "cst_per_tonne_km": 0.14740508373383426, "co2_tn": 84.96534}], "LGA_34880": [{"industry": "meat", "sector": "cold_food", "trips_count": 8, "trailer_loads": 235.89264, "tonnes": 3092.428, "tonne_kms": 84624.805, "tonnes_per_trailer": 14.874993, "avg_trip_distance": 25.061293, "avg_trip_duration": 0.31085604, "total_trip_distance": 6460.386, "total_trip_duration": 81.77513, "total_freight_value": 21064746.0, "trip_transport_costs": 43400.0, "cst_per_tonne": 14.0, "cst_per_tonne_km": 0.5128495766440331, "co2_tn": 14.587172}, {"industry": "grains", "sector": "cropping", "trips_count": 11, "trailer_loads": 556.6089300000001, "tonnes": 13915.213, "tonne_kms": 621411.1, "tonnes_per_trailer": 24.999987, "avg_trip_distance": 35.75498, "avg_trip_duration": 0.40753838, "total_trip_distance": 24856.445, "total_trip_duration": 275.54376, "total_freight_value": 6957612.0,