{"orig_lga": "LGA_35760", "orig_name": "North Burnett (R)", "orig_state": "QLD", "fetched_at": "2026-03-12T07:35:10.100180+00:00", "destinations": {"LGA_30370": [{"industry": "livestock", "sector": "livestock", "trips_count": 49, "trailer_loads": 291.06057, "tonnes": 6033.333, "tonne_kms": 1178906.6, "tonnes_per_trailer": 20.4898, "avg_trip_distance": 188.42552, "avg_trip_duration": 2.0391562, "total_trip_distance": 55694.836, "total_trip_duration": 603.3525, "total_freight_value": 22393500.0, "trip_transport_costs": 258918.0, "cst_per_tonne": 43.0, "cst_per_tonne_km": 0.21962514385681312, "co2_tn": 123.83335}, {"industry": "waste", "sector": "waste", "trips_count": 7, "trailer_loads": 151.2, "tonnes": 1512.0, "tonne_kms": 142022.81, "tonnes_per_trailer": 10.0, "avg_trip_distance": 92.2226, "avg_trip_duration": 0.9957483, "total_trip_distance": 14202.28, "total_trip_duration": 153.34525, "total_freight_value": 151200.0, "trip_transport_costs": 69143.0, "cst_per_tonne": 46.0, "cst_per_tonne_km": 0.4868438554105524, "co2_tn": 30.983738}], "LGA_30410": [{"industry": "livestock", "sector": "livestock", "trips_count": 10, "trailer_loads": 50.0, "tonnes": 1000.0, "tonne_kms": 707887.7, "tonnes_per_trailer": 20.0, "avg_trip_distance": 452.80554, "avg_trip_duration": 4.843164, "total_trip_distance": 22640.277, "total_trip_duration": 242.15819, "total_freight_value": 2155000.0, "trip_transport_costs": 124454.0, "cst_per_tonne": 124.0, "cst_per_tonne_km": 0.17580969655055625, "co2_tn": 64.144264}], "LGA_31000": [{"industry": "fruit", "sector": "horticulture", "trips_count": 1183, "trailer_loads": 3224.673217415, "tonnes": 63599.836, "tonne_kms": 22900772.0, "tonnes_per_trailer": 18.905325, "avg_trip_distance": 146.80917, "avg_trip_duration": 1.6161778, "total_trip_distance": 1119192.5, "total_trip_duration": 12334.896, "total_freight_value": 249836848.0, "trip_transport_costs": 5104798.0, "cst_per_tonne": 80.0, "cst_per_tonne_km": 0.22290941243841952, "co2_tn": 2510.721}, {"industry": "livestock", "sector": "livestock", "trips_count": 12, "trailer_loads": 181.38550999999993, "tonnes": 4239.547, "tonne_kms": 1381275.2, "tonnes_per_trailer": 22.416693, "avg_trip_distance": 308.55063, "avg_trip_duration": 3.3609257, "total_trip_distance": 57320.1, "total_trip_duration": 627.75586, "total_freight_value": 15843520.0, "trip_transport_costs": 260230.0, "cst_per_tonne": 61.0, "cst_per_tonne_km": 0.1883986151480534, "co2_tn": 128.3041}], "LGA_31820": [{"industry": "livestock", "sector": "livestock", "trips_count": 8, "trailer_loads": 40.0, "tonnes": 800.0, "tonne_kms": 97280.6, "tonnes_per_trailer": 20.0, "avg_trip_distance": 121.600746, "avg_trip_duration": 1.3308125, "total_trip_distance": 4864.03, "total_trip_duration": 53.2325, "total_freight_value": 1724000.0, "trip_transport_costs": 23320.0, "cst_per_tonne": 29.0, "cst_per_tonne_km": 0.23971870280094218, "co2_tn": 10.69247}, {"industry": "waste", "sector": "waste", "trips_count": 8, "trailer_loads": 172.79999999999998, "tonnes": 1728.0, "tonne_kms": 172756.8, "tonnes_per_trailer": 10.0, "avg_trip_distance": 98.15727, "avg_trip_duration": 1.0611368, "total_trip_distance": 17275.68, "total_trip_duration": 186.76009, "total_freight_value": 172800.0, "trip_transport_costs": 84483.0, "cst_per_tonne": 49.0, "cst_per_tonne_km": 0.4890276411994463, "co2_tn": 37.882042}], "LGA_32270": [{"industry": "livestock", "sector": "livestock", "trips_count": 27, "trailer_loads": 135.0, "tonnes": 2700.0, "tonne_kms": 1235405.1, "tonnes_per_trailer": 20.0, "avg_trip_distance": 308.00455, "avg_trip_duration": 3.311988, "total_trip_distance": 41580.613, "total_trip_duration": 447.1184, "total_freight_value": 5818500.0, "trip_transport_costs": 229336.0, "cst_per_tonne": 85.0, "cst_per_tonne_km": 0.1856365511513379, "co2_tn": 118.29965}], "LGA_32310": [{"industry": "livestock", "sector": "livestock", "trips_count": 8, "trailer_loads": 40.0, "tonnes": 800.0, "tonne_kms": 821250.2, "tonnes_per_trailer": 20.0, "avg_trip_distance": 529.7825, "avg_trip_duration": 5.6668606, "total_trip_distance": 21191.3, "total_trip_duration": 226.67441, "total_freight_value": 1724000.0, "trip_transport_costs": 131455.0, "cst_per_tonne": 164.0, "cst_per_tonne_km": 0.16006641132425922, "co2_tn": 75.991486}], "LGA_33220": [{"industry": "livestock", "sector": "livestock", "trips_count": 6, "trailer_loads": 30.0, "tonnes": 600.0, "tonne_kms": 110717.6, "tonnes_per_trailer": 20.0, "avg_trip_distance": 184.52933, "avg_trip_duration": 2.017925, "total_trip_distance": 5535.88, "total_trip_duration": 60.53775, "total_freight_value": 1293000.0, "trip_transport_costs": 25472.0, "cst_per_tonne": 42.0, "cst_per_tonne_km": 0.23005985217670544, "co2_tn": 12.118159}, {"industry": "waste", "sector": "waste", "trips_count": 11, "trailer_loads": 237.59999999999997, "tonnes": 2376.0, "tonne_kms": 441232.9, "tonnes_per_trailer": 10.0, "avg_trip_distance": 182.32765, "avg_trip_duration": 1.9823251, "total_trip_distance": 44123.293, "total_trip_duration": 479.7227, "total_freight_value": 237600.0, "trip_transport_costs": 201364.0, "cst_per_tonne": 85.0, "cst_per_tonne_km": 0.45636721461518376, "co2_tn": 96.47504}], "LGA_33360": [{"industry": "livestock", "sector": "livestock", "trips_count": 7, "trailer_loads": 35.0, "tonnes": 700.0, "tonne_kms": 133044.3, "tonnes_per_trailer": 20.0, "avg_trip_distance": 190.0633, "avg_trip_duration": 2.1183262, "total_trip_distance": 6652.215, "total_trip_duration": 74.14142, "total_freight_value": 1508500.0, "trip_transport_costs": 30928.0, "cst_per_tonne": 44.0, "cst_per_tonne_km": 0.2324645145061531, "co2_tn": 14.658645}, {"industry": "wood_product", "sector": "wood_product", "trips_count": 7, "trailer_loads": 43.999987000000004, "tonnes": 1099.9996, "tonne_kms": 194574.5, "tonnes_per_trailer": 25.000015, "avg_trip_distance": 148.66083, "avg_trip_duration": 1.7031416, "total_trip_distance": 7782.98, "total_trip_duration": 89.683815, "total_freight_value": 1540000.0, "trip_transport_costs": 36790.0, "cst_per_tonne": 33.0, "cst_per_tonne_km": 0.18908016324161825, "co2_tn": 17.227777}], "LGA_33620": [{"industry": "livestock", "sector": "livestock", "trips_count": 40, "trailer_loads": 220.45456, "tonnes": 4500.0, "tonne_kms": 786198.1, "tonnes_per_trailer": 20.25, "avg_trip_distance": 170.5661, "avg_trip_duration": 1.8723773, "total_trip_distance": 38132.086, "total_trip_duration": 419.43774, "total_freight_value": 13722500.0, "trip_transport_costs": 177214.0, "cst_per_tonne": 39.0, "cst_per_tonne_km": 0.22540583367434022, "co2_tn": 84.0383}, {"industry": "wood_product", "sector": "wood_product", "trips_count": 12, "trailer_loads": 174.95473300000003, "tonnes": 4248.869, "tonne_kms": 972984.25, "tonnes_per_trailer": 24.16669, "avg_trip_distance": 215.499, "avg_trip_duration": 2.4010694, "total_trip_distance": 40284.715, "total_trip_duration": 449.75836, "total_freight_value": 8247729.0, "trip_transport_costs": 184292.0, "cst_per_tonne": 43.0, "cst_per_tonne_km": 0.18940945944130375, "co2_tn": 88.53988}], "LGA_33980": [{"industry": "livestock", "sector": "livestock", "trips_count": 29, "trailer_loads": 155.0, "tonnes": 3100.0, "tonne_kms": 1826579.9, "tonnes_per_trailer": 20.0, "avg_trip_distance": 393.12634, "avg_trip_duration": 4.288872, "total_trip_distance": 60696.83, "total_trip_duration": 661.53467, "total_freight_value": 6680500.0, "trip_transport_costs": 337125.0, "cst_per_tonne": 109.0, "cst_per_tonne_km": 0.18456601914103263, "co2_tn": 172.1241}], "LGA_34530": [{"industry": "livestock", "sector": "livestock", "trips_count": 8, "trailer_loads": 40.0, "tonnes": 800.0, "tonne_kms": 247086.5, "tonnes_per_trailer": 20.0, "avg_trip_distance": 308.85812, "avg_trip_duration": 3.5014312, "total_trip_distance": 12354.325, "total_trip_duration": 140.05725, "total_freight_value": 1724000.0, "trip_transport_costs": 55927.0, "cst_per_tonne": 70.0, "cst_per_tonne_km": 0.22634592328053638, "co2_tn": 27.206383}], "LGA_34860": [{"industry": "livestock",