{"orig_lga": "LGA_31900", "orig_name": "Burdekin (S)", "orig_state": "QLD", "fetched_at": "2026-03-12T06:55:44.277331+00:00", "destinations": {"LGA_31000": [{"industry": "fruit", "sector": "horticulture", "trips_count": 37, "trailer_loads": 226.01024443499998, "tonnes": 4439.362, "tonne_kms": 6112520.5, "tonnes_per_trailer": 16.756756, "avg_trip_distance": 381.41772, "avg_trip_duration": 4.1269298, "total_trip_distance": 194644.88, "total_trip_duration": 2114.5059, "total_freight_value": 26139607.0, "trip_transport_costs": 1087513.0, "cst_per_tonne": 245.0, "cst_per_tonne_km": 0.17791560719819915, "co2_tn": 588.71155}], "LGA_31900": [{"industry": "sugar", "sector": "cropping", "trips_count": 9, "trailer_loads": 6296.2919999999995, "tonnes": 170000.11, "tonne_kms": 3464055.5, "tonnes_per_trailer": 27.000034, "avg_trip_distance": 14.544062, "avg_trip_duration": 0.16837162, "total_trip_distance": 128298.35, "total_trip_duration": 1491.8857, "total_freight_value": 10200000.0, "trip_transport_costs": 949989.0, "cst_per_tonne": 6.0, "cst_per_tonne_km": 0.2742417872590018, "co2_tn": 284.89426}, {"industry": "food", "sector": "food", "trips_count": 12, "trailer_loads": 6.118451000000001, "tonnes": 134.60605, "tonne_kms": 1307.4951, "tonnes_per_trailer": 22.000038, "avg_trip_distance": 3.2833633, "avg_trip_duration": 0.044780426, "total_trip_distance": 59.431595, "total_trip_duration": 0.83706546, "total_freight_value": 436124.0, "trip_transport_costs": 654.0, "cst_per_tonne": 5.0, "cst_per_tonne_km": 0.50019927308958, "co2_tn": 0.13651507}, {"industry": "waste", "sector": "waste", "trips_count": 50, "trailer_loads": 1248.4799999999996, "tonnes": 12484.8, "tonne_kms": 128918.48, "tonnes_per_trailer": 10.0, "avg_trip_distance": 8.121773, "avg_trip_duration": 0.10547935, "total_trip_distance": 12891.848, "total_trip_duration": 159.86218, "total_freight_value": 1248480.0, "trip_transport_costs": 134467.0, "cst_per_tonne": 11.0, "cst_per_tonne_km": 1.0430389983086452, "co2_tn": 28.95529}], "LGA_33980": [], "LGA_37010": [{"industry": "food", "sector": "food", "trips_count": 9, "trailer_loads": 283.57971000000003, "tonnes": 6238.7534, "tonne_kms": 555209.0, "tonnes_per_trailer": 21.999985, "avg_trip_distance": 53.63779, "avg_trip_duration": 0.6056725, "total_trip_distance": 25236.771, "total_trip_duration": 288.98566, "total_freight_value": 20213557.0, "trip_transport_costs": 125750.0, "cst_per_tonne": 20.0, "cst_per_tonne_km": 0.22649189950799709, "co2_tn": 55.568962}, {"industry": "vegetables", "sector": "horticulture", "trips_count": 22, "trailer_loads": 51.11666829999999, "tonnes": 948.6015, "tonne_kms": 77630.08, "tonnes_per_trailer": 19.363623, "avg_trip_distance": 47.51013, "avg_trip_duration": 0.5339925, "total_trip_distance": 4251.141, "total_trip_duration": 48.53474, "total_freight_value": 4851340.0, "trip_transport_costs": 21583.0, "cst_per_tonne": 23.0, "cst_per_tonne_km": 0.27802528547154826, "co2_tn": 9.364276}, {"industry": "fruit", "sector": "horticulture", "trips_count": 68, "trailer_loads": 470.9847075829999, "tonnes": 9280.4795, "tonne_kms": 770080.5, "tonnes_per_trailer": 18.750002, "avg_trip_distance": 42.34938, "avg_trip_duration": 0.4783871, "total_trip_distance": 38979.367, "total_trip_duration": 443.04425, "total_freight_value": 54838874.0, "trip_transport_costs": 198027.0, "cst_per_tonne": 21.0, "cst_per_tonne_km": 0.25715149743321025, "co2_tn": 85.845436}, {"industry": "livestock", "sector": "livestock", "trips_count": 46, "trailer_loads": 242.27270999999996, "tonnes": 4900.0, "tonne_kms": 394570.2, "tonnes_per_trailer": 20.217394, "avg_trip_distance": 79.24064, "avg_trip_duration": 0.8523165, "total_trip_distance": 19504.494, "total_trip_duration": 209.84999, "total_freight_value": 12974500.0, "trip_transport_costs": 97880.0, "cst_per_tonne": 20.0, "cst_per_tonne_km": 0.24806625056301385, "co2_tn": 42.678726}], "LGA_50980": [{"industry": "food", "sector": "food", "trips_count": 10, "trailer_loads": 4.7898414, "tonnes": 105.37637, "tonne_kms": 399405.7, "tonnes_per_trailer": 22.000004, "avg_trip_distance": 1117.5709, "avg_trip_duration": 11.455957, "total_trip_distance": 18154.803, "total_trip_duration": 186.15372, "total_freight_value": 341420.0, "trip_transport_costs": 77845.0, "cst_per_tonne": 739.0, "cst_per_tonne_km": 0.1949011773471807, "co2_tn": 39.655704}], "LGA_52800": [{"industry": "food", "sector": "food", "trips_count": 6, "trailer_loads": 0.8187363, "tonnes": 18.012196, "tonne_kms": 63470.73, "tonnes_per_trailer": 21.999998, "avg_trip_distance": 480.83887, "avg_trip_duration": 4.932575, "total_trip_distance": 2885.0332, "total_trip_duration": 29.595453, "total_freight_value": 58359.0, "trip_transport_costs": 12408.0, "cst_per_tonne": 689.0, "cst_per_tonne_km": 0.19548902727647527, "co2_tn": 6.302825}], "LGA_54310": [{"industry": "food", "sector": "food", "trips_count": 6, "trailer_loads": 1.5717400000000001, "tonnes": 34.578312, "tonne_kms": 155563.48, "tonnes_per_trailer": 22.000023, "avg_trip_distance": 1178.5112, "avg_trip_duration": 12.049488, "total_trip_distance": 7071.0674, "total_trip_duration": 72.29693, "total_freight_value": 112034.0, "trip_transport_costs": 30149.0, "cst_per_tonne": 872.0, "cst_per_tonne_km": 0.1938042615339015, "co2_tn": 15.441809}], "LGA_70620": [{"industry": "food", "sector": "food", "trips_count": 8, "trailer_loads": 1.1278413, "tonnes": 24.812475, "tonne_kms": 46155.004, "tonnes_per_trailer": 21.999979, "avg_trip_distance": 262.24432, "avg_trip_duration": 2.8522666, "total_trip_distance": 2097.9546, "total_trip_duration": 22.818132, "total_freight_value": 80392.0, "trip_transport_costs": 9566.0, "cst_per_tonne": 386.0, "cst_per_tonne_km": 0.20725911423344928, "co2_tn": 4.666707}], "LGA_71000": [{"industry": "food", "sector": "food", "trips_count": 6, "trailer_loads": 28.31058, "tonnes": 622.83154, "tonne_kms": 1568860.9, "tonnes_per_trailer": 21.99998, "avg_trip_distance": 1957.5231, "avg_trip_duration": 20.118622, "total_trip_distance": 47716.27, "total_trip_duration": 490.5283, "total_freight_value": 2017972.0, "trip_transport_costs": 251266.0, "cst_per_tonne": 403.0, "cst_per_tonne_km": 0.1601582185486173, "co2_tn": 141.42282}], "LGA_72330": [{"industry": "food", "sector": "food", "trips_count": 7, "trailer_loads": 1.1692863, "tonnes": 25.724266, "tonne_kms": 57986.625, "tonnes_per_trailer": 21.999975, "avg_trip_distance": 376.53653, "avg_trip_duration": 4.06185, "total_trip_distance": 2635.7559, "total_trip_duration": 28.432951, "total_freight_value": 83347.0, "trip_transport_costs": 11716.0, "cst_per_tonne": 455.0, "cst_per_tonne_km": 0.20203889675343364, "co2_tn": 5.80008}], "LGA_73600": [{"industry": "food", "sector": "food", "trips_count": 18, "trailer_loads": 3.654629699999999, "tonnes": 80.40191, "tonne_kms": 173213.38, "tonnes_per_trailer": 22.000017, "avg_trip_distance": 437.40753, "avg_trip_duration": 4.9879208, "total_trip_distance": 7873.3354, "total_trip_duration": 89.78257, "total_freight_value": 260502.0, "trip_transport_costs": 35682.0, "cst_per_tonne": 444.0, "cst_per_tonne_km": 0.2059990077915778, "co2_tn": 17.47909}]}}