{"orig_lga": "LGA_51470", "orig_name": "Carnamah (S)", "orig_state": "WA", "fetched_at": "2026-03-16T08:27:54.013046+00:00", "destinations": {"LGA_57000": [{"commodity": "Barley", "industry": "grains", "sector": "cropping", "trips_count": 6, "trailer_loads": 117.56159999999998, "tonnes": 2939.0461, "tonne_kms": 178694.98, "tonnes_per_trailer": 25.000051, "avg_trip_distance": 58.036556, "avg_trip_duration": 0.5997319, "total_trip_distance": 4215.843, "total_trip_duration": 43.47758, "total_freight_value": 999276.0, "trip_transport_costs": 30534.0, "cst_per_tonne": 10.0, "cst_per_tonne_km": 0.17087051415693588, "co2_tn": 13.110809}, {"commodity": "Wheat", "industry": "grains", "sector": "cropping", "trips_count": 33, "trailer_loads": 1651.4815999999994, "tonnes": 41287.01, "tonne_kms": 3819807.8, "tonnes_per_trailer": 24.999992, "avg_trip_distance": 90.24825, "avg_trip_duration": 0.9332934, "total_trip_distance": 88564.43, "total_trip_duration": 916.2135, "total_freight_value": 16927681.0, "trip_transport_costs": 588637.0, "cst_per_tonne": 14.0, "cst_per_tonne_km": 0.15410128921491534, "co2_tn": 276.61557}]}}