{"orig_lga": "LGA_55670", "orig_name": "Morawa (S)", "orig_state": "WA", "fetched_at": "2026-03-16T09:00:08.763464+00:00", "destinations": {"LGA_52520": [{"commodity": "Wheat", "industry": "grains", "sector": "cropping", "trips_count": 16, "trailer_loads": 923.7715200000002, "tonnes": 23094.244, "tonne_kms": 3778495.2, "tonnes_per_trailer": 24.999952, "avg_trip_distance": 167.94476, "avg_trip_duration": 1.753314, "total_trip_distance": 84542.375, "total_trip_duration": 881.0326, "total_freight_value": 9468658.0, "trip_transport_costs": 526737.0, "cst_per_tonne": 23.0, "cst_per_tonne_km": 0.1394039915292255, "co2_tn": 267.39923}], "LGA_53800": [{"commodity": "Barley", "industry": "grains", "sector": "cropping", "trips_count": 8, "trailer_loads": 92.8512, "tonnes": 2321.288, "tonne_kms": 220358.72, "tonnes_per_trailer": 25.000086, "avg_trip_distance": 91.81613, "avg_trip_duration": 0.9281646, "total_trip_distance": 5876.2324, "total_trip_duration": 59.402534, "total_freight_value": 789237.0, "trip_transport_costs": 36836.0, "cst_per_tonne": 16.0, "cst_per_tonne_km": 0.16716441353118966, "co2_tn": 17.453135}, {"commodity": "Wheat", "industry": "grains", "sector": "cropping", "trips_count": 35, "trailer_loads": 1259.2343200000005, "tonnes": 31480.82, "tonne_kms": 2745712.0, "tonnes_per_trailer": 24.999971, "avg_trip_distance": 79.4195, "avg_trip_duration": 0.8060068, "total_trip_distance": 72290.914, "total_trip_duration": 735.212, "total_freight_value": 12907154.0, "trip_transport_costs": 462181.0, "cst_per_tonne": 15.0, "cst_per_tonne_km": 0.16832828548959364, "co2_tn": 216.61087}], "LGA_57000": [{"commodity": "Wheat", "industry": "grains", "sector": "cropping", "trips_count": 39, "trailer_loads": 1775.4081800000008, "tonnes": 44385.152, "tonne_kms": 3187602.2, "tonnes_per_trailer": 24.999975, "avg_trip_distance": 64.84117, "avg_trip_duration": 0.6809558, "total_trip_distance": 69040.82, "total_trip_duration": 722.79694, "total_freight_value": 18197934.0, "trip_transport_costs": 501444.0, "cst_per_tonne": 11.0, "cst_per_tonne_km": 0.15731079218162236, "co2_tn": 221.82195}]}}