{"orig_lga": "LGA_52240", "orig_name": "Cranbrook (S)", "orig_state": "WA", "fetched_at": "2026-03-16T08:33:41.046328+00:00", "destinations": {"LGA_50080": [{"commodity": "Hay", "industry": "grains", "sector": "cropping", "trips_count": 13, "trailer_loads": 43.40908, "tonnes": 998.4102, "tonne_kms": 111593.25, "tonnes_per_trailer": 23.000036, "avg_trip_distance": 82.938126, "avg_trip_duration": 0.8635462, "total_trip_distance": 3234.587, "total_trip_duration": 33.6783, "total_freight_value": 299523.0, "trip_transport_costs": 19518.0, "cst_per_tonne": 20.0, "cst_per_tonne_km": 0.1749067087933607, "co2_tn": 9.574452}, {"commodity": "Export Logs", "industry": "wood_product", "sector": "wood_product", "trips_count": 119, "trailer_loads": 112.66661500000009, "tonnes": 2816.6697, "tonne_kms": 322117.06, "tonnes_per_trailer": 25.000034, "avg_trip_distance": 64.234764, "avg_trip_duration": 0.70042604, "total_trip_distance": 8589.788, "total_trip_duration": 93.69644, "total_freight_value": 3943332.0, "trip_transport_costs": 52010.0, "cst_per_tonne": 18.0, "cst_per_tonne_km": 0.16146341059500605, "co2_tn": 25.593153}, {"commodity": "Wood Chips", "industry": "wood_product", "sector": "wood_product", "trips_count": 65, "trailer_loads": 3333.3336999999988, "tonnes": 59999.96, "tonne_kms": 7472691.5, "tonnes_per_trailer": 17.999994, "avg_trip_distance": 122.26503, "avg_trip_duration": 1.3256819, "total_trip_distance": 276766.34, "total_trip_duration": 2999.3318, "total_freight_value": 15600018.0, "trip_transport_costs": 1656181.0, "cst_per_tonne": 28.0, "cst_per_tonne_km": 0.22163109801409908, "co2_tn": 823.8469}], "LGA_50280": [{"commodity": "Hay", "industry": "grains", "sector": "cropping", "trips_count": 10, "trailer_loads": 33.391600000000004, "tonnes": 768.0079, "tonne_kms": 196849.42, "tonnes_per_trailer": 23.000036, "avg_trip_distance": 190.19269, "avg_trip_duration": 2.0109987, "total_trip_distance": 5705.781, "total_trip_duration": 60.32996, "total_freight_value": 230402.0, "trip_transport_costs": 31787.0, "cst_per_tonne": 41.0, "cst_per_tonne_km": 0.16148122279854935, "co2_tn": 16.842955}], "LGA_51260": [{"commodity": "Hay", "industry": "grains", "sector": "cropping", "trips_count": 26, "trailer_loads": 86.81816000000005, "tonnes": 1996.8204, "tonne_kms": 470238.75, "tonnes_per_trailer": 23.000036, "avg_trip_distance": 173.31099, "avg_trip_duration": 1.8257728, "total_trip_distance": 13518.258, "total_trip_duration": 142.41028, "total_freight_value": 599045.0, "trip_transport_costs": 75997.0, "cst_per_tonne": 38.0, "cst_per_tonne_km": 0.16161373560903905, "co2_tn": 40.16346}], "LGA_51400": [{"commodity": "Hay", "industry": "grains", "sector": "cropping", "trips_count": 16, "trailer_loads": 53.42656, "tonnes": 1228.8126, "tonne_kms": 284835.2, "tonnes_per_trailer": 23.000036, "avg_trip_distance": 169.505, "avg_trip_duration": 1.8313853, "total_trip_distance": 8136.24, "total_trip_duration": 87.906494, "total_freight_value": 368643.0, "trip_transport_costs": 46227.0, "cst_per_tonne": 38.0, "cst_per_tonne_km": 0.16229529966122955, "co2_tn": 24.3927}], "LGA_52660": [{"commodity": "Hay", "industry": "grains", "sector": "cropping", "trips_count": 11, "trailer_loads": 36.730760000000004, "tonnes": 844.80865, "tonne_kms": 191178.53, "tonnes_per_trailer": 23.000036, "avg_trip_distance": 167.92142, "avg_trip_duration": 1.8082827, "total_trip_distance": 5541.407, "total_trip_duration": 59.673332, "total_freight_value": 253442.0, "trip_transport_costs": 31218.0, "cst_per_tonne": 37.0, "cst_per_tonne_km": 0.16329453915213082, "co2_tn": 16.416271}, {"commodity": "Harvested Softwood", "industry": "wood_product", "sector": "wood_product", "trips_count": 236, "trailer_loads": 885.7681479, "tonnes": 17715.361, "tonne_kms": 3207739.0, "tonnes_per_trailer": 20.000004, "avg_trip_distance": 75.13988, "avg_trip_duration": 0.8383812, "total_trip_distance": 94284.56, "total_trip_duration": 1058.7079, "total_freight_value": 26573030.0, "trip_transport_costs": 592149.0, "cst_per_tonne": 33.0, "cst_per_tonne_km": 0.18460013988104484, "co2_tn": 311.3253}], "LGA_53990": [{"commodity": "Hay", "industry": "grains", "sector": "cropping", "trips_count": 12, "trailer_loads": 40.06992, "tonnes": 921.60944, "tonne_kms": 225714.55, "tonnes_per_trailer": 23.000036, "avg_trip_distance": 178.4055, "avg_trip_duration": 1.9230654, "total_trip_distance": 6422.598, "total_trip_duration": 69.230354, "total_freight_value": 276482.0, "trip_transport_costs": 36458.0, "cst_per_tonne": 40.0, "cst_per_tonne_km": 0.16152095491913837, "co2_tn": 19.350153}, {"commodity": "Sheep", "industry": "livestock", "sector": "livestock", "trips_count": 20, "trailer_loads": 120.0, "tonnes": 1200.0, "tonne_kms": 284015.22, "tonnes_per_trailer": 10.0, "avg_trip_distance": 233.85953, "avg_trip_duration": 2.5275874, "total_trip_distance": 18708.762, "total_trip_duration": 202.207, "total_freight_value": 8400000.0, "trip_transport_costs": 105995.0, "cst_per_tonne": 88.0, "cst_per_tonne_km": 0.373201142761716, "co2_tn": 55.976833}, {"commodity": "Large Cattle", "industry": "livestock", "sector": "livestock", "trips_count": 9, "trailer_loads": 66.66664, "tonnes": 1466.667, "tonne_kms": 343466.62, "tonnes_per_trailer": 22.000017, "avg_trip_distance": 186.5797, "avg_trip_duration": 2.0352402, "total_trip_distance": 10114.34, "total_trip_duration": 110.19691, "total_freight_value": 9064000.0, "trip_transport_costs": 57988.0, "cst_per_tonne": 40.0, "cst_per_tonne_km": 0.16883049590335014, "co2_tn": 30.738256}], "LGA_54480": [{"commodity": "Oats", "industry": "grains", "sector": "cropping", "trips_count": 7, "trailer_loads": 128.47100000000003, "tonnes": 2184.007, "tonne_kms": 344534.6, "tonnes_per_trailer": 17.0, "avg_trip_distance": 147.95453, "avg_trip_duration": 1.5215254, "total_trip_distance": 13038.176, "total_trip_duration": 134.10828, "total_freight_value": 709800.0, "trip_transport_costs": 76444.0, "cst_per_tonne": 35.0, "cst_per_tonne_km": 0.2218753608241625, "co2_tn": 39.0403}], "LGA_54550": [{"commodity": "Sheep or Goats", "industry": "livestock", "sector": "livestock", "trips_count": 8, "trailer_loads": 48.0, "tonnes": 480.0, "tonne_kms": 28863.66, "tonnes_per_trailer": 10.0, "avg_trip_distance": 60.132626, "avg_trip_duration": 0.6193125, "total_trip_distance": 1943.9241, "total_trip_duration": 20.014767, "total_freight_value": 3360000.0, "trip_transport_costs": 13035.0, "cst_per_tonne": 27.0, "cst_per_tonne_km": 0.45159053687480327, "co2_tn": 5.7134657}, {"commodity": "Sheep", "industry": "livestock", "sector": "livestock", "trips_count": 23, "trailer_loads": 144.0, "tonnes": 1440.0, "tonne_kms": 93063.24, "tonnes_per_trailer": 10.0, "avg_trip_distance": 65.49291, "avg_trip_duration": 0.6770768, "total_trip_distance": 6204.216, "total_trip_duration": 64.07933, "total_freight_value": 10080000.0, "trip_transport_costs": 40992.0, "cst_per_tonne": 28.0, "cst_per_tonne_km": 0.44047893522298104, "co2_tn": 18.354876}], "LGA_54900": [{"commodity": "Barley", "industry": "grains", "sector": "cropping", "trips_count": 8, "trailer_loads": 241.11400000000003, "tonnes": 6027.844, "tonne_kms": 1513401.2, "tonnes_per_trailer": 24.999992, "avg_trip_distance": 246.26614, "avg_trip_duration": 2.5261383, "total_trip_distance": 40357.367, "total_trip_duration": 414.4377, "total_freight_value": 2049468.0, "trip_transport_costs": 224815.0, "cst_per_tonne": 37.0, "cst_per_tonne_km": 0.14854950776747905, "co2_tn": 119.27595}, {"commodity": "Wheat", "industry": "grains", "sector": "cropping", "trips_count": 9, "trailer_loads": 409.0946999999999, "tonnes": 10227.379, "tonne_kms": 2918629.0, "tonnes_per_trailer": 25.00002, "avg_trip_distance": 270.6321, "avg_trip_duration": 2.7801359, "total_trip_distance": 77830.1, "total_trip_duration": 802.7378, "total_freight_value": 4193228.0, "trip_transport_costs": 429086.0, "cst_per_tonne": 42.0, "cst_per_tonne_km": 0.1470163158824957, "co2_tn": 229.92824}], "LGA_55180": [{"commodity": "Hay",