{"orig_lga": "LGA_51120", "orig_name": "Bruce Rock (S)", "orig_state": "WA", "fetched_at": "2026-03-16T08:24:47.195100+00:00", "destinations": {"LGA_51330": [], "LGA_52520": [{"commodity": "Wheat", "industry": "grains", "sector": "cropping", "trips_count": 7, "trailer_loads": 293.40542, "tonnes": 7335.1216, "tonne_kms": 1941979.8, "tonnes_per_trailer": 24.999954, "avg_trip_distance": 258.08984, "avg_trip_duration": 2.6640952, "total_trip_distance": 49745.7, "total_trip_duration": 514.0113, "total_freight_value": 3007405.0, "trip_transport_costs": 279857.0, "cst_per_tonne": 38.0, "cst_per_tonne_km": 0.1441092086768992, "co2_tn": 149.08578}], "LGA_54900": [{"commodity": "Wheat", "industry": "grains", "sector": "cropping", "trips_count": 8, "trailer_loads": 269.06922, "tonnes": 6726.7256, "tonne_kms": 1198558.9, "tonnes_per_trailer": 24.999992, "avg_trip_distance": 172.5619, "avg_trip_duration": 1.784936, "total_trip_distance": 31961.57, "total_trip_duration": 329.9908, "total_freight_value": 2757960.0, "trip_transport_costs": 183255.0, "cst_per_tonne": 27.0, "cst_per_tonne_km": 0.152895855915792, "co2_tn": 94.542336}], "LGA_55460": [{"commodity": "Barley", "industry": "grains", "sector": "cropping", "trips_count": 11, "trailer_loads": 153.75384000000003, "tonnes": 3843.844, "tonne_kms": 268790.9, "tonnes_per_trailer": 24.999977, "avg_trip_distance": 64.80957, "avg_trip_duration": 0.6700924, "total_trip_distance": 7167.7573, "total_trip_duration": 74.1974, "total_freight_value": 1306910.0, "trip_transport_costs": 46748.0, "cst_per_tonne": 12.0, "cst_per_tonne_km": 0.17392027508182184, "co2_tn": 21.217592}, {"commodity": "Wheat", "industry": "grains", "sector": "cropping", "trips_count": 25, "trailer_loads": 1078.0242600000001, "tonnes": 26950.57, "tonne_kms": 1601329.2, "tonnes_per_trailer": 24.999971, "avg_trip_distance": 53.224506, "avg_trip_duration": 0.54720944, "total_trip_distance": 42029.918, "total_trip_duration": 433.28085, "total_freight_value": 11049752.0, "trip_transport_costs": 285817.0, "cst_per_tonne": 11.0, "cst_per_tonne_km": 0.1784870639653988, "co2_tn": 124.96885}], "LGA_56370": [{"commodity": "Barley", "industry": "grains", "sector": "cropping", "trips_count": 15, "trailer_loads": 259.45964000000004, "tonnes": 6486.4893, "tonne_kms": 296803.75, "tonnes_per_trailer": 24.999985, "avg_trip_distance": 43.726856, "avg_trip_duration": 0.44641462, "total_trip_distance": 6899.5747, "total_trip_duration": 70.723526, "total_freight_value": 2205410.0, "trip_transport_costs": 54769.0, "cst_per_tonne": 8.0, "cst_per_tonne_km": 0.18452886258491513, "co2_tn": 21.625856}, {"commodity": "Wheat", "industry": "grains", "sector": "cropping", "trips_count": 16, "trailer_loads": 569.46354, "tonnes": 14236.572, "tonne_kms": 987638.2, "tonnes_per_trailer": 24.999977, "avg_trip_distance": 63.362938, "avg_trip_duration": 0.64725125, "total_trip_distance": 23194.078, "total_trip_duration": 237.10503, "total_freight_value": 5836999.0, "trip_transport_costs": 163525.0, "cst_per_tonne": 11.0, "cst_per_tonne_km": 0.16557203843875867, "co2_tn": 72.18634}], "LGA_59360": [{"commodity": "Wheat", "industry": "grains", "sector": "cropping", "trips_count": 6, "trailer_loads": 218.8996, "tonnes": 5472.4863, "tonne_kms": 594712.9, "tonnes_per_trailer": 24.999996, "avg_trip_distance": 106.86085, "avg_trip_duration": 1.0762084, "total_trip_distance": 13018.383, "total_trip_duration": 131.03416, "total_freight_value": 2243721.0, "trip_transport_costs": 88374.0, "cst_per_tonne": 16.0, "cst_per_tonne_km": 0.14860022541996631, "co2_tn": 41.70707}]}}