{"orig_lga": "LGA_32810", "orig_name": "Douglas (S)", "orig_state": "QLD", "fetched_at": "2026-03-16T08:35:20.683509+00:00", "destinations": {"LGA_32080": [{"commodity": "Sugarcane", "industry": "sugar", "sector": "cropping", "trips_count": 148, "trailer_loads": 10541.314799999975, "tonnes": 284615.78, "tonne_kms": 30641316.0, "tonnes_per_trailer": 27.000032, "avg_trip_distance": 106.49996, "avg_trip_duration": 1.3981863, "total_trip_distance": 1134863.6, "total_trip_duration": 14899.073, "total_freight_value": 17076980.0, "trip_transport_costs": 5739925.0, "cst_per_tonne": 20.0, "cst_per_tonne_km": 0.18732631491894391, "co2_tn": 2541.9646}], "LGA_32810": [{"commodity": "Household Waste", "industry": "waste", "sector": "waste", "trips_count": 35, "trailer_loads": 803.5200000000004, "tonnes": 8035.2, "tonne_kms": 102776.38, "tonnes_per_trailer": 10.0, "avg_trip_distance": 11.069614, "avg_trip_duration": 0.17550664, "total_trip_distance": 10277.639, "total_trip_duration": 170.53946, "total_freight_value": 803520.0, "trip_transport_costs": 99886.0, "cst_per_tonne": 12.0, "cst_per_tonne_km": 0.9718788560753522, "co2_tn": 23.498384}]}}