{"orig_lga": "LGA_27350", "orig_name": "Yarra (C)", "orig_state": "VIC", "fetched_at": "2026-03-16T09:29:28.584949+00:00", "destinations": {"LGA_22750": [], "LGA_24330": [], "LGA_24600": [], "LGA_25900": [{"commodity": "Household Waste", "industry": "waste", "sector": "waste", "trips_count": 179, "trailer_loads": 3866.3999999999887, "tonnes": 38664.0, "tonne_kms": 284220.78, "tonnes_per_trailer": 10.0, "avg_trip_distance": 7.2173896, "avg_trip_duration": 0.12677357, "total_trip_distance": 28422.08, "total_trip_duration": 499.2343, "total_freight_value": 3866400.0, "trip_transport_costs": 383558.0, "cst_per_tonne": 10.0, "cst_per_tonne_km": 1.3495062921829035, "co2_tn": 69.19315}], "LGA_26980": [], "LGA_27070": [], "LGA_27260": []}}