{"orig_lga": "LGA_24650", "orig_name": "Melton (C)", "orig_state": "VIC", "fetched_at": "2026-03-16T08:58:22.377295+00:00", "destinations": {"LGA_20570": [], "LGA_21180": [], "LGA_21370": [{"commodity": "Grains", "industry": "grains", "sector": "cropping", "trips_count": 10, "trailer_loads": 133.11360000000002, "tonnes": 3327.8398, "tonne_kms": 705805.5, "tonnes_per_trailer": 25.0, "avg_trip_distance": 198.86295, "avg_trip_duration": 2.188952, "total_trip_distance": 18821.48, "total_trip_duration": 207.40082, "total_freight_value": 1663920.0, "trip_transport_costs": 107101.0, "cst_per_tonne": 32.0, "cst_per_tonne_km": 0.15174265957255575, "co2_tn": 55.807594}], "LGA_21450": [{"commodity": "Grains", "industry": "grains", "sector": "cropping", "trips_count": 31, "trailer_loads": 113.41893999999998, "tonnes": 2835.4753, "tonne_kms": 308000.25, "tonnes_per_trailer": 25.000021, "avg_trip_distance": 80.10487, "avg_trip_duration": 0.9364113, "total_trip_distance": 8213.34, "total_trip_duration": 95.93595, "total_freight_value": 1417738.0, "trip_transport_costs": 50457.0, "cst_per_tonne": 18.0, "cst_per_tonne_km": 0.1638221096652417, "co2_tn": 24.428123}], "LGA_21610": [{"commodity": "Grains", "industry": "grains", "sector": "cropping", "trips_count": 12, "trailer_loads": 45.367580000000004, "tonnes": 1134.19, "tonne_kms": 99491.96, "tonnes_per_trailer": 25.00002, "avg_trip_distance": 65.11823, "avg_trip_duration": 0.7617949, "total_trip_distance": 2653.119, "total_trip_duration": 31.044256, "total_freight_value": 567095.0, "trip_transport_costs": 16856.0, "cst_per_tonne": 15.0, "cst_per_tonne_km": 0.16941749661228123, "co2_tn": 7.892705}], "LGA_21750": [{"commodity": "Grains", "industry": "grains", "sector": "cropping", "trips_count": 12, "trailer_loads": 129.60217000000003, "tonnes": 3240.0544, "tonne_kms": 518110.28, "tonnes_per_trailer": 25.000002, "avg_trip_distance": 140.3889, "avg_trip_duration": 1.6966897, "total_trip_distance": 13873.151, "total_trip_duration": 167.91331, "total_freight_value": 1620027.0, "trip_transport_costs": 82899.0, "cst_per_tonne": 26.0, "cst_per_tonne_km": 0.16000322031162648, "co2_tn": 41.530827}], "LGA_21830": [{"commodity": "Grains", "industry": "grains", "sector": "cropping", "trips_count": 6, "trailer_loads": 77.76000000000002, "tonnes": 1944.0, "tonne_kms": 385669.5, "tonnes_per_trailer": 25.0, "avg_trip_distance": 190.45409, "avg_trip_duration": 2.2290666, "total_trip_distance": 10284.5205, "total_trip_duration": 120.3696, "total_freight_value": 972000.0, "trip_transport_costs": 59752.0, "cst_per_tonne": 31.0, "cst_per_tonne_km": 0.15493127302408538, "co2_tn": 30.717037}], "LGA_22170": [], "LGA_22250": [{"commodity": "Grains", "industry": "grains", "sector": "cropping", "trips_count": 12, "trailer_loads": 156.36960000000005, "tonnes": 3909.24, "tonne_kms": 1059456.1, "tonnes_per_trailer": 25.0, "avg_trip_distance": 253.82883, "avg_trip_duration": 2.7702727, "total_trip_distance": 28252.164, "total_trip_duration": 308.47894, "total_freight_value": 1954620.0, "trip_transport_costs": 157958.0, "cst_per_tonne": 40.0, "cst_per_tonne_km": 0.14909335224653592, "co2_tn": 83.599525}], "LGA_22490": [{"commodity": "Grains", "industry": "grains", "sector": "cropping", "trips_count": 36, "trailer_loads": 293.47962, "tonnes": 7336.9966, "tonne_kms": 738814.7, "tonnes_per_trailer": 25.000015, "avg_trip_distance": 67.58029, "avg_trip_duration": 0.8242639, "total_trip_distance": 19701.725, "total_trip_duration": 227.9401, "total_freight_value": 3668498.0, "trip_transport_costs": 122321.0, "cst_per_tonne": 17.0, "cst_per_tonne_km": 0.16556395564797205, "co2_tn": 58.820156}], "LGA_22620": [{"commodity": "Grains", "industry": "grains", "sector": "cropping", "trips_count": 31, "trailer_loads": 174.01363000000003, "tonnes": 4350.343, "tonne_kms": 638330.7, "tonnes_per_trailer": 25.000011, "avg_trip_distance": 110.89739, "avg_trip_duration": 1.235126, "total_trip_distance": 17022.15, "total_trip_duration": 190.14748, "total_freight_value": 2175171.0, "trip_transport_costs": 100536.0, "cst_per_tonne": 23.0, "cst_per_tonne_km": 0.15749842304135858, "co2_tn": 50.704506}], "LGA_22750": [{"commodity": "Grains", "industry": "grains", "sector": "cropping", "trips_count": 18, "trailer_loads": 110.17845999999997, "tonnes": 2754.4617, "tonne_kms": 169463.77, "tonnes_per_trailer": 25.0, "avg_trip_distance": 50.77884, "avg_trip_duration": 0.66653687, "total_trip_distance": 4519.0337, "total_trip_duration": 59.53903, "total_freight_value": 1377230.0, "trip_transport_costs": 31717.0, "cst_per_tonne": 12.0, "cst_per_tonne_km": 0.18716141151890311, "co2_tn": 13.772159}], "LGA_22830": [{"commodity": "Grains", "industry": "grains", "sector": "cropping", "trips_count": 8, "trailer_loads": 86.87683, "tonnes": 2171.9207, "tonne_kms": 441672.06, "tonnes_per_trailer": 25.0, "avg_trip_distance": 181.29347, "avg_trip_duration": 1.9544516, "total_trip_distance": 11777.922, "total_trip_duration": 127.15377, "total_freight_value": 1085960.0, "trip_transport_costs": 66810.0, "cst_per_tonne": 31.0, "cst_per_tonne_km": 0.1512654521660266, "co2_tn": 34.856125}], "LGA_23940": [{"commodity": "Grains", "industry": "grains", "sector": "cropping", "trips_count": 19, "trailer_loads": 238.76802000000012, "tonnes": 5969.201, "tonne_kms": 1232850.4, "tonnes_per_trailer": 25.000006, "avg_trip_distance": 188.17635, "avg_trip_duration": 2.033787, "total_trip_distance": 32876.01, "total_trip_duration": 354.7395, "total_freight_value": 2984600.0, "trip_transport_costs": 186525.0, "cst_per_tonne": 31.0, "cst_per_tonne_km": 0.15129549768727638, "co2_tn": 97.247055}], "LGA_24130": [], "LGA_24600": [], "LGA_24650": [{"commodity": "Grains", "industry": "grains", "sector": "cropping", "trips_count": 9, "trailer_loads": 100.45692999999999, "tonnes": 2511.4204, "tonne_kms": 28482.584, "tonnes_per_trailer": 24.99998, "avg_trip_distance": 10.776019, "avg_trip_duration": 0.16675578, "total_trip_distance": 992.3416, "total_trip_duration": 15.440592, "total_freight_value": 1255709.0, "trip_transport_costs": 11389.0, "cst_per_tonne": 5.0, "cst_per_tonne_km": 0.399849797278805, "co2_tn": 2.5947194}], "LGA_25150": [{"commodity": "Household Waste", "industry": "waste", "sector": "waste", "trips_count": 116, "trailer_loads": 2505.5999999999945, "tonnes": 25056.0, "tonne_kms": 449867.1, "tonnes_per_trailer": 10.0, "avg_trip_distance": 17.628021, "avg_trip_duration": 0.2371325, "total_trip_distance": 44986.707, "total_trip_duration": 605.1622, "total_freight_value": 2505600.0, "trip_transport_costs": 359613.0, "cst_per_tonne": 14.0, "cst_per_tonne_km": 0.7993768239762064, "co2_tn": 102.49284}], "LGA_25340": [{"commodity": "Grains", "industry": "grains", "sector": "cropping", "trips_count": 92, "trailer_loads": 392.0935900000004, "tonnes": 9802.348, "tonne_kms": 970924.5, "tonnes_per_trailer": 25.000017, "avg_trip_distance": 74.59281, "avg_trip_duration": 0.96841943, "total_trip_distance": 25891.32, "total_trip_duration": 336.38773, "total_freight_value": 4901171.0, "trip_transport_costs": 165907.0, "cst_per_tonne": 17.0, "cst_per_tonne_km": 0.1708755400559112, "co2_tn": 78.29715}], "LGA_25490": [], "LGA_25710": [{"commodity": "Grains", "industry": "grains", "sector": "cropping", "trips_count": 6, "trailer_loads": 32.40545, "tonnes": 810.1354, "tonne_kms": 42283.805, "tonnes_per_trailer": 25.000002, "avg_trip_distance": 42.291473, "avg_trip_duration": 0.5572686, "total_trip_distance": 1127.5681, "total_trip_duration": 14.745941, "total_freight_value": 405068.0, "trip_transport_costs": 8212.0, "cst_per_tonne": 10.0, "cst_per_tonne_km": 0.19421641415744098, "co2_tn": 3.4425726}], "LGA_26430": [{"commodity": "Grains", "industry": "grains", "sector": "cropping", "trips_count": 7, "trailer_loads": 33.283280000000005, "tonnes": 832.0824, "tonne_kms": 124055.25, "tonnes_per_trailer": 25.000015, "avg_trip_distance": 119.33987, "avg_trip_duration": 1.2914308, "total_trip_distance": 3308.14,