{"orig_lga": "LGA_14000", "orig_name": "Hornsby (A)", "orig_state": "NSW", "fetched_at": "2026-03-12T07:17:38.515603+00:00", "destinations": {"LGA_10750": [{"industry": "dairy_product", "sector": "cold_food", "trips_count": 12, "trailer_loads": 708.7842200000001, "tonnes": 14003.435, "tonne_kms": 526733.25, "tonnes_per_trailer": 19.666676, "avg_trip_distance": 33.892166, "avg_trip_duration": 0.49456188, "total_trip_distance": 18656.143, "total_trip_duration": 271.72595, "total_freight_value": 184221227.0, "trip_transport_costs": 150830.0, "cst_per_tonne": 11.0, "cst_per_tonne_km": 0.2863489805794578, "co2_tn": 55.974545}, {"industry": "vegetables", "sector": "horticulture", "trips_count": 90, "trailer_loads": 42.53968802, "tonnes": 647.5493, "tonne_kms": 25622.34, "tonnes_per_trailer": 15.799998, "avg_trip_distance": 6.8181486, "avg_trip_duration": 0.103109926, "total_trip_distance": 1130.1963, "total_trip_duration": 17.1284, "total_freight_value": 4331231.0, "trip_transport_costs": 9330.0, "cst_per_tonne": 14.0, "cst_per_tonne_km": 0.3641322438585924, "co2_tn": 3.5034795}, {"industry": "fruit", "sector": "horticulture", "trips_count": 95, "trailer_loads": 40.158294150000025, "tonnes": 696.80457, "tonne_kms": 34312.28, "tonnes_per_trailer": 17.57895, "avg_trip_distance": 8.480519, "avg_trip_duration": 0.12573376, "total_trip_distance": 1633.8374, "total_trip_duration": 23.503574, "total_freight_value": 2950543.0, "trip_transport_costs": 11050.0, "cst_per_tonne": 16.0, "cst_per_tonne_km": 0.3220325091132024, "co2_tn": 4.371218}], "LGA_11100": [{"industry": "fruit", "sector": "horticulture", "trips_count": 19, "trailer_loads": 0.6961990599999999, "tonnes": 12.436706, "tonne_kms": 780.12976, "tonnes_per_trailer": 17.631584, "avg_trip_distance": 1.7663466, "avg_trip_duration": 0.025608664, "total_trip_distance": 33.560585, "total_trip_duration": 0.48656464, "total_freight_value": 46072.0, "trip_transport_costs": 225.0, "cst_per_tonne": 18.0, "cst_per_tonne_km": 0.2883234154723205, "co2_tn": 0.094351836}], "LGA_11570": [{"industry": "fruit", "sector": "horticulture", "trips_count": 15, "trailer_loads": 2.2745140999999998, "tonnes": 45.45204, "tonne_kms": 1755.8862, "tonnes_per_trailer": 19.666653, "avg_trip_distance": 3.9052382, "avg_trip_duration": 0.06372804, "total_trip_distance": 58.57857, "total_trip_duration": 0.9559206, "total_freight_value": 158864.0, "trip_transport_costs": 500.0, "cst_per_tonne": 11.0, "cst_per_tonne_km": 0.28449226412205064, "co2_tn": 0.1865855}], "LGA_11650": [{"industry": "meat", "sector": "cold_food", "trips_count": 18, "trailer_loads": 340.17437000000007, "tonnes": 6123.143, "tonne_kms": 450945.7, "tonnes_per_trailer": 18.000015, "avg_trip_distance": 62.19081, "avg_trip_duration": 0.82389754, "total_trip_distance": 25052.54, "total_trip_duration": 312.8022, "total_freight_value": 110216512.0, "trip_transport_costs": 133173.0, "cst_per_tonne": 22.0, "cst_per_tonne_km": 0.29531857306627557, "co2_tn": 56.444542}, {"industry": "fruit", "sector": "horticulture", "trips_count": 9, "trailer_loads": 1.3912949300000002, "tonnes": 27.734932, "tonne_kms": 2631.4587, "tonnes_per_trailer": 18.888895, "avg_trip_distance": 14.681075, "avg_trip_duration": 0.17361023, "total_trip_distance": 132.12967, "total_trip_duration": 1.562492, "total_freight_value": 149775.0, "trip_transport_costs": 666.0, "cst_per_tonne": 24.0, "cst_per_tonne_km": 0.25305314876413165, "co2_tn": 0.2950697}], "LGA_13800": [], "LGA_14000": [{"industry": "meat", "sector": "cold_food", "trips_count": 30, "trailer_loads": 215.9152699999999, "tonnes": 3886.47, "tonne_kms": 53944.395, "tonnes_per_trailer": 18.0, "avg_trip_distance": 10.606657, "avg_trip_duration": 0.1800492, "total_trip_distance": 2996.9106, "total_trip_duration": 50.61062, "total_freight_value": 69956487.0, "trip_transport_costs": 28851.0, "cst_per_tonne": 7.0, "cst_per_tonne_km": 0.5348233643740952, "co2_tn": 7.1599464}, {"industry": "waste", "sector": "waste", "trips_count": 355, "trailer_loads": 7668.000000000048, "tonnes": 76680.0, "tonne_kms": 565192.75, "tonnes_per_trailer": 10.0, "avg_trip_distance": 7.2367826, "avg_trip_duration": 0.12986957, "total_trip_distance": 56519.273, "total_trip_duration": 1014.2813, "total_freight_value": 7668000.0, "trip_transport_costs": 764572.0, "cst_per_tonne": 10.0, "cst_per_tonne_km": 1.3527635527274904, "co2_tn": 138.93105}], "LGA_14500": [{"industry": "meat", "sector": "cold_food", "trips_count": 18, "trailer_loads": 78.47086, "tonnes": 1412.4746, "tonne_kms": 28392.303, "tonnes_per_trailer": 17.999968, "avg_trip_distance": 15.677993, "avg_trip_duration": 0.26678178, "total_trip_distance": 1577.3501, "total_trip_duration": 26.666365, "total_freight_value": 25424568.0, "trip_transport_costs": 12912.0, "cst_per_tonne": 9.0, "cst_per_tonne_km": 0.4547752662301395, "co2_tn": 3.768444}, {"industry": "waste", "sector": "waste", "trips_count": 17, "trailer_loads": 367.2000000000001, "tonnes": 3672.0, "tonne_kms": 89922.31, "tonnes_per_trailer": 10.0, "avg_trip_distance": 24.043398, "avg_trip_duration": 0.3455384, "total_trip_distance": 8992.231, "total_trip_duration": 129.23135, "total_freight_value": 367200.0, "trip_transport_costs": 64690.0, "cst_per_tonne": 18.0, "cst_per_tonne_km": 0.7194038575920049, "co2_tn": 20.915794}], "LGA_14900": [{"industry": "fruit", "sector": "horticulture", "trips_count": 19, "trailer_loads": 11.0470341, "tonnes": 173.69867, "tonne_kms": 12017.772, "tonnes_per_trailer": 15.789472, "avg_trip_distance": 12.625589, "avg_trip_duration": 0.17134064, "total_trip_distance": 773.33026, "total_trip_duration": 10.160321, "total_freight_value": 759206.0, "trip_transport_costs": 4193.0, "cst_per_tonne": 24.0, "cst_per_tonne_km": 0.3488972875120575, "co2_tn": 1.7387543}], "LGA_15950": [{"industry": "meat", "sector": "cold_food", "trips_count": 11, "trailer_loads": 86.85963999999998, "tonnes": 1563.4745, "tonne_kms": 54055.2, "tonnes_per_trailer": 17.999979, "avg_trip_distance": 28.500757, "avg_trip_duration": 0.4104306, "total_trip_distance": 3003.0667, "total_trip_duration": 42.82475, "total_freight_value": 28142543.0, "trip_transport_costs": 19550.0, "cst_per_tonne": 13.0, "cst_per_tonne_km": 0.36167433055988557, "co2_tn": 6.8832603}], "LGA_15990": [{"industry": "meat", "sector": "cold_food", "trips_count": 43, "trailer_loads": 318.15788, "tonnes": 5726.8413, "tonne_kms": 222339.28, "tonnes_per_trailer": 18.00001, "avg_trip_distance": 32.70435, "avg_trip_duration": 0.530508, "total_trip_distance": 12352.183, "total_trip_duration": 202.1135, "total_freight_value": 103083252.0, "trip_transport_costs": 81111.0, "cst_per_tonne": 14.0, "cst_per_tonne_km": 0.36480512508565704, "co2_tn": 29.268253}], "LGA_16260": [{"industry": "meat", "sector": "cold_food", "trips_count": 10, "trailer_loads": 81.84302000000001, "tonnes": 1473.1741, "tonne_kms": 28007.979, "tonnes_per_trailer": 18.0, "avg_trip_distance": 17.6814, "avg_trip_duration": 0.30456164, "total_trip_distance": 1555.9988, "total_trip_duration": 27.33634, "total_freight_value": 26517160.0, "trip_transport_costs": 13144.0, "cst_per_tonne": 9.0, "cst_per_tonne_km": 0.4692928587504886, "co2_tn": 3.7437236}], "LGA_16700": [{"industry": "meat", "sector": "cold_food", "trips_count": 14, "trailer_loads": 56.15211000000001, "tonnes": 1010.73694, "tonne_kms": 23643.11, "tonnes_per_trailer": 18.000036, "avg_trip_distance": 18.715202, "avg_trip_duration": 0.29667065, "total_trip_distance": 1313.5061, "total_trip_duration": 20.699144, "total_freight_value": 18193275.0, "trip_transport_costs": 9978.0, "cst_per_tonne": 10.0, "cst_per_tonne_km": 0.4220112693977464, "co2_tn": 3.09285}], "LGA_17420": [{"industry": "meat", "sector": "cold_food", "trips_count": 14, "trailer_loads": 131.41651000000002, "tonnes": 2365.498, "tonne_kms": 34454.98, "tonnes_per_trailer": 18.000008, "avg_trip_distance": 12.227802, "avg_trip_duration": 0.20962, "total_trip_distance": 1914.1654, "total_trip_duration": 32.77772,