{"orig_lga": "LGA_14600", "orig_name": "Lachlan (A)", "orig_state": "NSW", "fetched_at": "2026-03-12T07:22:24.564370+00:00", "destinations": {"LGA_10800": [{"industry": "grains", "sector": "cropping", "trips_count": 216, "trailer_loads": 3985.98713000001, "tonnes": 98423.4, "tonne_kms": 9847372.0, "tonnes_per_trailer": 24.44445, "avg_trip_distance": 92.3889, "avg_trip_duration": 1.014057, "total_trip_distance": 210008.5, "total_trip_duration": 2305.9446, "total_freight_value": 38931735.0, "trip_transport_costs": 1462197.0, "cst_per_tonne": 15.0, "cst_per_tonne_km": 0.14848596167625316, "co2_tn": 678.74634}, {"industry": "waste", "sector": "waste", "trips_count": 8, "trailer_loads": 172.79999999999998, "tonnes": 1728.0, "tonne_kms": 161229.31, "tonnes_per_trailer": 10.0, "avg_trip_distance": 91.60757, "avg_trip_duration": 1.0482464, "total_trip_distance": 16122.932, "total_trip_duration": 184.49136, "total_freight_value": 172800.0, "trip_transport_costs": 79836.0, "cst_per_tonne": 46.0, "cst_per_tonne_km": 0.49516918098310286, "co2_tn": 35.502865}], "LGA_11400": [{"industry": "grains", "sector": "cropping", "trips_count": 10, "trailer_loads": 150.17705, "tonnes": 3704.3496, "tonne_kms": 744034.2, "tonnes_per_trailer": 24.199984, "avg_trip_distance": 171.26001, "avg_trip_duration": 1.9033531, "total_trip_distance": 20080.193, "total_trip_duration": 223.42174, "total_freight_value": 1389710.0, "trip_transport_costs": 115121.0, "cst_per_tonne": 31.0, "cst_per_tonne_km": 0.1547252215371992, "co2_tn": 59.298576}], "LGA_11600": [{"industry": "grains", "sector": "cropping", "trips_count": 45, "trailer_loads": 997.7591300000004, "tonnes": 24893.89, "tonne_kms": 4160671.8, "tonnes_per_trailer": 24.82222, "avg_trip_distance": 133.13379, "avg_trip_duration": 1.4418155, "total_trip_distance": 84936.64, "total_trip_duration": 922.1057, "total_freight_value": 9793031.0, "trip_transport_costs": 559738.0, "cst_per_tonne": 22.0, "cst_per_tonne_km": 0.13453073251013342, "co2_tn": 277.8584}], "LGA_12000": [{"industry": "grains", "sector": "cropping", "trips_count": 94, "trailer_loads": 1823.832809999998, "tonnes": 45350.53, "tonne_kms": 9518476.0, "tonnes_per_trailer": 24.744688, "avg_trip_distance": 182.44017, "avg_trip_duration": 1.9878025, "total_trip_distance": 226783.42, "total_trip_duration": 2462.7034, "total_freight_value": 20104236.0, "trip_transport_costs": 1349462.0, "cst_per_tonne": 30.0, "cst_per_tonne_km": 0.1417728843225533, "co2_tn": 695.66504}], "LGA_12150": [{"industry": "grains", "sector": "cropping", "trips_count": 27, "trailer_loads": 426.4452, "tonnes": 10512.172, "tonne_kms": 2632316.0, "tonnes_per_trailer": 24.444439, "avg_trip_distance": 214.9357, "avg_trip_duration": 2.340323, "total_trip_distance": 53408.625, "total_trip_duration": 584.2421, "total_freight_value": 4835118.0, "trip_transport_costs": 340827.0, "cst_per_tonne": 32.0, "cst_per_tonne_km": 0.12947809995833398, "co2_tn": 177.06064}, {"industry": "livestock", "sector": "livestock", "trips_count": 6, "trailer_loads": 30.0, "tonnes": 600.0, "tonne_kms": 188792.2, "tonnes_per_trailer": 20.0, "avg_trip_distance": 262.2114, "avg_trip_duration": 2.8537755, "total_trip_distance": 4719.805, "total_trip_duration": 51.367958, "total_freight_value": 1293000.0, "trip_transport_costs": 29492.0, "cst_per_tonne": 49.0, "cst_per_tonne_km": 0.15621289504101776, "co2_tn": 15.620183}], "LGA_12350": [{"industry": "grains", "sector": "cropping", "trips_count": 17, "trailer_loads": 189.34533000000002, "tonnes": 4658.5215, "tonne_kms": 1062222.5, "tonnes_per_trailer": 24.294113, "avg_trip_distance": 211.25266, "avg_trip_duration": 2.3698826, "total_trip_distance": 28816.24, "total_trip_duration": 322.83408, "total_freight_value": 2572522.0, "trip_transport_costs": 164108.0, "cst_per_tonne": 35.0, "cst_per_tonne_km": 0.1544951138157554, "co2_tn": 85.697136}, {"industry": "livestock", "sector": "livestock", "trips_count": 26, "trailer_loads": 163.57576, "tonnes": 1726.667, "tonne_kms": 387042.25, "tonnes_per_trailer": 10.46154, "avg_trip_distance": 221.79239, "avg_trip_duration": 2.491074, "total_trip_distance": 24707.486, "total_trip_duration": 277.41965, "total_freight_value": 11950000.0, "trip_transport_costs": 139877.0, "cst_per_tonne": 81.0, "cst_per_tonne_km": 0.3614008760106293, "co2_tn": 72.694374}], "LGA_12870": [{"industry": "grains", "sector": "cropping", "trips_count": 47, "trailer_loads": 1022.1580700000005, "tonnes": 25038.377, "tonne_kms": 8641300.0, "tonnes_per_trailer": 23.89361, "avg_trip_distance": 289.99194, "avg_trip_duration": 3.1133132, "total_trip_distance": 184215.88, "total_trip_duration": 1979.5785, "total_freight_value": 11176143.0, "trip_transport_costs": 1118068.0, "cst_per_tonne": 45.0, "cst_per_tonne_km": 0.1293864982541147, "co2_tn": 597.53674}], "LGA_12900": [{"industry": "grains", "sector": "cropping", "trips_count": 81, "trailer_loads": 1271.4882199999972, "tonnes": 31499.28, "tonne_kms": 4810890.0, "tonnes_per_trailer": 24.43209, "avg_trip_distance": 92.69019, "avg_trip_duration": 1.0293969, "total_trip_distance": 114117.72, "total_trip_duration": 1256.923, "total_freight_value": 13954912.0, "trip_transport_costs": 705849.0, "cst_per_tonne": 22.0, "cst_per_tonne_km": 0.14671909754930676, "co2_tn": 341.6658}, {"industry": "livestock", "sector": "livestock", "trips_count": 43, "trailer_loads": 250.0, "tonnes": 2900.0, "tonne_kms": 374963.47, "tonnes_per_trailer": 11.860465, "avg_trip_distance": 122.997345, "avg_trip_duration": 1.383775, "total_trip_distance": 18104.574, "total_trip_duration": 203.40672, "total_freight_value": 16293000.0, "trip_transport_costs": 118643.0, "cst_per_tonne": 41.0, "cst_per_tonne_km": 0.3164124667514484, "co2_tn": 57.537754}], "LGA_13340": [{"industry": "grains", "sector": "cropping", "trips_count": 10, "trailer_loads": 212.44095000000002, "tonnes": 5273.462, "tonne_kms": 1924643.1, "tonnes_per_trailer": 24.399979, "avg_trip_distance": 222.64066, "avg_trip_duration": 2.4444664, "total_trip_distance": 45811.562, "total_trip_duration": 502.95993, "total_freight_value": 2545902.0, "trip_transport_costs": 261862.0, "cst_per_tonne": 50.0, "cst_per_tonne_km": 0.13605737332919512, "co2_tn": 136.99661}], "LGA_14600": [{"industry": "grains", "sector": "cropping", "trips_count": 295, "trailer_loads": 5819.866819999998, "tonnes": 145471.42, "tonne_kms": 8011172.0, "tonnes_per_trailer": 24.98645, "avg_trip_distance": 50.89225, "avg_trip_duration": 0.5802611, "total_trip_distance": 177272.58, "total_trip_duration": 2016.0962, "total_freight_value": 61289753.0, "trip_transport_costs": 1381458.0, "cst_per_tonne": 9.0, "cst_per_tonne_km": 0.17244141667123775, "co2_tn": 562.3295}, {"industry": "waste", "sector": "waste", "trips_count": 12, "trailer_loads": 464.4000000000002, "tonnes": 4644.0, "tonne_kms": 102446.31, "tonnes_per_trailer": 10.0, "avg_trip_distance": 23.647087, "avg_trip_duration": 0.2745294, "total_trip_distance": 8768.239, "total_trip_duration": 104.01804, "total_freight_value": 464400.0, "trip_transport_costs": 70240.0, "cst_per_tonne": 15.0, "cst_per_tonne_km": 0.6856255068394054, "co2_tn": 21.91288}], "LGA_15800": [{"industry": "grains", "sector": "cropping", "trips_count": 53, "trailer_loads": 1187.8474999999999, "tonnes": 29425.883, "tonne_kms": 5564353.5, "tonnes_per_trailer": 24.471704, "avg_trip_distance": 143.56525, "avg_trip_duration": 1.5781536, "total_trip_distance": 114347.8, "total_trip_duration": 1257.4165, "total_freight_value": 11965040.0, "trip_transport_costs": 742390.0, "cst_per_tonne": 25.0, "cst_per_tonne_km": 0.1334189413156752, "co2_tn": 376.26245}], "LGA_15850": [{"industry": "grains", "sector": "cropping", "trips_count": 96, "trailer_loads": 1975.0183599999984, "tonnes": 48136.58, "tonne_kms": 7561708.5, "tonnes_per_trailer": 23.729162, "avg_trip_distance": 140.85251, "avg_trip_duration": 1.5352091, "total_trip_distance": 158480.97, "total_trip_duration": 1733.6782, "total_freight_value": 18704627.0,