{"orig_lga": "LGA_18710", "orig_name": "Yass Valley (A)", "orig_state": "NSW", "fetched_at": "2026-03-12T07:58:18.045390+00:00", "destinations": {"LGA_13310": [{"industry": "livestock", "sector": "livestock", "trips_count": 52, "trailer_loads": 306.0, "tonnes": 3360.0, "tonne_kms": 317500.8, "tonnes_per_trailer": 11.153846, "avg_trip_distance": 91.51613, "avg_trip_duration": 0.99480766, "total_trip_distance": 19501.525, "total_trip_duration": 211.85072, "total_freight_value": 20220000.0, "trip_transport_costs": 119536.0, "cst_per_tonne": 36.0, "cst_per_tonne_km": 0.376489686148441, "co2_tn": 56.997356}], "LGA_13910": [{"industry": "grains", "sector": "cropping", "trips_count": 13, "trailer_loads": 143.2789, "tonnes": 3581.9749, "tonne_kms": 375169.03, "tonnes_per_trailer": 25.000011, "avg_trip_distance": 87.37425, "avg_trip_duration": 0.99344313, "total_trip_distance": 10631.304, "total_trip_duration": 119.215614, "total_freight_value": 2323977.0, "trip_transport_costs": 63219.0, "cst_per_tonne": 18.0, "cst_per_tonne_km": 0.16850739799217795, "co2_tn": 30.158405}], "LGA_16950": [], "LGA_17080": [{"industry": "wood_product", "sector": "wood_product", "trips_count": 19, "trailer_loads": 758.958116, "tonnes": 15179.162, "tonne_kms": 1753934.9, "tonnes_per_trailer": 20.000008, "avg_trip_distance": 75.792366, "avg_trip_duration": 1.1790019, "total_trip_distance": 84209.63, "total_trip_duration": 1516.531, "total_freight_value": 22768743.0, "trip_transport_costs": 508969.0, "cst_per_tonne": 34.0, "cst_per_tonne_km": 0.29018687087813383, "co2_tn": 217.73125}], "LGA_18710": [{"industry": "waste", "sector": "waste", "trips_count": 18, "trailer_loads": 388.8000000000001, "tonnes": 3888.0, "tonne_kms": 24199.992, "tonnes_per_trailer": 10.0, "avg_trip_distance": 6.1111093, "avg_trip_duration": 0.09717909, "total_trip_distance": 2419.9993, "total_trip_duration": 38.48292, "total_freight_value": 388800.0, "trip_transport_costs": 35940.0, "cst_per_tonne": 9.0, "cst_per_tonne_km": 1.4851399876565692, "co2_tn": 5.8460965}], "LGA_89399": [{"industry": "waste", "sector": "waste", "trips_count": 18, "trailer_loads": 388.8000000000001, "tonnes": 3888.0, "tonne_kms": 124717.97, "tonnes_per_trailer": 10.0, "avg_trip_distance": 31.494436, "avg_trip_duration": 0.37264636, "total_trip_distance": 12471.797, "total_trip_duration": 147.56796, "total_freight_value": 388800.0, "trip_transport_costs": 78290.0, "cst_per_tonne": 20.0, "cst_per_tonne_km": 0.6277329376750044, "co2_tn": 27.624912}]}}