{"orig_lga": "LGA_16200", "orig_name": "Parkes (A)", "orig_state": "NSW", "fetched_at": "2026-03-12T07:36:18.084516+00:00", "destinations": {"LGA_10750": [{"industry": "fruit", "sector": "horticulture", "trips_count": 22, "trailer_loads": 8.10657017, "tonnes": 149.04189, "tonne_kms": 51843.555, "tonnes_per_trailer": 18.727264, "avg_trip_distance": 80.31802, "avg_trip_duration": 1.008578, "total_trip_distance": 2308.07, "total_trip_duration": 28.997519, "total_freight_value": 1154586.0, "trip_transport_costs": 11962.0, "cst_per_tonne": 80.0, "cst_per_tonne_km": 0.23073903556864195, "co2_tn": 5.983277}, {"industry": "vegetables", "sector": "horticulture", "trips_count": 8, "trailer_loads": 19.417198470000002, "tonnes": 425.12497, "tonne_kms": 134987.55, "tonnes_per_trailer": 21.125011, "avg_trip_distance": 79.66749, "avg_trip_duration": 1.0180323, "total_trip_distance": 4806.648, "total_trip_duration": 61.473984, "total_freight_value": 1337392.0, "trip_transport_costs": 25824.0, "cst_per_tonne": 61.0, "cst_per_tonne_km": 0.19130637863918568, "co2_tn": 12.924224}], "LGA_10800": [{"industry": "grains", "sector": "cropping", "trips_count": 42, "trailer_loads": 1032.6171500000003, "tonnes": 25797.62, "tonne_kms": 5026526.0, "tonnes_per_trailer": 24.95237, "avg_trip_distance": 170.65839, "avg_trip_duration": 1.8624517, "total_trip_distance": 140684.23, "total_trip_duration": 1537.6659, "total_freight_value": 10114192.0, "trip_transport_costs": 768051.0, "cst_per_tonne": 30.0, "cst_per_tonne_km": 0.15279960658962075, "co2_tn": 382.54022}], "LGA_11400": [{"industry": "grains", "sector": "cropping", "trips_count": 11, "trailer_loads": 246.88675000000003, "tonnes": 6118.8027, "tonne_kms": 533584.8, "tonnes_per_trailer": 24.454544, "avg_trip_distance": 98.67346, "avg_trip_duration": 1.1113353, "total_trip_distance": 17299.416, "total_trip_duration": 194.79391, "total_freight_value": 2502531.0, "trip_transport_costs": 98213.0, "cst_per_tonne": 16.0, "cst_per_tonne_km": 0.18406207821401868, "co2_tn": 44.88304}], "LGA_12350": [{"industry": "grains", "sector": "cropping", "trips_count": 7, "trailer_loads": 109.5952, "tonnes": 2668.738, "tonne_kms": 387888.94, "tonnes_per_trailer": 23.857182, "avg_trip_distance": 156.42313, "avg_trip_duration": 1.7769328, "total_trip_distance": 13887.113, "total_trip_duration": 157.42233, "total_freight_value": 1218650.0, "trip_transport_costs": 70968.0, "cst_per_tonne": 27.0, "cst_per_tonne_km": 0.1829598682141296, "co2_tn": 34.07629}, {"industry": "livestock", "sector": "livestock", "trips_count": 10, "trailer_loads": 50.54545, "tonnes": 592.0, "tonne_kms": 95469.86, "tonnes_per_trailer": 12.800002, "avg_trip_distance": 155.19322, "avg_trip_duration": 1.7640946, "total_trip_distance": 7267.306, "total_trip_duration": 82.634346, "total_freight_value": 3822240.0, "trip_transport_costs": 36473.0, "cst_per_tonne": 62.0, "cst_per_tonne_km": 0.3820337664652343, "co2_tn": 17.633995}], "LGA_12900": [{"industry": "grains", "sector": "cropping", "trips_count": 57, "trailer_loads": 1083.47594, "tonnes": 26980.184, "tonne_kms": 2088833.5, "tonnes_per_trailer": 24.78947, "avg_trip_distance": 73.219086, "avg_trip_duration": 0.8575797, "total_trip_distance": 80151.12, "total_trip_duration": 942.53076, "total_freight_value": 11815835.0, "trip_transport_costs": 423549.0, "cst_per_tonne": 16.0, "cst_per_tonne_km": 0.20276815465884204, "co2_tn": 183.79216}, {"industry": "livestock", "sector": "livestock", "trips_count": 34, "trailer_loads": 192.0, "tonnes": 2636.0, "tonne_kms": 154175.92, "tonnes_per_trailer": 14.3529415, "avg_trip_distance": 58.021156, "avg_trip_duration": 0.65209234, "total_trip_distance": 10395.213, "total_trip_duration": 116.46314, "total_freight_value": 11483620.0, "trip_transport_costs": 58647.0, "cst_per_tonne": 22.0, "cst_per_tonne_km": 0.38039322695264216, "co2_tn": 24.62368}, {"industry": "waste", "sector": "waste", "trips_count": 32, "trailer_loads": 691.2000000000004, "tonnes": 6912.0, "tonne_kms": 197422.92, "tonnes_per_trailer": 10.0, "avg_trip_distance": 28.043028, "avg_trip_duration": 0.32392126, "total_trip_distance": 19742.293, "total_trip_duration": 228.04056, "total_freight_value": 691200.0, "trip_transport_costs": 128471.0, "cst_per_tonne": 19.0, "cst_per_tonne_km": 0.6507409584274464, "co2_tn": 44.22779}], "LGA_13510": [{"industry": "grains", "sector": "cropping", "trips_count": 17, "trailer_loads": 351.96725000000004, "tonnes": 8745.809, "tonne_kms": 2210314.8, "tonnes_per_trailer": 24.647045, "avg_trip_distance": 211.55063, "avg_trip_duration": 2.4392345, "total_trip_distance": 60804.742, "total_trip_duration": 700.9646, "total_freight_value": 3894503.0, "trip_transport_costs": 340681.0, "cst_per_tonne": 39.0, "cst_per_tonne_km": 0.1541321433088602, "co2_tn": 175.4607}, {"industry": "livestock", "sector": "livestock", "trips_count": 13, "trailer_loads": 77.0, "tonnes": 820.0, "tonne_kms": 226589.16, "tonnes_per_trailer": 10.769231, "avg_trip_distance": 237.9403, "avg_trip_duration": 2.69997, "total_trip_distance": 15261.55, "total_trip_duration": 173.25043, "total_freight_value": 5255500.0, "trip_transport_costs": 84090.0, "cst_per_tonne": 103.0, "cst_per_tonne_km": 0.37111005680986775, "co2_tn": 43.596928}], "LGA_13910": [{"industry": "grains", "sector": "cropping", "trips_count": 18, "trailer_loads": 263.8603, "tonnes": 6560.9263, "tonne_kms": 1359088.1, "tonnes_per_trailer": 24.777763, "avg_trip_distance": 171.18239, "avg_trip_duration": 1.917367, "total_trip_distance": 42463.742, "total_trip_duration": 475.37115, "total_freight_value": 3157161.0, "trip_transport_costs": 224734.0, "cst_per_tonne": 34.0, "cst_per_tonne_km": 0.16535672355683337, "co2_tn": 112.786026}], "LGA_14600": [{"industry": "grains", "sector": "cropping", "trips_count": 50, "trailer_loads": 982.4891500000003, "tonnes": 24544.428, "tonne_kms": 2867486.5, "tonnes_per_trailer": 24.95998, "avg_trip_distance": 91.517296, "avg_trip_duration": 1.0000222, "total_trip_distance": 76427.234, "total_trip_duration": 836.0216, "total_freight_value": 9808632.0, "trip_transport_costs": 452490.0, "cst_per_tonne": 18.0, "cst_per_tonne_km": 0.15780023956193864, "co2_tn": 211.5241}], "LGA_15850": [{"industry": "grains", "sector": "cropping", "trips_count": 97, "trailer_loads": 2362.8907999999997, "tonnes": 57805.5, "tonne_kms": 5901953.0, "tonnes_per_trailer": 23.845346, "avg_trip_distance": 89.20808, "avg_trip_duration": 0.9749753, "total_trip_distance": 180094.67, "total_trip_duration": 1971.2925, "total_freight_value": 22386223.0, "trip_transport_costs": 1019290.0, "cst_per_tonne": 18.0, "cst_per_tonne_km": 0.17270384598684432, "co2_tn": 468.1798}], "LGA_16200": [{"industry": "grains", "sector": "cropping", "trips_count": 232, "trailer_loads": 5517.653149999992, "tonnes": 137380.47, "tonne_kms": 5059051.5, "tonnes_per_trailer": 24.784468, "avg_trip_distance": 36.752808, "avg_trip_duration": 0.4256911, "total_trip_distance": 181251.58, "total_trip_duration": 2103.0752, "total_freight_value": 67215479.0, "trip_transport_costs": 1175557.0, "cst_per_tonne": 9.0, "cst_per_tonne_km": 0.23236712734791418, "co2_tn": 435.26633}], "LGA_17310": [{"industry": "livestock", "sector": "livestock", "trips_count": 29, "trailer_loads": 168.54545, "tonnes": 1940.0, "tonne_kms": 888447.06, "tonnes_per_trailer": 11.793104, "avg_trip_distance": 313.93808, "avg_trip_duration": 3.4838088, "total_trip_distance": 53005.22, "total_trip_duration": 588.0327, "total_freight_value": 11560000.0, "trip_transport_costs": 282376.0, "cst_per_tonne": 146.0, "cst_per_tonne_km": 0.31783071392636436, "co2_tn": 147.08492}], "LGA_17350": [{"industry": "grains", "sector": "cropping", "trips_count": 30, "trailer_loads": 589.0142499999998, "tonnes": 14526.613, "tonne_kms": 3655021.5, "tonnes_per_trailer": 24.4, "avg_trip_distance": 194.55133, "avg_trip_duration": 2.1306272, "total_trip_distance": 97445.95, "total_trip_duration": 1072.8843, "total_freight_value": 5949426.0,