{"orig_lga": "LGA_10950", "orig_name": "Bogan (A)", "orig_state": "NSW", "fetched_at": "2026-03-12T06:51:39.025454+00:00", "destinations": {"LGA_10800": [{"industry": "grains", "sector": "cropping", "trips_count": 30, "trailer_loads": 393.07272, "tonnes": 9628.389, "tonne_kms": 2962594.2, "tonnes_per_trailer": 23.93333, "avg_trip_distance": 253.64006, "avg_trip_duration": 2.779695, "total_trip_distance": 60844.867, "total_trip_duration": 665.58246, "total_freight_value": 3712032.0, "trip_transport_costs": 383308.0, "cst_per_tonne": 40.0, "cst_per_tonne_km": 0.12938252168514872, "co2_tn": 200.93007}], "LGA_11600": [], "LGA_11750": [{"industry": "grains", "sector": "cropping", "trips_count": 18, "trailer_loads": 206.60314999999997, "tonnes": 5165.076, "tonne_kms": 1476305.4, "tonnes_per_trailer": 24.999992, "avg_trip_distance": 135.99059, "avg_trip_duration": 1.4846652, "total_trip_distance": 29578.922, "total_trip_duration": 316.96265, "total_freight_value": 1961635.0, "trip_transport_costs": 186216.0, "cst_per_tonne": 36.0, "cst_per_tonne_km": 0.12613643797590826, "co2_tn": 97.65118}], "LGA_12150": [{"industry": "grains", "sector": "cropping", "trips_count": 48, "trailer_loads": 615.9085699999998, "tonnes": 15373.231, "tonne_kms": 3410846.8, "tonnes_per_trailer": 24.937502, "avg_trip_distance": 189.288, "avg_trip_duration": 2.044152, "total_trip_distance": 68718.15, "total_trip_duration": 743.95764, "total_freight_value": 6819975.0, "trip_transport_costs": 440941.0, "cst_per_tonne": 29.0, "cst_per_tonne_km": 0.12927618082252962, "co2_tn": 227.2835}, {"industry": "waste", "sector": "waste", "trips_count": 7, "trailer_loads": 151.2, "tonnes": 1512.0, "tonne_kms": 270952.56, "tonnes_per_trailer": 10.0, "avg_trip_distance": 175.94322, "avg_trip_duration": 1.9193656, "total_trip_distance": 27095.256, "total_trip_duration": 295.5823, "total_freight_value": 151200.0, "trip_transport_costs": 124445.0, "cst_per_tonne": 82.0, "cst_per_tonne_km": 0.45928637170920833, "co2_tn": 59.79789}], "LGA_12900": [{"industry": "grains", "sector": "cropping", "trips_count": 34, "trailer_loads": 519.01173, "tonnes": 12975.284, "tonne_kms": 3588702.8, "tonnes_per_trailer": 24.999998, "avg_trip_distance": 148.19397, "avg_trip_duration": 1.7101393, "total_trip_distance": 80203.59, "total_trip_duration": 909.6038, "total_freight_value": 6733639.0, "trip_transport_costs": 483267.0, "cst_per_tonne": 37.0, "cst_per_tonne_km": 0.13466346603348697, "co2_tn": 248.29005}, {"industry": "livestock", "sector": "livestock", "trips_count": 21, "trailer_loads": 120.0, "tonnes": 1500.0, "tonne_kms": 395678.34, "tonnes_per_trailer": 12.857142, "avg_trip_distance": 158.51459, "avg_trip_duration": 1.8061296, "total_trip_distance": 18090.615, "total_trip_duration": 205.43953, "total_freight_value": 7396500.0, "trip_transport_costs": 107801.0, "cst_per_tonne": 72.0, "cst_per_tonne_km": 0.2724460324297111, "co2_tn": 55.239815}], "LGA_17900": [{"industry": "grains", "sector": "cropping", "trips_count": 65, "trailer_loads": 813.1595899999998, "tonnes": 19742.852, "tonne_kms": 6566256.0, "tonnes_per_trailer": 24.307693, "avg_trip_distance": 267.52524, "avg_trip_duration": 2.8835032, "total_trip_distance": 136476.11, "total_trip_duration": 1473.7777, "total_freight_value": 9050373.0, "trip_transport_costs": 852958.0, "cst_per_tonne": 43.0, "cst_per_tonne_km": 0.12990026776258135, "co2_tn": 449.9048}], "LGA_18230": [{"industry": "grains", "sector": "cropping", "trips_count": 23, "trailer_loads": 407.69411, "tonnes": 9944.33, "tonne_kms": 1920745.2, "tonnes_per_trailer": 23.260874, "avg_trip_distance": 166.52617, "avg_trip_duration": 1.8447324, "total_trip_distance": 40771.906, "total_trip_duration": 448.8592, "total_freight_value": 4107090.0, "trip_transport_costs": 262405.0, "cst_per_tonne": 26.0, "cst_per_tonne_km": 0.13661614890980303, "co2_tn": 133.69336}, {"industry": "livestock", "sector": "livestock", "trips_count": 51, "trailer_loads": 288.0, "tonnes": 3780.0, "tonne_kms": 855616.94, "tonnes_per_trailer": 13.529411, "avg_trip_distance": 192.83636, "avg_trip_duration": 2.1282227, "total_trip_distance": 32702.148, "total_trip_duration": 364.37665, "total_freight_value": 17084000.0, "trip_transport_costs": 211150.0, "cst_per_tonne": 56.0, "cst_per_tonne_km": 0.246781105819496, "co2_tn": 108.69103}], "LGA_34860": [{"industry": "livestock", "sector": "livestock", "trips_count": 6, "trailer_loads": 30.0, "tonnes": 600.0, "tonne_kms": 477382.2, "tonnes_per_trailer": 20.0, "avg_trip_distance": 537.973, "avg_trip_duration": 5.6371202, "total_trip_distance": 11430.395, "total_trip_duration": 119.77077, "total_freight_value": 1293000.0, "trip_transport_costs": 72599.0, "cst_per_tonne": 121.0, "cst_per_tonne_km": 0.15207759457012626, "co2_tn": 39.764133}]}}