{"orig_lga": "LGA_11720", "orig_name": "Cessnock (C)", "orig_state": "NSW", "fetched_at": "2026-03-12T07:00:14.885877+00:00", "destinations": {"LGA_10750": [{"industry": "meat", "sector": "cold_food", "trips_count": 10, "trailer_loads": 770.1510900000001, "tonnes": 13862.713, "tonne_kms": 2308510.0, "tonnes_per_trailer": 17.999996, "avg_trip_distance": 156.96619, "avg_trip_duration": 1.7791802, "total_trip_distance": 87071.21, "total_trip_duration": 988.46497, "total_freight_value": 457470244.0, "trip_transport_costs": 508967.0, "cst_per_tonne": 37.0, "cst_per_tonne_km": 0.22047425544507063, "co2_tn": 255.38663}, {"industry": "fruit", "sector": "horticulture", "trips_count": 8, "trailer_loads": 2.4248678999999997, "tonnes": 43.64765, "tonne_kms": 8334.044, "tonnes_per_trailer": 18.000002, "avg_trip_distance": 38.583534, "avg_trip_duration": 0.42195415, "total_trip_distance": 308.66827, "total_trip_duration": 3.3756332, "total_freight_value": 436477.0, "trip_transport_costs": 1766.0, "cst_per_tonne": 40.0, "cst_per_tonne_km": 0.21194365817421207, "co2_tn": 0.91399705}], "LGA_11100": [{"industry": "wood_product", "sector": "wood_product", "trips_count": 6, "trailer_loads": 30.0, "tonnes": 600.0, "tonne_kms": 100737.6, "tonnes_per_trailer": 20.0, "avg_trip_distance": 135.24902, "avg_trip_duration": 1.601649, "total_trip_distance": 3358.8284, "total_trip_duration": 39.7725, "total_freight_value": 3000000.0, "trip_transport_costs": 19907.0, "cst_per_tonne": 33.0, "cst_per_tonne_km": 0.19760837988514882, "co2_tn": 10.062255}], "LGA_11570": [{"industry": "wood_product", "sector": "wood_product", "trips_count": 6, "trailer_loads": 65.0, "tonnes": 1300.0, "tonne_kms": 213437.1, "tonnes_per_trailer": 20.0, "avg_trip_distance": 144.58267, "avg_trip_duration": 1.7482942, "total_trip_distance": 7114.57, "total_trip_duration": 85.57005, "total_freight_value": 6500000.0, "trip_transport_costs": 42362.0, "cst_per_tonne": 33.0, "cst_per_tonne_km": 0.1984767435318691, "co2_tn": 21.403555}], "LGA_11650": [{"industry": "meat", "sector": "cold_food", "trips_count": 21, "trailer_loads": 290.38756000000006, "tonnes": 5226.9824, "tonne_kms": 314855.38, "tonnes_per_trailer": 18.000006, "avg_trip_distance": 54.12057, "avg_trip_duration": 0.6656711, "total_trip_distance": 17491.965, "total_trip_duration": 209.29446, "total_freight_value": 172490214.0, "trip_transport_costs": 95190.0, "cst_per_tonne": 18.0, "cst_per_tonne_km": 0.3023283734934613, "co2_tn": 38.96078}, {"industry": "wood_product", "sector": "wood_product", "trips_count": 12, "trailer_loads": 174.9534, "tonnes": 3499.0698, "tonne_kms": 354922.0, "tonnes_per_trailer": 20.000004, "avg_trip_distance": 92.206184, "avg_trip_duration": 1.1325346, "total_trip_distance": 27556.393, "total_trip_duration": 339.93454, "total_freight_value": 17495340.0, "trip_transport_costs": 94725.0, "cst_per_tonne": 27.0, "cst_per_tonne_km": 0.2668893213822553, "co2_tn": 34.87979}], "LGA_11720": [{"industry": "meat", "sector": "cold_food", "trips_count": 16, "trailer_loads": 87.58112000000001, "tonnes": 1576.4601, "tonne_kms": 9669.409, "tonnes_per_trailer": 18.00001, "avg_trip_distance": 8.573351, "avg_trip_duration": 0.13314752, "total_trip_distance": 537.1894, "total_trip_duration": 8.690646, "total_freight_value": 52175134.0, "trip_transport_costs": 8292.0, "cst_per_tonne": 5.0, "cst_per_tonne_km": 0.8575794815292669, "co2_tn": 1.2773619}, {"industry": "livestock", "sector": "livestock", "trips_count": 17, "trailer_loads": 77.27265000000001, "tonnes": 1700.0, "tonne_kms": 29955.8, "tonnes_per_trailer": 22.000023, "avg_trip_distance": 14.561845, "avg_trip_duration": 0.21574034, "total_trip_distance": 1113.8864, "total_trip_duration": 16.517298, "total_freight_value": 10506000.0, "trip_transport_costs": 10621.0, "cst_per_tonne": 6.0, "cst_per_tonne_km": 0.35454833928502727, "co2_tn": 2.9899585}, {"industry": "waste", "sector": "waste", "trips_count": 57, "trailer_loads": 1231.1999999999998, "tonnes": 12312.0, "tonne_kms": 78145.99, "tonnes_per_trailer": 10.0, "avg_trip_distance": 6.2317376, "avg_trip_duration": 0.091098085, "total_trip_distance": 7814.599, "total_trip_duration": 114.237, "total_freight_value": 1231200.0, "trip_transport_costs": 113069.0, "cst_per_tonne": 9.0, "cst_per_tonne_km": 1.4468915374313924, "co2_tn": 18.110415}, {"industry": "wood_product", "sector": "wood_product", "trips_count": 11, "trailer_loads": 242.18476900000002, "tonnes": 5095.828, "tonne_kms": 95068.56, "tonnes_per_trailer": 23.63635, "avg_trip_distance": 19.076338, "avg_trip_duration": 0.31890184, "total_trip_distance": 3460.1235, "total_trip_duration": 54.546566, "total_freight_value": 21697134.0, "trip_transport_costs": 33884.0, "cst_per_tonne": 7.0, "cst_per_tonne_km": 0.35642018415101895, "co2_tn": 9.708497}], "LGA_14650": [{"industry": "meat", "sector": "cold_food", "trips_count": 41, "trailer_loads": 360.65624999999994, "tonnes": 5641.2837, "tonne_kms": 237886.83, "tonnes_per_trailer": 15.926819, "avg_trip_distance": 38.3799, "avg_trip_duration": 0.49551722, "total_trip_distance": 15267.901, "total_trip_duration": 196.69315, "total_freight_value": 126455593.0, "trip_transport_costs": 91089.0, "cst_per_tonne": 16.0, "cst_per_tonne_km": 0.3829091734692794, "co2_tn": 34.353004}, {"industry": "waste", "sector": "waste", "trips_count": 72, "trailer_loads": 1555.1999999999985, "tonnes": 15552.0, "tonne_kms": 598070.75, "tonnes_per_trailer": 10.0, "avg_trip_distance": 37.756992, "avg_trip_duration": 0.4955766, "total_trip_distance": 59807.074, "total_trip_duration": 784.99335, "total_freight_value": 1555200.0, "trip_transport_costs": 364367.0, "cst_per_tonne": 23.0, "cst_per_tonne_km": 0.609238064741661, "co2_tn": 134.06258}, {"industry": "wood_product", "sector": "wood_product", "trips_count": 7, "trailer_loads": 259.2347, "tonnes": 5184.6953, "tonne_kms": 275265.16, "tonnes_per_trailer": 20.000004, "avg_trip_distance": 55.89338, "avg_trip_duration": 0.79125595, "total_trip_distance": 16407.285, "total_trip_duration": 227.85551, "total_freight_value": 25923470.0, "trip_transport_costs": 81148.0, "cst_per_tonne": 16.0, "cst_per_tonne_km": 0.2947985641649784, "co2_tn": 30.328041}], "LGA_14900": [{"industry": "wood_product", "sector": "wood_product", "trips_count": 9, "trailer_loads": 105.0, "tonnes": 2100.0, "tonne_kms": 370708.5, "tonnes_per_trailer": 20.0, "avg_trip_distance": 128.21486, "avg_trip_duration": 1.5203768, "total_trip_distance": 12403.458, "total_trip_duration": 148.26183, "total_freight_value": 10500000.0, "trip_transport_costs": 73894.0, "cst_per_tonne": 35.0, "cst_per_tonne_km": 0.19933110084726272, "co2_tn": 37.12703}], "LGA_15050": [], "LGA_15240": [{"industry": "wood_product", "sector": "wood_product", "trips_count": 7, "trailer_loads": 43.195363, "tonnes": 1057.1588, "tonne_kms": 221327.34, "tonnes_per_trailer": 24.571451, "avg_trip_distance": 164.55266, "avg_trip_duration": 1.8643434, "total_trip_distance": 9004.355, "total_trip_duration": 102.953896, "total_freight_value": 1834318.0, "trip_transport_costs": 41876.0, "cst_per_tonne": 40.0, "cst_per_tonne_km": 0.18920384938924953, "co2_tn": 19.94189}], "LGA_15900": [{"industry": "meat", "sector": "cold_food", "trips_count": 52, "trailer_loads": 611.4254699999999, "tonnes": 8263.448, "tonne_kms": 273726.8, "tonnes_per_trailer": 14.346169, "avg_trip_distance": 32.4519, "avg_trip_duration": 0.40346286, "total_trip_distance": 20093.973, "total_trip_duration": 243.69896, "total_freight_value": 80190696.0, "trip_transport_costs": 126178.0, "cst_per_tonne": 15.0, "cst_per_tonne_km": 0.46096390922271174, "co2_tn": 45.033195}], "LGA_16260": [{"industry": "wood_product", "sector": "wood_product", "trips_count": 14, "trailer_loads": 90.0, "tonnes": 1800.0, "tonne_kms": 275879.4, "tonnes_per_trailer": 20.0, "avg_trip_distance": 106.239075, "avg_trip_duration": 1.2303277, "total_trip_distance": 9258.145, "total_trip_duration": 107.209694, "total_freight_value": 9000000.0,