{"orig_lga": "LGA_17550", "orig_name": "Tweed (A)", "orig_state": "NSW", "fetched_at": "2026-03-12T07:48:06.350117+00:00", "destinations": {"LGA_11730": [{"industry": "wood_product", "sector": "wood_product", "trips_count": 22, "trailer_loads": 24.9629415, "tonnes": 588.60535, "tonne_kms": 113176.81, "tonnes_per_trailer": 21.590906, "avg_trip_distance": 88.74664, "avg_trip_duration": 1.0043116, "total_trip_distance": 4782.5933, "total_trip_duration": 54.412567, "total_freight_value": 1006274.0, "trip_transport_costs": 22335.0, "cst_per_tonne": 38.0, "cst_per_tonne_km": 0.1973419396911359, "co2_tn": 10.651287}], "LGA_17550": [{"industry": "sugar", "sector": "cropping", "trips_count": 151, "trailer_loads": 14411.681600000014, "tonnes": 389114.4, "tonne_kms": 5905419.0, "tonnes_per_trailer": 26.999966, "avg_trip_distance": 15.088247, "avg_trip_duration": 0.20839484, "total_trip_distance": 218719.23, "total_trip_duration": 3020.8916, "total_freight_value": 23346865.0, "trip_transport_costs": 1899868.0, "cst_per_tonne": 5.0, "cst_per_tonne_km": 0.3217160188187695, "co2_tn": 499.63235}, {"industry": "waste", "sector": "waste", "trips_count": 199, "trailer_loads": 7680.960000000057, "tonnes": 76809.6, "tonne_kms": 884341.25, "tonnes_per_trailer": 10.0, "avg_trip_distance": 9.28459, "avg_trip_duration": 0.14191583, "total_trip_distance": 88434.125, "total_trip_duration": 1161.7903, "total_freight_value": 7680960.0, "trip_transport_costs": 876732.0, "cst_per_tonne": 11.0, "cst_per_tonne_km": 0.9913960589916064, "co2_tn": 201.24869}, {"industry": "wood_product", "sector": "wood_product", "trips_count": 7, "trailer_loads": 2.1375874999999995, "tonnes": 42.75165, "tonne_kms": 980.3114, "tonnes_per_trailer": 19.999989, "avg_trip_distance": 4.3496666, "avg_trip_duration": 0.056398828, "total_trip_distance": 49.01557, "total_trip_duration": 0.657442, "total_freight_value": 64128.0, "trip_transport_costs": 356.0, "cst_per_tonne": 8.0, "cst_per_tonne_km": 0.3632542219214777, "co2_tn": 0.111455105}], "LGA_31000": [{"industry": "nuts", "sector": "horticulture", "trips_count": 12, "trailer_loads": 0.19503697, "tonnes": 3.5106661, "tonne_kms": 399.96085, "tonnes_per_trailer": 18.0, "avg_trip_distance": 1.8516706, "avg_trip_duration": 0.021414628, "total_trip_distance": 22.220047, "total_trip_duration": 0.25697553, "total_freight_value": 105320.0, "trip_transport_costs": 108.0, "cst_per_tonne": 31.0, "cst_per_tonne_km": 0.2698552085171719, "co2_tn": 0.049362168}, {"industry": "fruit", "sector": "horticulture", "trips_count": 321, "trailer_loads": 53.22967868599998, "tonnes": 1021.6705, "tonne_kms": 124738.65, "tonnes_per_trailer": 17.72586, "avg_trip_distance": 17.356747, "avg_trip_duration": 0.1993187, "total_trip_distance": 6532.6187, "total_trip_duration": 74.9331, "total_freight_value": 3549351.0, "trip_transport_costs": 31644.0, "cst_per_tonne": 31.0, "cst_per_tonne_km": 0.2536793699996719, "co2_tn": 14.462591}, {"industry": "vegetables", "sector": "horticulture", "trips_count": 83, "trailer_loads": 105.45283683599999, "tonnes": 2262.2017, "tonne_kms": 242952.4, "tonnes_per_trailer": 19.746994, "avg_trip_distance": 29.074406, "avg_trip_duration": 0.31930313, "total_trip_distance": 11323.341, "total_trip_duration": 122.66972, "total_freight_value": 8109128.0, "trip_transport_costs": 54738.0, "cst_per_tonne": 24.0, "cst_per_tonne_km": 0.22530295316701154, "co2_tn": 24.808384}, {"industry": "livestock", "sector": "livestock", "trips_count": 6, "trailer_loads": 65.92725000000002, "tonnes": 1580.0, "tonne_kms": 207874.97, "tonnes_per_trailer": 22.50002, "avg_trip_distance": 117.379524, "avg_trip_duration": 1.3256294, "total_trip_distance": 8658.532, "total_trip_duration": 97.103134, "total_freight_value": 4818000.0, "trip_transport_costs": 41042.0, "cst_per_tonne": 26.0, "cst_per_tonne_km": 0.19743363987276602, "co2_tn": 19.120775}, {"industry": "wood_product", "sector": "wood_product", "trips_count": 18, "trailer_loads": 65.00487299999996, "tonnes": 1301.0476, "tonne_kms": 199822.86, "tonnes_per_trailer": 24.611137, "avg_trip_distance": 112.25118, "avg_trip_duration": 1.368835, "total_trip_distance": 9972.255, "total_trip_duration": 122.547, "total_freight_value": 932096.0, "trip_transport_costs": 48117.0, "cst_per_tonne": 37.0, "cst_per_tonne_km": 0.24079702605175574, "co2_tn": 22.36991}], "LGA_33960": [], "LGA_34590": [{"industry": "vegetables", "sector": "horticulture", "trips_count": 7, "trailer_loads": 9.819040479999998, "tonnes": 214.83281, "tonne_kms": 20959.111, "tonnes_per_trailer": 16.571428, "avg_trip_distance": 26.124697, "avg_trip_duration": 0.28843257, "total_trip_distance": 958.25714, "total_trip_duration": 10.551661, "total_freight_value": 649852.0, "trip_transport_costs": 4711.0, "cst_per_tonne": 22.0, "cst_per_tonne_km": 0.22477367691425382, "co2_tn": 2.1060464}], "LGA_35010": [{"industry": "wood_product", "sector": "wood_product", "trips_count": 6, "trailer_loads": 9.241571999999998, "tonnes": 231.03891, "tonne_kms": 41775.496, "tonnes_per_trailer": 24.99998, "avg_trip_distance": 107.71196, "avg_trip_duration": 1.29153, "total_trip_distance": 1671.0199, "total_trip_duration": 20.042765, "total_freight_value": 462078.0, "trip_transport_costs": 7974.0, "cst_per_tonne": 35.0, "cst_per_tonne_km": 0.19088207965508874, "co2_tn": 3.732844}], "LGA_36720": [], "LGA_36910": [{"industry": "livestock", "sector": "livestock", "trips_count": 13, "trailer_loads": 64.54545, "tonnes": 1300.0, "tonne_kms": 404641.4, "tonnes_per_trailer": 20.153849, "avg_trip_distance": 295.33615, "avg_trip_duration": 3.2176344, "total_trip_distance": 19196.85, "total_trip_duration": 209.14624, "total_freight_value": 3204000.0, "trip_transport_costs": 87803.0, "cst_per_tonne": 68.0, "cst_per_tonne_km": 0.21698926011843048, "co2_tn": 43.37413}]}}