{"orig_lga": "LGA_15990", "orig_name": "Northern Beaches (A)", "orig_state": "NSW", "fetched_at": "2026-03-12T07:35:24.953276+00:00", "destinations": {"LGA_10750": [{"industry": "other_retail_ess", "sector": "general", "trips_count": 6, "trailer_loads": 134.69822, "tonnes": 1346.9822, "tonne_kms": 75380.07, "tonnes_per_trailer": 10.0, "avg_trip_distance": 51.92681, "avg_trip_duration": 0.7294563, "total_trip_distance": 5457.807, "total_trip_duration": 76.47056, "total_freight_value": 165678880.0, "trip_transport_costs": 37666.0, "cst_per_tonne": 28.0, "cst_per_tonne_km": 0.49967996005192034, "co2_tn": 15.771379}], "LGA_11570": [], "LGA_11650": [], "LGA_12380": [], "LGA_14900": [], "LGA_15990": [{"industry": "waste", "sector": "waste", "trips_count": 576, "trailer_loads": 22211.280000000086, "tonnes": 222112.8, "tonne_kms": 1740901.9, "tonnes_per_trailer": 10.0, "avg_trip_distance": 8.112647, "avg_trip_duration": 0.14232711, "total_trip_distance": 174090.19, "total_trip_duration": 3013.4734, "total_freight_value": 22211280.0, "trip_transport_costs": 2253370.0, "cst_per_tonne": 10.0, "cst_per_tonne_km": 1.2943693987814506, "co2_tn": 423.41455}]}}