{"orig_lga": "LGA_11800", "orig_name": "Coffs Harbour (C)", "orig_state": "NSW", "fetched_at": "2026-03-12T07:02:27.637289+00:00", "destinations": {"LGA_11730": [{"industry": "wood_product", "sector": "wood_product", "trips_count": 50, "trailer_loads": 643.8607549999998, "tonnes": 15563.607, "tonne_kms": 1097163.5, "tonnes_per_trailer": 24.440006, "avg_trip_distance": 58.01878, "avg_trip_duration": 0.73144186, "total_trip_distance": 43298.406, "total_trip_duration": 527.5932, "total_freight_value": 33313053.0, "trip_transport_costs": 222698.0, "cst_per_tonne": 14.0, "cst_per_tonne_km": 0.2029759992679552, "co2_tn": 92.24131}], "LGA_11800": [{"industry": "waste", "sector": "waste", "trips_count": 146, "trailer_loads": 5287.680000000016, "tonnes": 52876.8, "tonne_kms": 939471.5, "tonnes_per_trailer": 10.0, "avg_trip_distance": 13.960067, "avg_trip_duration": 0.20775981, "total_trip_distance": 77219.99, "total_trip_duration": 1145.3375, "total_freight_value": 5287680.0, "trip_transport_costs": 728731.0, "cst_per_tonne": 14.0, "cst_per_tonne_km": 0.7756818739811426, "co2_tn": 207.47672}, {"industry": "wood_product", "sector": "wood_product", "trips_count": 35, "trailer_loads": 1457.87597, "tonnes": 34845.125, "tonne_kms": 1610962.5, "tonnes_per_trailer": 24.428568, "avg_trip_distance": 20.765873, "avg_trip_duration": 0.28104064, "total_trip_distance": 48112.137, "total_trip_duration": 655.0683, "total_freight_value": 88911266.0, "trip_transport_costs": 349457.0, "cst_per_tonne": 10.0, "cst_per_tonne_km": 0.2169242792962669, "co2_tn": 138.15225}], "LGA_14350": [{"industry": "wood_product", "sector": "wood_product", "trips_count": 12, "trailer_loads": 36.696484000000005, "tonnes": 892.4126, "tonne_kms": 128291.586, "tonnes_per_trailer": 24.583347, "avg_trip_distance": 112.88264, "avg_trip_duration": 1.3700222, "total_trip_distance": 3521.2422, "total_trip_duration": 42.883427, "total_freight_value": 2084823.0, "trip_transport_costs": 21509.0, "cst_per_tonne": 24.0, "cst_per_tonne_km": 0.16766084193360967, "co2_tn": 10.655451}], "LGA_15240": [{"industry": "wood_product", "sector": "wood_product", "trips_count": 9, "trailer_loads": 76.008679, "tonnes": 1875.2192, "tonne_kms": 527262.3, "tonnes_per_trailer": 24.444433, "avg_trip_distance": 213.79597, "avg_trip_duration": 2.3053296, "total_trip_distance": 14222.207, "total_trip_duration": 155.05887, "total_freight_value": 4050428.0, "trip_transport_costs": 79857.0, "cst_per_tonne": 43.0, "cst_per_tonne_km": 0.15145527465650768, "co2_tn": 42.30244}], "LGA_15700": [{"industry": "wood_product", "sector": "wood_product", "trips_count": 8, "trailer_loads": 326.800774, "tonnes": 8145.02, "tonne_kms": 790139.8, "tonnes_per_trailer": 24.375008, "avg_trip_distance": 72.4589, "avg_trip_duration": 0.8367572, "total_trip_distance": 22889.775, "total_trip_duration": 262.8949, "total_freight_value": 16590034.0, "trip_transport_costs": 137510.0, "cst_per_tonne": 17.0, "cst_per_tonne_km": 0.1740326217505924, "co2_tn": 64.5716}], "LGA_16380": [{"industry": "wood_product", "sector": "wood_product", "trips_count": 11, "trailer_loads": 141.4269, "tonnes": 3038.18, "tonne_kms": 564614.75, "tonnes_per_trailer": 23.818174, "avg_trip_distance": 169.56161, "avg_trip_duration": 1.8880587, "total_trip_distance": 38544.594, "total_trip_duration": 424.2398, "total_freight_value": 11493560.0, "trip_transport_costs": 122424.0, "cst_per_tonne": 40.0, "cst_per_tonne_km": 0.2168272367647171, "co2_tn": 48.484886}], "LGA_31000": [{"industry": "vegetables", "sector": "horticulture", "trips_count": 12, "trailer_loads": 25.703749000000006, "tonnes": 385.5561, "tonne_kms": 135927.75, "tonnes_per_trailer": 14.999997, "avg_trip_distance": 113.2774, "avg_trip_duration": 1.172129, "total_trip_distance": 6047.685, "total_trip_duration": 63.086304, "total_freight_value": 2698896.0, "trip_transport_costs": 33365.0, "cst_per_tonne": 87.0, "cst_per_tonne_km": 0.24545923273153442, "co2_tn": 17.828266}, {"industry": "fruit", "sector": "horticulture", "trips_count": 165, "trailer_loads": 206.11796774, "tonnes": 2321.1409, "tonne_kms": 822225.44, "tonnes_per_trailer": 15.030301, "avg_trip_distance": 66.76801, "avg_trip_duration": 0.69035083, "total_trip_distance": 48405.38, "total_trip_duration": 498.78925, "total_freight_value": 17679626.0, "trip_transport_costs": 266302.0, "cst_per_tonne": 115.0, "cst_per_tonne_km": 0.32387995168092626, "co2_tn": 142.37747}, {"industry": "wood_product", "sector": "wood_product", "trips_count": 99, "trailer_loads": 1378.7537979999984, "tonnes": 31890.873, "tonne_kms": 12111759.0, "tonnes_per_trailer": 22.868706, "avg_trip_distance": 239.9453, "avg_trip_duration": 2.5007367, "total_trip_distance": 405985.53, "total_trip_duration": 4206.2476, "total_freight_value": 78160490.0, "trip_transport_costs": 1957976.0, "cst_per_tonne": 61.0, "cst_per_tonne_km": 0.16165911623418575, "co2_tn": 1021.00433}], "LGA_33430": [{"industry": "fruit", "sector": "horticulture", "trips_count": 14, "trailer_loads": 22.761978600000006, "tonnes": 231.12143, "tonne_kms": 79321.445, "tonnes_per_trailer": 13.714282, "avg_trip_distance": 87.79496, "avg_trip_duration": 0.898364, "total_trip_distance": 5213.9565, "total_trip_duration": 53.67042, "total_freight_value": 2015523.0, "trip_transport_costs": 28720.0, "cst_per_tonne": 124.0, "cst_per_tonne_km": 0.3620715384805797, "co2_tn": 15.341013}, {"industry": "wood_product", "sector": "wood_product", "trips_count": 46, "trailer_loads": 235.0, "tonnes": 4700.0, "tonne_kms": 1415421.9, "tonnes_per_trailer": 20.0, "avg_trip_distance": 204.04117, "avg_trip_duration": 2.1699412, "total_trip_distance": 47971.863, "total_trip_duration": 510.0568, "total_freight_value": 23500000.0, "trip_transport_costs": 264455.0, "cst_per_tonne": 56.0, "cst_per_tonne_km": 0.1868381866327398, "co2_tn": 140.05132}], "LGA_34590": [{"industry": "fruit", "sector": "horticulture", "trips_count": 11, "trailer_loads": 33.9149139, "tonnes": 341.15747, "tonne_kms": 125265.234, "tonnes_per_trailer": 12.000002, "avg_trip_distance": 123.89809, "avg_trip_duration": 1.2914752, "total_trip_distance": 8321.812, "total_trip_duration": 86.616295, "total_freight_value": 3005895.0, "trip_transport_costs": 45763.0, "cst_per_tonne": 134.0, "cst_per_tonne_km": 0.36532920424074783, "co2_tn": 24.493935}, {"industry": "wood_product", "sector": "wood_product", "trips_count": 10, "trailer_loads": 381.6648, "tonnes": 7633.3003, "tonne_kms": 2782451.0, "tonnes_per_trailer": 20.000008, "avg_trip_distance": 307.914, "avg_trip_duration": 3.1982617, "total_trip_distance": 204003.88, "total_trip_duration": 2112.0305, "total_freight_value": 38166480.0, "trip_transport_costs": 642821.0, "cst_per_tonne": 84.0, "cst_per_tonne_km": 0.23102676149721504, "co2_tn": 270.2382}], "LGA_35010": [], "LGA_36510": [], "LGA_36720": [{"industry": "wood_product", "sector": "wood_product", "trips_count": 6, "trailer_loads": 75.0, "tonnes": 1500.0, "tonne_kms": 700798.4, "tonnes_per_trailer": 20.0, "avg_trip_distance": 314.56833, "avg_trip_duration": 3.2862103, "total_trip_distance": 23559.879, "total_trip_duration": 246.47992, "total_freight_value": 7500000.0, "trip_transport_costs": 127255.0, "cst_per_tonne": 85.0, "cst_per_tonne_km": 0.18158607818636138, "co2_tn": 68.94879}], "LGA_37010": [{"industry": "fruit", "sector": "horticulture", "trips_count": 18, "trailer_loads": 50.276408970000006, "tonnes": 504.9766, "tonne_kms": 931572.6, "tonnes_per_trailer": 12.500006, "avg_trip_distance": 380.26862, "avg_trip_duration": 4.03241, "total_trip_distance": 48975.836, "total_trip_duration": 519.9543, "total_freight_value": 4474845.0, "trip_transport_costs": 293082.0, "cst_per_tonne": 580.0, "cst_per_tonne_km": 0.3146104656635791, "co2_tn": 161.02658}]}}