{"orig_lga": "LGA_18100", "orig_name": "Weddin (A)", "orig_state": "NSW", "fetched_at": "2026-03-12T07:51:12.943732+00:00", "destinations": {"LGA_10800": [{"industry": "grains", "sector": "cropping", "trips_count": 40, "trailer_loads": 1176.2544999999996, "tonnes": 29250.223, "tonne_kms": 3191230.0, "tonnes_per_trailer": 24.600023, "avg_trip_distance": 94.12438, "avg_trip_duration": 1.0347246, "total_trip_distance": 109311.03, "total_trip_duration": 1200.069, "total_freight_value": 12091229.0, "trip_transport_costs": 573075.0, "cst_per_tonne": 20.0, "cst_per_tonne_km": 0.17957800879407196, "co2_tn": 264.1964}], "LGA_11400": [{"industry": "grains", "sector": "cropping", "trips_count": 9, "trailer_loads": 105.15934000000001, "tonnes": 2589.8875, "tonne_kms": 323068.75, "tonnes_per_trailer": 24.111082, "avg_trip_distance": 117.69855, "avg_trip_duration": 1.3605899, "total_trip_distance": 10565.372, "total_trip_duration": 121.39749, "total_freight_value": 1012399.0, "trip_transport_costs": 57269.0, "cst_per_tonne": 22.0, "cst_per_tonne_km": 0.17726654543344103, "co2_tn": 27.424486}], "LGA_12350": [{"industry": "grains", "sector": "cropping", "trips_count": 10, "trailer_loads": 141.56409, "tonnes": 3480.4565, "tonne_kms": 230509.17, "tonnes_per_trailer": 23.799961, "avg_trip_distance": 70.07694, "avg_trip_duration": 0.8023878, "total_trip_distance": 9107.441, "total_trip_duration": 102.64378, "total_freight_value": 1431226.0, "trip_transport_costs": 48400.0, "cst_per_tonne": 14.0, "cst_per_tonne_km": 0.20997105721610046, "co2_tn": 20.573694}, {"industry": "livestock", "sector": "livestock", "trips_count": 22, "trailer_loads": 144.0, "tonnes": 1440.0, "tonne_kms": 101276.1, "tonnes_per_trailer": 10.0, "avg_trip_distance": 71.89741, "avg_trip_duration": 0.8120977, "total_trip_distance": 9259.352, "total_trip_duration": 104.923836, "total_freight_value": 10080000.0, "trip_transport_costs": 50514.0, "cst_per_tonne": 35.0, "cst_per_tonne_km": 0.4987778746138822, "co2_tn": 21.841623}, {"industry": "waste", "sector": "waste", "trips_count": 10, "trailer_loads": 215.99999999999997, "tonnes": 2160.0, "tonne_kms": 124031.52, "tonnes_per_trailer": 10.0, "avg_trip_distance": 56.377964, "avg_trip_duration": 0.69061583, "total_trip_distance": 12403.152, "total_trip_duration": 151.93549, "total_freight_value": 216000.0, "trip_transport_costs": 67988.0, "cst_per_tonne": 31.0, "cst_per_tonne_km": 0.5481499670730129, "co2_tn": 27.96025}], "LGA_12900": [{"industry": "grains", "sector": "cropping", "trips_count": 63, "trailer_loads": 975.75065, "tonnes": 24188.533, "tonne_kms": 1230886.2, "tonnes_per_trailer": 24.333324, "avg_trip_distance": 58.397182, "avg_trip_duration": 0.6513244, "total_trip_distance": 49836.18, "total_trip_duration": 549.6172, "total_freight_value": 10726581.0, "trip_transport_costs": 272785.0, "cst_per_tonne": 11.0, "cst_per_tonne_km": 0.2216169094455348, "co2_tn": 109.4625}, {"industry": "livestock", "sector": "livestock", "trips_count": 16, "trailer_loads": 108.0, "tonnes": 1380.0, "tonne_kms": 121474.1, "tonnes_per_trailer": 13.75, "avg_trip_distance": 84.231346, "avg_trip_duration": 1.0203266, "total_trip_distance": 8190.665, "total_trip_duration": 99.13737, "total_freight_value": 6687500.0, "trip_transport_costs": 44962.0, "cst_per_tonne": 33.0, "cst_per_tonne_km": 0.3701341624709743, "co2_tn": 20.14092}], "LGA_13510": [{"industry": "grains", "sector": "cropping", "trips_count": 19, "trailer_loads": 270.80655, "tonnes": 6584.688, "tonne_kms": 704580.56, "tonnes_per_trailer": 23.842123, "avg_trip_distance": 113.84479, "avg_trip_duration": 1.2819756, "total_trip_distance": 27656.88, "total_trip_duration": 303.89853, "total_freight_value": 2621469.0, "trip_transport_costs": 137504.0, "cst_per_tonne": 21.0, "cst_per_tonne_km": 0.19515668748324025, "co2_tn": 62.85312}, {"industry": "livestock", "sector": "livestock", "trips_count": 17, "trailer_loads": 102.0, "tonnes": 1020.0, "tonne_kms": 171540.78, "tonnes_per_trailer": 10.0, "avg_trip_distance": 168.17723, "avg_trip_duration": 1.9214618, "total_trip_distance": 15425.816, "total_trip_duration": 175.36693, "total_freight_value": 7140000.0, "trip_transport_costs": 76469.0, "cst_per_tonne": 75.0, "cst_per_tonne_km": 0.4457800341413895, "co2_tn": 36.837788}], "LGA_13910": [{"industry": "grains", "sector": "cropping", "trips_count": 37, "trailer_loads": 1039.9861199999998, "tonnes": 25970.352, "tonne_kms": 1572350.0, "tonnes_per_trailer": 24.837854, "avg_trip_distance": 65.13886, "avg_trip_duration": 0.7368862, "total_trip_distance": 61729.875, "total_trip_duration": 699.3846, "total_freight_value": 12122741.0, "trip_transport_costs": 331722.0, "cst_per_tonne": 13.0, "cst_per_tonne_km": 0.21097219006383758, "co2_tn": 138.36604}], "LGA_14600": [{"industry": "grains", "sector": "cropping", "trips_count": 31, "trailer_loads": 600.2143899999999, "tonnes": 14966.286, "tonne_kms": 2798668.2, "tonnes_per_trailer": 24.741955, "avg_trip_distance": 155.07457, "avg_trip_duration": 1.7181433, "total_trip_distance": 88270.38, "total_trip_duration": 972.6105, "total_freight_value": 5925057.0, "trip_transport_costs": 458295.0, "cst_per_tonne": 31.0, "cst_per_tonne_km": 0.1637548153797402, "co2_tn": 224.68263}], "LGA_16200": [{"industry": "grains", "sector": "cropping", "trips_count": 29, "trailer_loads": 700.5657399999998, "tonnes": 17406.756, "tonne_kms": 1904450.5, "tonnes_per_trailer": 24.517258, "avg_trip_distance": 114.03951, "avg_trip_duration": 1.2916856, "total_trip_distance": 68043.88, "total_trip_duration": 773.87354, "total_freight_value": 8506170.0, "trip_transport_costs": 353586.0, "cst_per_tonne": 20.0, "cst_per_tonne_km": 0.18566280282726239, "co2_tn": 164.41699}], "LGA_17750": [{"industry": "grains", "sector": "cropping", "trips_count": 20, "trailer_loads": 697.6038900000003, "tonnes": 17332.602, "tonne_kms": 2659886.5, "tonnes_per_trailer": 23.999977, "avg_trip_distance": 164.43645, "avg_trip_duration": 1.8506389, "total_trip_distance": 90618.69, "total_trip_duration": 1011.1158, "total_freight_value": 6899632.0, "trip_transport_costs": 463224.0, "cst_per_tonne": 27.0, "cst_per_tonne_km": 0.174151729584197, "co2_tn": 224.70653}, {"industry": "livestock", "sector": "livestock", "trips_count": 6, "trailer_loads": 29.090899999999998, "tonnes": 600.0, "tonne_kms": 105062.5, "tonnes_per_trailer": 20.666674, "avg_trip_distance": 169.92946, "avg_trip_duration": 1.8954575, "total_trip_distance": 5097.884, "total_trip_duration": 56.863728, "total_freight_value": 2032500.0, "trip_transport_costs": 23648.0, "cst_per_tonne": 39.0, "cst_per_tonne_km": 0.22508805445047594, "co2_tn": 11.234202}], "LGA_18230": [{"industry": "grains", "sector": "cropping", "trips_count": 10, "trailer_loads": 316.67888000000005, "tonnes": 7887.6436, "tonne_kms": 1924595.9, "tonnes_per_trailer": 24.39997, "avg_trip_distance": 200.21918, "avg_trip_duration": 2.3101282, "total_trip_distance": 56851.65, "total_trip_duration": 640.1232, "total_freight_value": 3163161.0, "trip_transport_costs": 306734.0, "cst_per_tonne": 39.0, "cst_per_tonne_km": 0.15937590938328156, "co2_tn": 157.70984}, {"industry": "livestock", "sector": "livestock", "trips_count": 26, "trailer_loads": 153.0, "tonnes": 1680.0, "tonne_kms": 391151.9, "tonnes_per_trailer": 11.153846, "avg_trip_distance": 202.33261, "avg_trip_duration": 2.3234725, "total_trip_distance": 26445.123, "total_trip_duration": 304.4914, "total_freight_value": 10306500.0, "trip_transport_costs": 142843.0, "cst_per_tonne": 85.0, "cst_per_tonne_km": 0.36518593175038055, "co2_tn": 72.68908}], "LGA_20830": [{"industry": "grains", "sector": "cropping", "trips_count": 7, "trailer_loads": 34.209419999999994, "tonnes": 786.81396, "tonne_kms": 572400.0, "tonnes_per_trailer": 22.999922, "avg_trip_distance": 524.59503, "avg_trip_duration": 5.62759, "total_trip_distance": 16624.895, "total_trip_duration": 178.20213, "total_freight_value": 236045.0, "trip_transport_costs": 93180.0, "cst_per_tonne": 118.0,