{"orig_lga": "LGA_11600", "orig_name": "Carrathool (A)", "orig_state": "NSW", "fetched_at": "2026-03-12T06:58:37.444089+00:00", "destinations": {"LGA_10800": [{"industry": "grains", "sector": "cropping", "trips_count": 126, "trailer_loads": 2851.2617999999975, "tonnes": 71129.19, "tonne_kms": 8768539.0, "tonnes_per_trailer": 24.873056, "avg_trip_distance": 102.66499, "avg_trip_duration": 1.119667, "total_trip_distance": 246904.69, "total_trip_duration": 2702.8083, "total_freight_value": 28814953.0, "trip_transport_costs": 1412360.0, "cst_per_tonne": 20.0, "cst_per_tonne_km": 0.16107128247289026, "co2_tn": 664.2886}], "LGA_11600": [{"industry": "fibre", "sector": "cropping", "trips_count": 18, "trailer_loads": 863.6166000000001, "tonnes": 10795.213, "tonne_kms": 639017.75, "tonnes_per_trailer": 12.500005, "avg_trip_distance": 45.29491, "avg_trip_duration": 0.5614556, "total_trip_distance": 31683.172, "total_trip_duration": 402.99472, "total_freight_value": 31845780.0, "trip_transport_costs": 230976.0, "cst_per_tonne": 21.0, "cst_per_tonne_km": 0.36145519647451596, "co2_tn": 93.87522}, {"industry": "grains", "sector": "cropping", "trips_count": 258, "trailer_loads": 6747.928190000009, "tonnes": 168698.1, "tonne_kms": 6159444.5, "tonnes_per_trailer": 25.000032, "avg_trip_distance": 34.410652, "avg_trip_duration": 0.38728634, "total_trip_distance": 221482.19, "total_trip_duration": 2465.351, "total_freight_value": 68878594.0, "trip_transport_costs": 1425904.0, "cst_per_tonne": 8.0, "cst_per_tonne_km": 0.231498832158662, "co2_tn": 520.9814}, {"industry": "livestock", "sector": "livestock", "trips_count": 22, "trailer_loads": 190.0, "tonnes": 3800.0, "tonne_kms": 183896.5, "tonnes_per_trailer": 20.0, "avg_trip_distance": 49.51337, "avg_trip_duration": 0.5264993, "total_trip_distance": 7967.0566, "total_trip_duration": 84.79049, "total_freight_value": 8189000.0, "trip_transport_costs": 48075.0, "cst_per_tonne": 13.0, "cst_per_tonne_km": 0.261425325950267, "co2_tn": 18.873661}, {"industry": "waste", "sector": "waste", "trips_count": 8, "trailer_loads": 423.36, "tonnes": 4233.6, "tonne_kms": 114948.94, "tonnes_per_trailer": 10.0, "avg_trip_distance": 34.68033, "avg_trip_duration": 0.389246, "total_trip_distance": 11494.894, "total_trip_duration": 131.40619, "total_freight_value": 423360.0, "trip_transport_costs": 75846.0, "cst_per_tonne": 18.0, "cst_per_tonne_km": 0.6598210744254378, "co2_tn": 25.534836}], "LGA_11750": [{"industry": "grains", "sector": "cropping", "trips_count": 58, "trailer_loads": 1143.5774199999996, "tonnes": 28589.494, "tonne_kms": 4104700.0, "tonnes_per_trailer": 25.00004, "avg_trip_distance": 106.609245, "avg_trip_duration": 1.181353, "total_trip_distance": 124850.25, "total_trip_duration": 1381.9484, "total_freight_value": 11524704.0, "trip_transport_costs": 675662.0, "cst_per_tonne": 24.0, "cst_per_tonne_km": 0.1646068618629064, "co2_tn": 318.91266}, {"industry": "livestock", "sector": "livestock", "trips_count": 8, "trailer_loads": 48.0, "tonnes": 480.0, "tonne_kms": 121990.92, "tonnes_per_trailer": 10.0, "avg_trip_distance": 180.98232, "avg_trip_duration": 1.9349, "total_trip_distance": 6771.621, "total_trip_duration": 72.93475, "total_freight_value": 3360000.0, "trip_transport_costs": 41093.0, "cst_per_tonne": 86.0, "cst_per_tonne_km": 0.3368570110205435, "co2_tn": 20.982632}], "LGA_12000": [{"industry": "grains", "sector": "cropping", "trips_count": 63, "trailer_loads": 1291.18967, "tonnes": 32279.795, "tonne_kms": 4771807.0, "tonnes_per_trailer": 25.000036, "avg_trip_distance": 117.78392, "avg_trip_duration": 1.2924216, "total_trip_distance": 124867.04, "total_trip_duration": 1368.1085, "total_freight_value": 14067053.0, "trip_transport_costs": 725755.0, "cst_per_tonne": 22.0, "cst_per_tonne_km": 0.15209225145048563, "co2_tn": 349.63538}], "LGA_12870": [{"industry": "grains", "sector": "cropping", "trips_count": 46, "trailer_loads": 1018.1491099999998, "tonnes": 25301.271, "tonne_kms": 6569182.0, "tonnes_per_trailer": 24.652212, "avg_trip_distance": 172.31621, "avg_trip_duration": 1.8984462, "total_trip_distance": 145766.42, "total_trip_duration": 1607.1073, "total_freight_value": 10739736.0, "trip_transport_costs": 886674.0, "cst_per_tonne": 35.0, "cst_per_tonne_km": 0.13497475097962636, "co2_tn": 455.0336}], "LGA_12900": [{"industry": "livestock", "sector": "livestock", "trips_count": 22, "trailer_loads": 131.0, "tonnes": 1960.0, "tonne_kms": 570168.0, "tonnes_per_trailer": 15.0, "avg_trip_distance": 191.30444, "avg_trip_duration": 2.0703678, "total_trip_distance": 19547.375, "total_trip_duration": 211.59865, "total_freight_value": 7094000.0, "trip_transport_costs": 121816.0, "cst_per_tonne": 62.0, "cst_per_tonne_km": 0.2136497312901362, "co2_tn": 63.580692}], "LGA_13450": [{"industry": "grains", "sector": "cropping", "trips_count": 112, "trailer_loads": 2120.41117, "tonnes": 49732.617, "tonne_kms": 3050161.5, "tonnes_per_trailer": 23.160728, "avg_trip_distance": 55.410915, "avg_trip_duration": 0.6053166, "total_trip_distance": 110801.89, "total_trip_duration": 1216.1422, "total_freight_value": 54763890.0, "trip_transport_costs": 640932.0, "cst_per_tonne": 13.0, "cst_per_tonne_km": 0.2101303819129293, "co2_tn": 264.77686}], "LGA_14750": [{"industry": "fibre", "sector": "cropping", "trips_count": 8, "trailer_loads": 383.8296, "tonnes": 4797.8716, "tonne_kms": 483974.56, "tonnes_per_trailer": 12.500005, "avg_trip_distance": 78.94749, "avg_trip_duration": 0.8719757, "total_trip_distance": 24195.836, "total_trip_duration": 267.44617, "total_freight_value": 14153680.0, "trip_transport_costs": 152752.0, "cst_per_tonne": 32.0, "cst_per_tonne_km": 0.31562077150426165, "co2_tn": 69.53461}, {"industry": "grains", "sector": "cropping", "trips_count": 44, "trailer_loads": 901.4468299999994, "tonnes": 22216.207, "tonne_kms": 1795474.6, "tonnes_per_trailer": 24.227303, "avg_trip_distance": 70.064575, "avg_trip_duration": 0.79171914, "total_trip_distance": 57917.496, "total_trip_duration": 654.17865, "total_freight_value": 10234656.0, "trip_transport_costs": 334534.0, "cst_per_tonne": 15.0, "cst_per_tonne_km": 0.18632062278094452, "co2_tn": 148.07791}, {"industry": "livestock", "sector": "livestock", "trips_count": 10, "trailer_loads": 142.12121, "tonnes": 3066.667, "tonne_kms": 383302.34, "tonnes_per_trailer": 21.00001, "avg_trip_distance": 104.1579, "avg_trip_duration": 1.1759064, "total_trip_distance": 15954.434, "total_trip_duration": 179.28696, "total_freight_value": 16537000.0, "trip_transport_costs": 80412.0, "cst_per_tonne": 26.0, "cst_per_tonne_km": 0.20978617284617437, "co2_tn": 37.238983}], "LGA_15560": [{"industry": "fibre", "sector": "cropping", "trips_count": 20, "trailer_loads": 959.5740000000001, "tonnes": 11994.682, "tonne_kms": 1410523.4, "tonnes_per_trailer": 12.500005, "avg_trip_distance": 85.48638, "avg_trip_duration": 0.9297651, "total_trip_distance": 65139.484, "total_trip_duration": 717.4102, "total_freight_value": 35384200.0, "trip_transport_costs": 426696.0, "cst_per_tonne": 36.0, "cst_per_tonne_km": 0.3025087299709762, "co2_tn": 197.69368}, {"industry": "grains", "sector": "cropping", "trips_count": 65, "trailer_loads": 1029.845109999999, "tonnes": 25130.041, "tonne_kms": 2876087.2, "tonnes_per_trailer": 23.830795, "avg_trip_distance": 80.202805, "avg_trip_duration": 0.94384766, "total_trip_distance": 77418.516, "total_trip_duration": 886.6588, "total_freight_value": 15657790.0, "trip_transport_costs": 474938.0, "cst_per_tonne": 19.0, "cst_per_tonne_km": 0.16513322801847316, "co2_tn": 217.8928}], "LGA_17350": [{"industry": "grains", "sector": "cropping", "trips_count": 7, "trailer_loads": 151.59462000000002, "tonnes": 3789.871, "tonne_kms": 597454.4, "tonnes_per_trailer": 25.000051, "avg_trip_distance": 155.34677, "avg_trip_duration": 1.7322067, "total_trip_distance": 20612.285, "total_trip_duration": 228.42322, "total_freight_value": 1525563.0, "trip_transport_costs": 103016.0, "cst_per_tonne": 27.0,