{"orig_lga": "LGA_12950", "orig_name": "Gilgandra (A)", "orig_state": "NSW", "fetched_at": "2026-03-12T07:09:39.298664+00:00", "destinations": {"LGA_11400": [{"industry": "grains", "sector": "cropping", "trips_count": 9, "trailer_loads": 201.60621999999998, "tonnes": 4949.4785, "tonne_kms": 1151006.9, "tonnes_per_trailer": 24.111113, "avg_trip_distance": 193.58432, "avg_trip_duration": 2.1638503, "total_trip_distance": 31836.104, "total_trip_duration": 356.81186, "total_freight_value": 1752766.0, "trip_transport_costs": 177726.0, "cst_per_tonne": 36.0, "cst_per_tonne_km": 0.15440882458008234, "co2_tn": 91.236534}], "LGA_12150": [{"industry": "grains", "sector": "cropping", "trips_count": 77, "trailer_loads": 1167.5860399999997, "tonnes": 28932.143, "tonne_kms": 1748922.9, "tonnes_per_trailer": 24.68831, "avg_trip_distance": 57.694336, "avg_trip_duration": 0.6477434, "total_trip_distance": 38342.414, "total_trip_duration": 431.3815, "total_freight_value": 12566287.0, "trip_transport_costs": 293080.0, "cst_per_tonne": 10.0, "cst_per_tonne_km": 0.1675776784849356, "co2_tn": 122.998634}, {"industry": "waste", "sector": "waste", "trips_count": 14, "trailer_loads": 302.40000000000003, "tonnes": 3024.0, "tonne_kms": 162853.2, "tonnes_per_trailer": 10.0, "avg_trip_distance": 52.874416, "avg_trip_duration": 0.5700787, "total_trip_distance": 16285.32, "total_trip_duration": 175.58424, "total_freight_value": 302400.0, "trip_transport_costs": 87667.0, "cst_per_tonne": 29.0, "cst_per_tonne_km": 0.5383175544285713, "co2_tn": 35.98369}], "LGA_12350": [{"industry": "livestock", "sector": "livestock", "trips_count": 12, "trailer_loads": 78.0, "tonnes": 780.0, "tonne_kms": 243065.47, "tonnes_per_trailer": 10.0, "avg_trip_distance": 315.2629, "avg_trip_duration": 3.647468, "total_trip_distance": 16204.364, "total_trip_duration": 187.50766, "total_freight_value": 5460000.0, "trip_transport_costs": 91468.0, "cst_per_tonne": 117.0, "cst_per_tonne_km": 0.37631091706902525, "co2_tn": 48.634552}], "LGA_12900": [{"industry": "grains", "sector": "cropping", "trips_count": 26, "trailer_loads": 348.96993999999995, "tonnes": 8542.897, "tonne_kms": 2110494.0, "tonnes_per_trailer": 24.384623, "avg_trip_distance": 163.20827, "avg_trip_duration": 1.8347859, "total_trip_distance": 58111.06, "total_trip_duration": 654.06006, "total_freight_value": 3445011.0, "trip_transport_costs": 319402.0, "cst_per_tonne": 37.0, "cst_per_tonne_km": 0.15134004148399322, "co2_tn": 161.17125}, {"industry": "livestock", "sector": "livestock", "trips_count": 21, "trailer_loads": 117.0, "tonnes": 1678.0, "tonne_kms": 383466.2, "tonnes_per_trailer": 14.666667, "avg_trip_distance": 208.91483, "avg_trip_duration": 2.3062007, "total_trip_distance": 17901.01, "total_trip_duration": 197.65474, "total_freight_value": 6775560.0, "trip_transport_costs": 101525.0, "cst_per_tonne": 61.0, "cst_per_tonne_km": 0.2647552544624718, "co2_tn": 53.25231}], "LGA_14920": [{"industry": "grains", "sector": "cropping", "trips_count": 36, "trailer_loads": 465.8581700000001, "tonnes": 11117.901, "tonne_kms": 2495915.2, "tonnes_per_trailer": 23.944445, "avg_trip_distance": 153.59706, "avg_trip_duration": 1.690791, "total_trip_distance": 70692.5, "total_trip_duration": 773.4522, "total_freight_value": 4952288.0, "trip_transport_costs": 400448.0, "cst_per_tonne": 36.0, "cst_per_tonne_km": 0.16044114918818983, "co2_tn": 206.3591}, {"industry": "livestock", "sector": "livestock", "trips_count": 9, "trailer_loads": 45.0, "tonnes": 900.0, "tonne_kms": 191452.8, "tonnes_per_trailer": 20.0, "avg_trip_distance": 177.27112, "avg_trip_duration": 2.0628874, "total_trip_distance": 6381.7603, "total_trip_duration": 74.26395, "total_freight_value": 1939500.0, "trip_transport_costs": 37006.0, "cst_per_tonne": 41.0, "cst_per_tonne_km": 0.19328909218729584, "co2_tn": 19.057756}], "LGA_15300": [{"industry": "grains", "sector": "cropping", "trips_count": 21, "trailer_loads": 433.6048200000001, "tonnes": 10387.736, "tonne_kms": 3099157.8, "tonnes_per_trailer": 24.142849, "avg_trip_distance": 274.3876, "avg_trip_duration": 3.0016308, "total_trip_distance": 64564.336, "total_trip_duration": 708.51935, "total_freight_value": 4526488.0, "trip_transport_costs": 404702.0, "cst_per_tonne": 39.0, "cst_per_tonne_km": 0.13058435556503215, "co2_tn": 215.06891}], "LGA_15750": [{"industry": "grains", "sector": "cropping", "trips_count": 25, "trailer_loads": 295.60415, "tonnes": 7264.585, "tonne_kms": 1800700.6, "tonnes_per_trailer": 24.359995, "avg_trip_distance": 225.30115, "avg_trip_duration": 2.4377904, "total_trip_distance": 36692.992, "total_trip_duration": 396.5161, "total_freight_value": 3457804.0, "trip_transport_costs": 232309.0, "cst_per_tonne": 32.0, "cst_per_tonne_km": 0.12901014510714753, "co2_tn": 121.82192}], "LGA_15850": [{"industry": "grains", "sector": "cropping", "trips_count": 46, "trailer_loads": 872.9967699999997, "tonnes": 21602.164, "tonne_kms": 1952149.2, "tonnes_per_trailer": 24.13044, "avg_trip_distance": 81.033226, "avg_trip_duration": 0.889648, "total_trip_distance": 39876.24, "total_trip_duration": 437.51477, "total_freight_value": 8418675.0, "trip_transport_costs": 288553.0, "cst_per_tonne": 13.0, "cst_per_tonne_km": 0.14781318829135934, "co2_tn": 131.53522}], "LGA_17310": [{"industry": "livestock", "sector": "livestock", "trips_count": 58, "trailer_loads": 341.09090000000003, "tonnes": 3720.0, "tonne_kms": 995344.25, "tonnes_per_trailer": 11.103449, "avg_trip_distance": 179.65503, "avg_trip_duration": 2.036117, "total_trip_distance": 61484.727, "total_trip_duration": 696.93335, "total_freight_value": 23938000.0, "trip_transport_costs": 348980.0, "cst_per_tonne": 94.0, "cst_per_tonne_km": 0.3506119323046084, "co2_tn": 181.63885}], "LGA_17900": [{"industry": "grains", "sector": "cropping", "trips_count": 51, "trailer_loads": 888.8514399999996, "tonnes": 21771.201, "tonne_kms": 5263403.0, "tonnes_per_trailer": 24.509802, "avg_trip_distance": 221.15271, "avg_trip_duration": 2.3852255, "total_trip_distance": 107661.69, "total_trip_duration": 1158.7084, "total_freight_value": 9365222.0, "trip_transport_costs": 684572.0, "cst_per_tonne": 31.0, "cst_per_tonne_km": 0.13006255303573325, "co2_tn": 357.9442}], "LGA_18020": [{"industry": "grains", "sector": "cropping", "trips_count": 8, "trailer_loads": 117.51201999999998, "tonnes": 2869.786, "tonne_kms": 312894.56, "tonnes_per_trailer": 24.249971, "avg_trip_distance": 111.877495, "avg_trip_duration": 1.2303709, "total_trip_distance": 7131.0625, "total_trip_duration": 79.445564, "total_freight_value": 1090584.0, "trip_transport_costs": 48514.0, "cst_per_tonne": 17.0, "cst_per_tonne_km": 0.15504986529008474, "co2_tn": 22.864004}], "LGA_18230": [{"industry": "grains", "sector": "cropping", "trips_count": 26, "trailer_loads": 521.72438, "tonnes": 12774.211, "tonne_kms": 984647.75, "tonnes_per_trailer": 23.46153, "avg_trip_distance": 80.31998, "avg_trip_duration": 0.8575398, "total_trip_distance": 22971.178, "total_trip_duration": 243.87296, "total_freight_value": 4800773.0, "trip_transport_costs": 159524.0, "cst_per_tonne": 12.0, "cst_per_tonne_km": 0.16201167154085847, "co2_tn": 72.05219}, {"industry": "livestock", "sector": "livestock", "trips_count": 62, "trailer_loads": 362.0, "tonnes": 4120.0, "tonne_kms": 330621.16, "tonnes_per_trailer": 11.612904, "avg_trip_distance": 77.27116, "avg_trip_duration": 0.82225204, "total_trip_distance": 15682.714, "total_trip_duration": 167.02382, "total_freight_value": 23864000.0, "trip_transport_costs": 110074.0, "cst_per_tonne": 27.0, "cst_per_tonne_km": 0.332930829958491, "co2_tn": 49.498943}]}}