{"orig_lga": "LGA_15300", "orig_name": "Moree Plains (A)", "orig_state": "NSW", "fetched_at": "2026-03-12T07:30:02.016096+00:00", "destinations": {"LGA_12900": [{"industry": "livestock", "sector": "livestock", "trips_count": 13, "trailer_loads": 76.0, "tonnes": 860.0, "tonne_kms": 473806.72, "tonnes_per_trailer": 11.538462, "avg_trip_distance": 309.3825, "avg_trip_duration": 3.3650475, "total_trip_distance": 23504.648, "total_trip_duration": 255.64862, "total_freight_value": 4985500.0, "trip_transport_costs": 141245.0, "cst_per_tonne": 164.0, "cst_per_tonne_km": 0.2981066642582039, "co2_tn": 72.37045}], "LGA_13550": [{"industry": "fibre", "sector": "cropping", "trips_count": 7, "trailer_loads": 1402.1280000000002, "tonnes": 17526.6, "tonne_kms": 4648244.5, "tonnes_per_trailer": 12.5, "avg_trip_distance": 148.73512, "avg_trip_duration": 1.6870831, "total_trip_distance": 209270.31, "total_trip_duration": 2373.7258, "total_freight_value": 51703540.0, "trip_transport_costs": 1260083.0, "cst_per_tonne": 72.0, "cst_per_tonne_km": 0.27108793438038814, "co2_tn": 647.07416}, {"industry": "grains", "sector": "cropping", "trips_count": 63, "trailer_loads": 1439.4658299999999, "tonnes": 33845.668, "tonne_kms": 7959249.0, "tonnes_per_trailer": 23.825413, "avg_trip_distance": 129.4582, "avg_trip_duration": 1.4489199, "total_trip_distance": 180326.2, "total_trip_duration": 2014.9086, "total_freight_value": 14984435.0, "trip_transport_costs": 1131272.0, "cst_per_tonne": 33.0, "cst_per_tonne_km": 0.1421329609207094, "co2_tn": 584.2082}, {"industry": "livestock", "sector": "livestock", "trips_count": 13, "trailer_loads": 65.0, "tonnes": 1300.0, "tonne_kms": 295986.7, "tonnes_per_trailer": 20.0, "avg_trip_distance": 185.29515, "avg_trip_duration": 2.1057541, "total_trip_distance": 7612.3926, "total_trip_duration": 86.38003, "total_freight_value": 2801500.0, "trip_transport_costs": 48671.0, "cst_per_tonne": 37.0, "cst_per_tonne_km": 0.16443788804268436, "co2_tn": 25.126003}], "LGA_13660": [{"industry": "grains", "sector": "cropping", "trips_count": 87, "trailer_loads": 2495.768039999999, "tonnes": 62190.156, "tonne_kms": 5821611.0, "tonnes_per_trailer": 24.586235, "avg_trip_distance": 93.42284, "avg_trip_duration": 1.0866914, "total_trip_distance": 137993.84, "total_trip_duration": 1533.9814, "total_freight_value": 28094240.0, "trip_transport_costs": 927653.0, "cst_per_tonne": 15.0, "cst_per_tonne_km": 0.159346466315472, "co2_tn": 428.7442}, {"industry": "livestock", "sector": "livestock", "trips_count": 20, "trailer_loads": 100.0, "tonnes": 2000.0, "tonne_kms": 224333.7, "tonnes_per_trailer": 20.0, "avg_trip_distance": 74.66035, "avg_trip_duration": 0.885066, "total_trip_distance": 6467.914, "total_trip_duration": 77.35261, "total_freight_value": 4310000.0, "trip_transport_costs": 43395.0, "cst_per_tonne": 22.0, "cst_per_tonne_km": 0.19343819905362797, "co2_tn": 20.444551}], "LGA_14200": [{"industry": "grains", "sector": "cropping", "trips_count": 33, "trailer_loads": 1471.3046699999995, "tonnes": 36635.23, "tonne_kms": 7056570.5, "tonnes_per_trailer": 24.21215, "avg_trip_distance": 142.50815, "avg_trip_duration": 1.6117368, "total_trip_distance": 145985.61, "total_trip_duration": 1692.7098, "total_freight_value": 15449113.0, "trip_transport_costs": 952160.0, "cst_per_tonne": 26.0, "cst_per_tonne_km": 0.13493245339463236, "co2_tn": 479.67798}, {"industry": "livestock", "sector": "livestock", "trips_count": 24, "trailer_loads": 150.30298, "tonnes": 3166.668, "tonne_kms": 604371.25, "tonnes_per_trailer": 20.833345, "avg_trip_distance": 160.44655, "avg_trip_duration": 1.797614, "total_trip_distance": 15900.768, "total_trip_duration": 176.77884, "total_freight_value": 13935000.0, "trip_transport_costs": 99273.0, "cst_per_tonne": 31.0, "cst_per_tonne_km": 0.16425896317447425, "co2_tn": 50.654686}], "LGA_14920": [{"industry": "fibre", "sector": "cropping", "trips_count": 7, "trailer_loads": 905.9375, "tonnes": 14495.0, "tonne_kms": 4158148.8, "tonnes_per_trailer": 15.999999, "avg_trip_distance": 285.5338, "avg_trip_duration": 3.217751, "total_trip_distance": 173256.19, "total_trip_duration": 1953.3176, "total_freight_value": 14495000.0, "trip_transport_costs": 976360.0, "cst_per_tonne": 67.0, "cst_per_tonne_km": 0.23480648239195387, "co2_tn": 518.1984}, {"industry": "grains", "sector": "cropping", "trips_count": 125, "trailer_loads": 4048.60864, "tonnes": 99355.3, "tonne_kms": 29307946.0, "tonnes_per_trailer": 24.40801, "avg_trip_distance": 204.7573, "avg_trip_duration": 2.2797673, "total_trip_distance": 751440.6, "total_trip_duration": 8363.438, "total_freight_value": 43796087.0, "trip_transport_costs": 4260646.0, "cst_per_tonne": 43.0, "cst_per_tonne_km": 0.1453751198182552, "co2_tn": 2222.3413}, {"industry": "livestock", "sector": "livestock", "trips_count": 18, "trailer_loads": 90.0, "tonnes": 1800.0, "tonne_kms": 556892.8, "tonnes_per_trailer": 20.0, "avg_trip_distance": 215.24115, "avg_trip_duration": 2.397938, "total_trip_distance": 17568.664, "total_trip_duration": 195.66022, "total_freight_value": 3879000.0, "trip_transport_costs": 99445.0, "cst_per_tonne": 55.0, "cst_per_tonne_km": 0.17857172918711353, "co2_tn": 51.931225}], "LGA_15300": [{"industry": "fibre", "sector": "cropping", "trips_count": 130, "trailer_loads": 23274.074000000004, "tonnes": 291664.94, "tonne_kms": 16941768.0, "tonnes_per_trailer": 12.58077, "avg_trip_distance": 59.37035, "avg_trip_duration": 0.6679372, "total_trip_distance": 732888.4, "total_trip_duration": 8296.792, "total_freight_value": 853822820.0, "trip_transport_costs": 5671365.0, "cst_per_tonne": 19.0, "cst_per_tonne_km": 0.3347564066903826, "co2_tn": 2362.4822}, {"industry": "grains", "sector": "cropping", "trips_count": 744, "trailer_loads": 20754.43329000006, "tonnes": 504064.12, "tonne_kms": 30841348.0, "tonnes_per_trailer": 24.287645, "avg_trip_distance": 56.85639, "avg_trip_duration": 0.6346308, "total_trip_distance": 695367.7, "total_trip_duration": 7763.7505, "total_freight_value": 240423929.0, "trip_transport_costs": 5269860.0, "cst_per_tonne": 10.0, "cst_per_tonne_km": 0.1708699730778453, "co2_tn": 2217.204}, {"industry": "livestock", "sector": "livestock", "trips_count": 20, "trailer_loads": 105.0, "tonnes": 2100.0, "tonne_kms": 174434.8, "tonnes_per_trailer": 20.0, "avg_trip_distance": 72.01783, "avg_trip_duration": 0.7750547, "total_trip_distance": 4620.6694, "total_trip_duration": 49.789597, "total_freight_value": 4525500.0, "trip_transport_costs": 33790.0, "cst_per_tonne": 16.0, "cst_per_tonne_km": 0.19371179950908649, "co2_tn": 15.067271}, {"industry": "waste", "sector": "waste", "trips_count": 40, "trailer_loads": 2006.6399999999985, "tonnes": 20066.4, "tonne_kms": 767596.6, "tonnes_per_trailer": 10.0, "avg_trip_distance": 32.24116, "avg_trip_duration": 0.36967286, "total_trip_distance": 60320.203, "total_trip_duration": 678.7981, "total_freight_value": 2006640.0, "trip_transport_costs": 415331.0, "cst_per_tonne": 21.0, "cst_per_tonne_km": 0.5410795216788058, "co2_tn": 158.96007}], "LGA_15750": [{"industry": "grains", "sector": "cropping", "trips_count": 111, "trailer_loads": 3026.8862100000024, "tonnes": 75190.26, "tonne_kms": 11137828.0, "tonnes_per_trailer": 24.74776, "avg_trip_distance": 132.08426, "avg_trip_duration": 1.4546956, "total_trip_distance": 232838.86, "total_trip_duration": 2561.044, "total_freight_value": 32019862.0, "trip_transport_costs": 1537666.0, "cst_per_tonne": 20.0, "cst_per_tonne_km": 0.13805799147607034, "co2_tn": 758.1041}, {"industry": "fibre", "sector": "cropping", "trips_count": 34, "trailer_loads": 6600.708000000001, "tonnes": 82508.85, "tonne_kms": 12189948.0, "tonnes_per_trailer": 12.5, "avg_trip_distance": 148.55849, "avg_trip_duration": 1.6091878, "total_trip_distance": 487597.9, "total_trip_duration": 5280.865, "total_freight_value": 243401440.0, "trip_transport_costs": 3287085.0, "cst_per_tonne": 40.0, "cst_per_tonne_km": 0.26965533565288796, "co2_tn": 1621.5592}],