{"orig_lga": "LGA_15520", "orig_name": "Murray River (A)", "orig_state": "NSW", "fetched_at": "2026-03-12T07:32:22.489897+00:00", "destinations": {"LGA_10650": [{"industry": "grains", "sector": "cropping", "trips_count": 131, "trailer_loads": 2055.9227699999983, "tonnes": 51185.51, "tonne_kms": 8496146.0, "tonnes_per_trailer": 24.74045, "avg_trip_distance": 125.284904, "avg_trip_duration": 1.421677, "total_trip_distance": 214182.23, "total_trip_duration": 2415.3645, "total_freight_value": 25640339.0, "trip_transport_costs": 1285032.0, "cst_per_tonne": 25.0, "cst_per_tonne_km": 0.15124885108695074, "co2_tn": 644.5903}], "LGA_11600": [{"industry": "grains", "sector": "cropping", "trips_count": 84, "trailer_loads": 1453.510569999999, "tonnes": 36320.1, "tonne_kms": 11210700.0, "tonnes_per_trailer": 24.976185, "avg_trip_distance": 207.89064, "avg_trip_duration": 2.2333958, "total_trip_distance": 237927.31, "total_trip_duration": 2554.6719, "total_freight_value": 14406500.0, "trip_transport_costs": 1453477.0, "cst_per_tonne": 40.0, "cst_per_tonne_km": 0.12965088297863592, "co2_tn": 768.7345}, {"industry": "livestock", "sector": "livestock", "trips_count": 18, "trailer_loads": 95.0, "tonnes": 1900.0, "tonne_kms": 554731.8, "tonnes_per_trailer": 20.0, "avg_trip_distance": 156.86076, "avg_trip_duration": 1.6625023, "total_trip_distance": 14117.469, "total_trip_duration": 149.62521, "total_freight_value": 4094500.0, "trip_transport_costs": 88470.0, "cst_per_tonne": 47.0, "cst_per_tonne_km": 0.159481682850632, "co2_tn": 46.376923}], "LGA_12730": [{"industry": "grains", "sector": "cropping", "trips_count": 155, "trailer_loads": 4494.545399999999, "tonnes": 103301.14, "tonne_kms": 7445388.5, "tonnes_per_trailer": 23.56129, "avg_trip_distance": 46.06574, "avg_trip_duration": 0.5185765, "total_trip_distance": 227002.67, "total_trip_duration": 2557.5056, "total_freight_value": 150116281.0, "trip_transport_costs": 1438427.0, "cst_per_tonne": 14.0, "cst_per_tonne_km": 0.19319704657683595, "co2_tn": 640.27185}], "LGA_14750": [{"industry": "grains", "sector": "cropping", "trips_count": 10, "trailer_loads": 1169.0340099999999, "tonnes": 26096.398, "tonne_kms": 7294563.5, "tonnes_per_trailer": 23.400011, "avg_trip_distance": 149.47903, "avg_trip_duration": 1.6527586, "total_trip_distance": 170132.72, "total_trip_duration": 1851.9921, "total_freight_value": 46321306.0, "trip_transport_costs": 1051433.0, "cst_per_tonne": 40.0, "cst_per_tonne_km": 0.1441393239186793, "co2_tn": 549.79395}, {"industry": "livestock", "sector": "livestock", "trips_count": 10, "trailer_loads": 108.03026, "tonnes": 2366.67, "tonne_kms": 711814.5, "tonnes_per_trailer": 21.800024, "avg_trip_distance": 149.53287, "avg_trip_duration": 1.6651807, "total_trip_distance": 17552.04, "total_trip_duration": 196.30925, "total_freight_value": 14223500.0, "trip_transport_costs": 107076.0, "cst_per_tonne": 45.0, "cst_per_tonne_km": 0.15042625309650987, "co2_tn": 55.7411}], "LGA_15520": [{"industry": "grains", "sector": "cropping", "trips_count": 319, "trailer_loads": 3168.551850000005, "tonnes": 73151.25, "tonne_kms": 3463945.0, "tonnes_per_trailer": 22.326029, "avg_trip_distance": 41.892166, "avg_trip_duration": 0.46754768, "total_trip_distance": 97192.61, "total_trip_duration": 1108.8326, "total_freight_value": 101253289.0, "trip_transport_costs": 720045.0, "cst_per_tonne": 10.0, "cst_per_tonne_km": 0.20786840711296764, "co2_tn": 290.05014}, {"industry": "livestock", "sector": "livestock", "trips_count": 55, "trailer_loads": 355.0, "tonnes": 7100.0, "tonne_kms": 268343.9, "tonnes_per_trailer": 20.0, "avg_trip_distance": 36.294117, "avg_trip_duration": 0.40583968, "total_trip_distance": 8838.339, "total_trip_duration": 98.56773, "total_freight_value": 15300500.0, "trip_transport_costs": 69813.0, "cst_per_tonne": 10.0, "cst_per_tonne_km": 0.26016222946584694, "co2_tn": 26.235243}], "LGA_15800": [{"industry": "grains", "sector": "cropping", "trips_count": 50, "trailer_loads": 727.1146299999999, "tonnes": 18160.22, "tonne_kms": 5703195.5, "tonnes_per_trailer": 24.959995, "avg_trip_distance": 223.2143, "avg_trip_duration": 2.4426463, "total_trip_distance": 123763.234, "total_trip_duration": 1356.337, "total_freight_value": 7826945.0, "trip_transport_costs": 749613.0, "cst_per_tonne": 41.0, "cst_per_tonne_km": 0.13143735824473177, "co2_tn": 397.8114}], "LGA_20830": [{"industry": "livestock", "sector": "livestock", "trips_count": 9, "trailer_loads": 67.84851, "tonnes": 1246.667, "tonne_kms": 513513.56, "tonnes_per_trailer": 17.333338, "avg_trip_distance": 342.7636, "avg_trip_duration": 3.8892052, "total_trip_distance": 18392.283, "total_trip_duration": 204.81711, "total_freight_value": 6644500.0, "trip_transport_costs": 101571.0, "cst_per_tonne": 81.0, "cst_per_tonne_km": 0.19779630923057412, "co2_tn": 54.488304}], "LGA_21270": [{"industry": "grains", "sector": "cropping", "trips_count": 107, "trailer_loads": 1640.4026399999987, "tonnes": 40894.184, "tonne_kms": 6948224.5, "tonnes_per_trailer": 24.869146, "avg_trip_distance": 156.0542, "avg_trip_duration": 1.7404758, "total_trip_distance": 185606.44, "total_trip_duration": 2054.2825, "total_freight_value": 16819544.0, "trip_transport_costs": 1079173.0, "cst_per_tonne": 26.0, "cst_per_tonne_km": 0.15531629945029032, "co2_tn": 549.216}, {"industry": "livestock", "sector": "livestock", "trips_count": 17, "trailer_loads": 131.12126, "tonnes": 2206.667, "tonne_kms": 366283.38, "tonnes_per_trailer": 15.294119, "avg_trip_distance": 139.85197, "avg_trip_duration": 1.5460466, "total_trip_distance": 13871.829, "total_trip_duration": 152.72093, "total_freight_value": 12872500.0, "trip_transport_costs": 81300.0, "cst_per_tonne": 37.0, "cst_per_tonne_km": 0.22195830205596448, "co2_tn": 41.183815}], "LGA_21370": [{"industry": "grains", "sector": "cropping", "trips_count": 113, "trailer_loads": 1549.5992400000023, "tonnes": 38369.438, "tonne_kms": 1841527.5, "tonnes_per_trailer": 24.628317, "avg_trip_distance": 54.887867, "avg_trip_duration": 0.6502849, "total_trip_distance": 50744.363, "total_trip_duration": 611.6949, "total_freight_value": 18332471.0, "trip_transport_costs": 369959.0, "cst_per_tonne": 10.0, "cst_per_tonne_km": 0.20089790917842937, "co2_tn": 152.32451}, {"industry": "livestock", "sector": "livestock", "trips_count": 58, "trailer_loads": 655.3939199999996, "tonnes": 13466.671, "tonne_kms": 1502861.6, "tonnes_per_trailer": 17.603456, "avg_trip_distance": 99.34334, "avg_trip_duration": 1.1514617, "total_trip_distance": 49249.055, "total_trip_duration": 565.261, "total_freight_value": 54656000.0, "trip_transport_costs": 302579.0, "cst_per_tonne": 22.0, "cst_per_tonne_km": 0.20133502720666424, "co2_tn": 146.78407}], "LGA_21830": [{"industry": "grains", "sector": "cropping", "trips_count": 10, "trailer_loads": 88.2244, "tonnes": 2029.16, "tonne_kms": 900368.75, "tonnes_per_trailer": 22.999987, "avg_trip_distance": 434.96072, "avg_trip_duration": 4.9917417, "total_trip_distance": 26097.645, "total_trip_duration": 299.50452, "total_freight_value": 608748.0, "trip_transport_costs": 145970.0, "cst_per_tonne": 72.0, "cst_per_tonne_km": 0.16212240405840664, "co2_tn": 77.64484}, {"industry": "livestock", "sector": "livestock", "trips_count": 6, "trailer_loads": 46.30306, "tonnes": 984.667, "tonne_kms": 378667.97, "tonnes_per_trailer": 20.333336, "avg_trip_distance": 312.7927, "avg_trip_duration": 3.5923507, "total_trip_distance": 11863.296, "total_trip_duration": 133.46478, "total_freight_value": 4832560.0, "trip_transport_costs": 65825.0, "cst_per_tonne": 67.0, "cst_per_tonne_km": 0.17383255868381148, "co2_tn": 35.145844}], "LGA_22250": [{"industry": "grains", "sector": "cropping", "trips_count": 105, "trailer_loads": 1833.7350800000004, "tonnes": 45543.367, "tonne_kms": 2951625.5, "tonnes_per_trailer": 24.676184, "avg_trip_distance": 62.18477, "avg_trip_duration": 0.73465496, "total_trip_distance": 79447.82, "total_trip_duration": 932.23535,