{"orig_lga": "LGA_15850", "orig_name": "Narromine (A)", "orig_state": "NSW", "fetched_at": "2026-03-12T07:34:03.191689+00:00", "destinations": {"LGA_10800": [{"industry": "grains", "sector": "cropping", "trips_count": 27, "trailer_loads": 735.45309, "tonnes": 18298.322, "tonne_kms": 4743396.5, "tonnes_per_trailer": 24.481478, "avg_trip_distance": 244.89282, "avg_trip_duration": 2.6807592, "total_trip_distance": 111503.04, "total_trip_duration": 1220.8518, "total_freight_value": 8169631.0, "trip_transport_costs": 660850.0, "cst_per_tonne": 36.0, "cst_per_tonne_km": 0.13931995107525733, "co2_tn": 348.0934}], "LGA_11400": [{"industry": "grains", "sector": "cropping", "trips_count": 20, "trailer_loads": 280.51427000000007, "tonnes": 6939.419, "tonne_kms": 1210277.5, "tonnes_per_trailer": 23.900005, "avg_trip_distance": 134.90414, "avg_trip_duration": 1.5190531, "total_trip_distance": 32936.363, "total_trip_duration": 371.102, "total_freight_value": 2891473.0, "trip_transport_costs": 191049.0, "cst_per_tonne": 28.0, "cst_per_tonne_km": 0.15785577328291575, "co2_tn": 97.77696}], "LGA_12150": [{"industry": "grains", "sector": "cropping", "trips_count": 36, "trailer_loads": 1270.9584200000004, "tonnes": 31579.031, "tonne_kms": 5240053.5, "tonnes_per_trailer": 24.638897, "avg_trip_distance": 164.00839, "avg_trip_duration": 1.7774426, "total_trip_distance": 106163.66, "total_trip_duration": 1149.197, "total_freight_value": 14140950.0, "trip_transport_costs": 697748.0, "cst_per_tonne": 22.0, "cst_per_tonne_km": 0.13315666648716737, "co2_tn": 351.3676}], "LGA_12350": [{"industry": "grains", "sector": "cropping", "trips_count": 18, "trailer_loads": 105.60468, "tonnes": 2519.9492, "tonne_kms": 624474.56, "tonnes_per_trailer": 23.222221, "avg_trip_distance": 192.7293, "avg_trip_duration": 2.1718893, "total_trip_distance": 17443.158, "total_trip_duration": 196.83543, "total_freight_value": 1136963.0, "trip_transport_costs": 99399.0, "cst_per_tonne": 39.0, "cst_per_tonne_km": 0.15917232750385749, "co2_tn": 52.25756}, {"industry": "livestock", "sector": "livestock", "trips_count": 8, "trailer_loads": 48.0, "tonnes": 480.0, "tonne_kms": 109988.58, "tonnes_per_trailer": 10.0, "avg_trip_distance": 229.14287, "avg_trip_duration": 2.6115458, "total_trip_distance": 7696.184, "total_trip_duration": 87.72877, "total_freight_value": 3360000.0, "trip_transport_costs": 42863.0, "cst_per_tonne": 89.0, "cst_per_tonne_km": 0.3896999150408942, "co2_tn": 22.246616}], "LGA_12900": [{"industry": "grains", "sector": "cropping", "trips_count": 65, "trailer_loads": 1373.6699300000025, "tonnes": 34128.12, "tonne_kms": 5619376.5, "tonnes_per_trailer": 24.01538, "avg_trip_distance": 115.95033, "avg_trip_duration": 1.3205489, "total_trip_distance": 162988.0, "total_trip_duration": 1871.4618, "total_freight_value": 15586091.0, "trip_transport_costs": 919974.0, "cst_per_tonne": 27.0, "cst_per_tonne_km": 0.16371460019644193, "co2_tn": 452.05685}, {"industry": "livestock", "sector": "livestock", "trips_count": 28, "trailer_loads": 151.0, "tonnes": 2360.0, "tonne_kms": 341499.75, "tonnes_per_trailer": 16.071428, "avg_trip_distance": 125.715546, "avg_trip_duration": 1.4077674, "total_trip_distance": 14967.471, "total_trip_duration": 167.67107, "total_freight_value": 8283500.0, "trip_transport_costs": 86645.0, "cst_per_tonne": 37.0, "cst_per_tonne_km": 0.25371844459736975, "co2_tn": 43.215046}], "LGA_12950": [{"industry": "grains", "sector": "cropping", "trips_count": 47, "trailer_loads": 1046.1436300000007, "tonnes": 26133.545, "tonne_kms": 2457416.2, "tonnes_per_trailer": 24.87233, "avg_trip_distance": 90.93377, "avg_trip_duration": 0.96943593, "total_trip_distance": 49508.293, "total_trip_duration": 529.67004, "total_freight_value": 11399103.0, "trip_transport_costs": 352971.0, "cst_per_tonne": 14.0, "cst_per_tonne_km": 0.14363499948839495, "co2_tn": 163.07785}], "LGA_13550": [{"industry": "grains", "sector": "cropping", "trips_count": 7, "trailer_loads": 143.15834000000004, "tonnes": 3518.1929, "tonne_kms": 1016133.2, "tonnes_per_trailer": 23.42859, "avg_trip_distance": 247.39395, "avg_trip_duration": 2.689164, "total_trip_distance": 27553.422, "total_trip_duration": 298.85364, "total_freight_value": 1436909.0, "trip_transport_costs": 153167.0, "cst_per_tonne": 44.0, "cst_per_tonne_km": 0.15073543311766585, "co2_tn": 81.48603}], "LGA_14600": [{"industry": "grains", "sector": "cropping", "trips_count": 34, "trailer_loads": 654.8783799999998, "tonnes": 16338.566, "tonne_kms": 1899013.4, "tonnes_per_trailer": 24.705868, "avg_trip_distance": 122.59056, "avg_trip_duration": 1.329848, "total_trip_distance": 38216.43, "total_trip_duration": 412.38852, "total_freight_value": 7195169.0, "trip_transport_costs": 264231.0, "cst_per_tonne": 16.0, "cst_per_tonne_km": 0.1391412521335812, "co2_tn": 126.05457}], "LGA_14920": [{"industry": "grains", "sector": "cropping", "trips_count": 10, "trailer_loads": 159.40275000000003, "tonnes": 3958.3687, "tonne_kms": 1205079.9, "tonnes_per_trailer": 24.200008, "avg_trip_distance": 236.59364, "avg_trip_duration": 2.5600471, "total_trip_distance": 32472.207, "total_trip_duration": 352.67728, "total_freight_value": 1998076.0, "trip_transport_costs": 180104.0, "cst_per_tonne": 45.0, "cst_per_tonne_km": 0.1494536362877502, "co2_tn": 95.21554}], "LGA_15270": [], "LGA_15750": [{"industry": "grains", "sector": "cropping", "trips_count": 11, "trailer_loads": 286.90424, "tonnes": 6957.3545, "tonne_kms": 2285898.5, "tonnes_per_trailer": 24.363628, "avg_trip_distance": 281.3476, "avg_trip_duration": 3.0231214, "total_trip_distance": 47540.44, "total_trip_duration": 514.2824, "total_freight_value": 3044664.0, "trip_transport_costs": 295868.0, "cst_per_tonne": 43.0, "cst_per_tonne_km": 0.12943190532833698, "co2_tn": 157.04694}], "LGA_15850": [{"industry": "fibre", "sector": "cropping", "trips_count": 28, "trailer_loads": 3569.076000000002, "tonnes": 44613.52, "tonne_kms": 937537.2, "tonnes_per_trailer": 12.50002, "avg_trip_distance": 20.981892, "avg_trip_duration": 0.22338545, "total_trip_distance": 58332.52, "total_trip_duration": 622.4379, "total_freight_value": 131610080.0, "trip_transport_costs": 503355.0, "cst_per_tonne": 11.0, "cst_per_tonne_km": 0.536890967908273, "co2_tn": 153.54985}, {"industry": "grains", "sector": "cropping", "trips_count": 209, "trailer_loads": 5779.51004, "tonnes": 143373.39, "tonne_kms": 3578293.8, "tonnes_per_trailer": 24.349274, "avg_trip_distance": 25.168745, "avg_trip_duration": 0.28351134, "total_trip_distance": 99996.4, "total_trip_duration": 1128.0846, "total_freight_value": 57174319.0, "trip_transport_costs": 876855.0, "cst_per_tonne": 6.0, "cst_per_tonne_km": 0.2450484001122982, "co2_tn": 285.15482}, {"industry": "waste", "sector": "waste", "trips_count": 16, "trailer_loads": 345.6000000000001, "tonnes": 3456.0, "tonne_kms": 32324.617, "tonnes_per_trailer": 10.0, "avg_trip_distance": 9.183129, "avg_trip_duration": 0.12166262, "total_trip_distance": 3232.4617, "total_trip_duration": 42.82524, "total_freight_value": 345600.0, "trip_transport_costs": 36189.0, "cst_per_tonne": 10.0, "cst_per_tonne_km": 1.1195529259035109, "co2_tn": 7.496155}], "LGA_16200": [{"industry": "grains", "sector": "cropping", "trips_count": 77, "trailer_loads": 2130.0282800000004, "tonnes": 53230.656, "tonne_kms": 6376663.0, "tonnes_per_trailer": 24.922071, "avg_trip_distance": 114.66834, "avg_trip_duration": 1.296308, "total_trip_distance": 160567.92, "total_trip_duration": 1814.825, "total_freight_value": 26118551.0, "trip_transport_costs": 995999.0, "cst_per_tonne": 19.0, "cst_per_tonne_km": 0.15619436638161097, "co2_tn": 482.80798}], "LGA_16950": [{"industry": "grains", "sector": "cropping", "trips_count": 8, "trailer_loads": 46.69976000000001, "tonnes": 1127.4385, "tonne_kms": 644410.2, "tonnes_per_trailer": 23.500004, "avg_trip_distance": 355.4582, "avg_trip_duration": 3.981647, "total_trip_distance": 18668.66, "total_trip_duration": 210.29498,