{"orig_lga": "LGA_10470", "orig_name": "Bathurst Regional (A)", "orig_state": "NSW", "fetched_at": "2026-03-12T06:48:24.670813+00:00", "destinations": {"LGA_10750": [{"industry": "fruit", "sector": "horticulture", "trips_count": 19, "trailer_loads": 2.7961337099999994, "tonnes": 40.631992, "tonne_kms": 6628.744, "tonnes_per_trailer": 14.105262, "avg_trip_distance": 17.40638, "avg_trip_duration": 0.22507541, "total_trip_distance": 458.49115, "total_trip_duration": 5.946794, "total_freight_value": 196666.0, "trip_transport_costs": 2259.0, "cst_per_tonne": 56.0, "cst_per_tonne_km": 0.3407397463534348, "co2_tn": 1.0321559}, {"industry": "vegetables", "sector": "horticulture", "trips_count": 27, "trailer_loads": 161.81727163199997, "tonnes": 2331.0913, "tonne_kms": 386837.22, "tonnes_per_trailer": 17.481466, "avg_trip_distance": 84.650795, "avg_trip_duration": 1.0981954, "total_trip_distance": 26739.002, "total_trip_duration": 345.00934, "total_freight_value": 11976064.0, "trip_transport_costs": 131340.0, "cst_per_tonne": 56.0, "cst_per_tonne_km": 0.33952392385166286, "co2_tn": 60.12117}], "LGA_11650": [{"industry": "vegetables", "sector": "horticulture", "trips_count": 6, "trailer_loads": 13.23538409, "tonnes": 198.35367, "tonne_kms": 50097.703, "tonnes_per_trailer": 19.499989, "avg_trip_distance": 149.92078, "avg_trip_duration": 1.8117559, "total_trip_distance": 3303.986, "total_trip_duration": 39.96796, "total_freight_value": 786471.0, "trip_transport_costs": 15440.0, "cst_per_tonne": 78.0, "cst_per_tonne_km": 0.30820044969145, "co2_tn": 7.3595557}, {"industry": "wood_product", "sector": "wood_product", "trips_count": 6, "trailer_loads": 162.43009999999998, "tonnes": 3248.6047, "tonne_kms": 799806.25, "tonnes_per_trailer": 20.000011, "avg_trip_distance": 248.72684, "avg_trip_duration": 3.0713918, "total_trip_distance": 75001.05, "total_trip_duration": 924.7201, "total_freight_value": 16243010.0, "trip_transport_costs": 213139.0, "cst_per_tonne": 66.0, "cst_per_tonne_km": 0.26648836827669203, "co2_tn": 74.25488}], "LGA_14900": [{"industry": "vegetables", "sector": "horticulture", "trips_count": 6, "trailer_loads": 43.44713503, "tonnes": 577.9547, "tonne_kms": 104913.055, "tonnes_per_trailer": 17.000008, "avg_trip_distance": 98.77165, "avg_trip_duration": 1.2606835, "total_trip_distance": 7888.4155, "total_trip_duration": 100.70396, "total_freight_value": 2298011.0, "trip_transport_costs": 38354.0, "cst_per_tonne": 66.0, "cst_per_tonne_km": 0.36557635127413246, "co2_tn": 17.733044}, {"industry": "wood_product", "sector": "wood_product", "trips_count": 9, "trailer_loads": 101.8341, "tonnes": 2036.682, "tonne_kms": 351425.7, "tonnes_per_trailer": 20.0, "avg_trip_distance": 174.03929, "avg_trip_duration": 2.2244737, "total_trip_distance": 23167.115, "total_trip_duration": 298.18427, "total_freight_value": 10183410.0, "trip_transport_costs": 89235.0, "cst_per_tonne": 44.0, "cst_per_tonne_km": 0.2539237950221873, "co2_tn": 37.05858}], "LGA_16260": [{"industry": "wood_product", "sector": "wood_product", "trips_count": 11, "trailer_loads": 80.0, "tonnes": 1600.0, "tonne_kms": 276599.8, "tonnes_per_trailer": 20.0, "avg_trip_distance": 173.36145, "avg_trip_duration": 2.183247, "total_trip_distance": 13829.99, "total_trip_duration": 174.069, "total_freight_value": 8000000.0, "trip_transport_costs": 66705.0, "cst_per_tonne": 42.0, "cst_per_tonne_km": 0.241162486453805, "co2_tn": 30.928087}], "LGA_17200": [{"industry": "wood_product", "sector": "wood_product", "trips_count": 31, "trailer_loads": 386.75800000000004, "tonnes": 7735.16, "tonne_kms": 1492311.5, "tonnes_per_trailer": 20.0, "avg_trip_distance": 192.98212, "avg_trip_duration": 2.4547706, "total_trip_distance": 74615.58, "total_trip_duration": 944.024, "total_freight_value": 38675800.0, "trip_transport_costs": 357215.0, "cst_per_tonne": 46.0, "cst_per_tonne_km": 0.2393701009437582, "co2_tn": 166.84885}], "LGA_17420": [{"industry": "wood_product", "sector": "wood_product", "trips_count": 7, "trailer_loads": 65.0, "tonnes": 1300.0, "tonne_kms": 211540.2, "tonnes_per_trailer": 20.0, "avg_trip_distance": 169.15756, "avg_trip_duration": 2.175019, "total_trip_distance": 10577.01, "total_trip_duration": 136.00092, "total_freight_value": 6500000.0, "trip_transport_costs": 51356.0, "cst_per_tonne": 40.0, "cst_per_tonne_km": 0.24277395455562414, "co2_tn": 23.743715}], "LGA_23810": [{"industry": "wood_product", "sector": "wood_product", "trips_count": 51, "trailer_loads": 933.9786719999996, "tonnes": 18846.246, "tonne_kms": 17734328.0, "tonnes_per_trailer": 20.490206, "avg_trip_distance": 814.991, "avg_trip_duration": 8.790184, "total_trip_distance": 586921.06, "total_trip_duration": 6323.7256, "total_freight_value": 28186021.0, "trip_transport_costs": 3230292.0, "cst_per_tonne": 171.0, "cst_per_tonne_km": 0.18214909762372083, "co2_tn": 1736.4701}], "LGA_31000": [{"industry": "fruit", "sector": "horticulture", "trips_count": 13, "trailer_loads": 4.756975949999999, "tonnes": 70.91602, "tonne_kms": 76061.39, "tonnes_per_trailer": 13.076933, "avg_trip_distance": 126.095764, "avg_trip_duration": 1.3968817, "total_trip_distance": 3081.896, "total_trip_duration": 34.154976, "total_freight_value": 350106.0, "trip_transport_costs": 17206.0, "cst_per_tonne": 243.0, "cst_per_tonne_km": 0.22621830765326492, "co2_tn": 9.18669}, {"industry": "vegetables", "sector": "horticulture", "trips_count": 10, "trailer_loads": 218.32360501199997, "tonnes": 2824.1353, "tonne_kms": 3005613.0, "tonnes_per_trailer": 17.100025, "avg_trip_distance": 434.07806, "avg_trip_duration": 4.794005, "total_trip_distance": 139807.25, "total_trip_duration": 1545.9587, "total_freight_value": 15668921.0, "trip_transport_costs": 781933.0, "cst_per_tonne": 277.0, "cst_per_tonne_km": 0.2601575310432652, "co2_tn": 417.671}, {"industry": "wood_product", "sector": "wood_product", "trips_count": 42, "trailer_loads": 30.66666600000001, "tonnes": 766.66754, "tonne_kms": 811681.44, "tonnes_per_trailer": 25.000038, "avg_trip_distance": 497.00555, "avg_trip_duration": 5.4057546, "total_trip_distance": 22853.959, "total_trip_duration": 248.62103, "total_freight_value": 1073332.0, "trip_transport_costs": 121705.0, "cst_per_tonne": 159.0, "cst_per_tonne_km": 0.14994182594716765, "co2_tn": 64.83216}], "LGA_89399": [{"industry": "wood_product", "sector": "wood_product", "trips_count": 16, "trailer_loads": 190.0, "tonnes": 3800.0, "tonne_kms": 1167725.8, "tonnes_per_trailer": 20.0, "avg_trip_distance": 261.4465, "avg_trip_duration": 3.0034401, "total_trip_distance": 38927.53, "total_trip_duration": 447.31476, "total_freight_value": 19000000.0, "trip_transport_costs": 218531.0, "cst_per_tonne": 58.0, "cst_per_tonne_km": 0.18714202125705137, "co2_tn": 115.94601}]}}