{"orig_lga": "LGA_53010", "orig_name": "Dumbleyung (S)", "orig_state": "WA", "fetched_at": "2026-03-12T07:06:07.284939+00:00", "destinations": {"LGA_52100": [{"industry": "grains", "sector": "cropping", "trips_count": 18, "trailer_loads": 488.8717000000001, "tonnes": 11983.932, "tonne_kms": 1487625.6, "tonnes_per_trailer": 24.11113, "avg_trip_distance": 127.54819, "avg_trip_duration": 1.2932184, "total_trip_distance": 35556.438, "total_trip_duration": 360.81805, "total_freight_value": 4603131.0, "trip_transport_costs": 224176.0, "cst_per_tonne": 19.0, "cst_per_tonne_km": 0.15069370224668, "co2_tn": 110.405205}], "LGA_54480": [{"industry": "grains", "sector": "cropping", "trips_count": 39, "trailer_loads": 792.75266, "tonnes": 18629.547, "tonne_kms": 1415875.2, "tonnes_per_trailer": 22.948732, "avg_trip_distance": 73.149445, "avg_trip_duration": 0.74716103, "total_trip_distance": 39007.176, "total_trip_duration": 399.28656, "total_freight_value": 7073647.0, "trip_transport_costs": 256122.0, "cst_per_tonne": 14.0, "cst_per_tonne_km": 0.18089287906276413, "co2_tn": 116.81862}], "LGA_54550": [{"industry": "livestock", "sector": "livestock", "trips_count": 8, "trailer_loads": 48.0, "tonnes": 480.0, "tonne_kms": 60380.46, "tonnes_per_trailer": 10.0, "avg_trip_distance": 125.792625, "avg_trip_duration": 1.3166896, "total_trip_distance": 4025.364, "total_trip_duration": 42.134068, "total_freight_value": 3360000.0, "trip_transport_costs": 23860.0, "cst_per_tonne": 50.0, "cst_per_tonne_km": 0.3951672788816073, "co2_tn": 11.920046}], "LGA_54760": [{"industry": "grains", "sector": "cropping", "trips_count": 17, "trailer_loads": 321.2648999999999, "tonnes": 7793.776, "tonne_kms": 682740.44, "tonnes_per_trailer": 24.058863, "avg_trip_distance": 88.99065, "avg_trip_duration": 0.9159752, "total_trip_distance": 18635.281, "total_trip_duration": 191.5213, "total_freight_value": 2988030.0, "trip_transport_costs": 117544.0, "cst_per_tonne": 15.0, "cst_per_tonne_km": 0.17216498698329447, "co2_tn": 55.408287}], "LGA_54900": [{"industry": "grains", "sector": "cropping", "trips_count": 45, "trailer_loads": 1003.2732599999999, "tonnes": 24368.27, "tonne_kms": 2335010.8, "tonnes_per_trailer": 23.93334, "avg_trip_distance": 99.883286, "avg_trip_duration": 1.0257449, "total_trip_distance": 63703.8, "total_trip_duration": 655.2249, "total_freight_value": 9564338.0, "trip_transport_costs": 393462.0, "cst_per_tonne": 16.0, "cst_per_tonne_km": 0.16850533788361577, "co2_tn": 188.3976}], "LGA_57700": [{"industry": "livestock", "sector": "livestock", "trips_count": 8, "trailer_loads": 48.0, "tonnes": 480.0, "tonne_kms": 115821.18, "tonnes_per_trailer": 10.0, "avg_trip_distance": 241.29413, "avg_trip_duration": 2.5371814, "total_trip_distance": 7721.412, "total_trip_duration": 81.189804, "total_freight_value": 3360000.0, "trip_transport_costs": 43113.0, "cst_per_tonne": 90.0, "cst_per_tonne_km": 0.372234388329369, "co2_tn": 22.8549}]}}