{"orig_lga": "LGA_57910", "orig_name": "Stirling (C)", "orig_state": "WA", "fetched_at": "2026-03-12T07:44:02.259354+00:00", "destinations": {"LGA_50420": [{"industry": "meat", "sector": "cold_food", "trips_count": 30, "trailer_loads": 157.9630800000001, "tonnes": 2843.3384, "tonne_kms": 30067.242, "tonnes_per_trailer": 18.000015, "avg_trip_distance": 8.598827, "avg_trip_duration": 0.14332955, "total_trip_distance": 1670.4023, "total_trip_duration": 28.670938, "total_freight_value": 51180106.0, "trip_transport_costs": 18571.0, "cst_per_tonne": 7.0, "cst_per_tonne_km": 0.6176522267910828, "co2_tn": 4.006637}, {"industry": "waste", "sector": "waste", "trips_count": 149, "trailer_loads": 3218.3999999999915, "tonnes": 32184.0, "tonne_kms": 321957.28, "tonnes_per_trailer": 10.0, "avg_trip_distance": 9.82176, "avg_trip_duration": 0.14126453, "total_trip_distance": 32195.729, "total_trip_duration": 463.06512, "total_freight_value": 3218400.0, "trip_transport_costs": 349305.0, "cst_per_tonne": 11.0, "cst_per_tonne_km": 1.0849410227068896, "co2_tn": 74.034164}], "LGA_51310": [{"industry": "meat", "sector": "cold_food", "trips_count": 11, "trailer_loads": 87.17705000000001, "tonnes": 1569.1848, "tonne_kms": 8294.178, "tonnes_per_trailer": 17.999996, "avg_trip_distance": 4.698408, "avg_trip_duration": 0.08232825, "total_trip_distance": 460.7877, "total_trip_duration": 8.032984, "total_freight_value": 28245313.0, "trip_transport_costs": 7965.0, "cst_per_tonne": 5.0, "cst_per_tonne_km": 0.9603184910160293, "co2_tn": 1.1176697}, {"industry": "ppe", "sector": "health", "trips_count": 10, "trailer_loads": 1.3199651, "tonnes": 13.199652, "tonne_kms": 156.7829, "tonnes_per_trailer": 10.0, "avg_trip_distance": 3.135658, "avg_trip_duration": 0.04226793, "total_trip_distance": 31.35658, "total_trip_duration": 0.4226793, "total_freight_value": 364553.0, "trip_transport_costs": 162.0, "cst_per_tonne": 12.0, "cst_per_tonne_km": 1.031924729747393, "co2_tn": 0.028641425}], "LGA_51330": [{"industry": "waste", "sector": "waste", "trips_count": 46, "trailer_loads": 993.6000000000007, "tonnes": 9936.0, "tonne_kms": 149682.6, "tonnes_per_trailer": 10.0, "avg_trip_distance": 14.790771, "avg_trip_duration": 0.2335685, "total_trip_distance": 14968.26, "total_trip_duration": 236.37132, "total_freight_value": 993600.0, "trip_transport_costs": 133710.0, "cst_per_tonne": 13.0, "cst_per_tonne_km": 0.8932901708625939, "co2_tn": 35.135742}], "LGA_51750": [{"industry": "meat", "sector": "cold_food", "trips_count": 8, "trailer_loads": 29.231379999999998, "tonnes": 526.16437, "tonne_kms": 5415.8105, "tonnes_per_trailer": 17.999983, "avg_trip_distance": 8.477841, "avg_trip_duration": 0.15370136, "total_trip_distance": 300.87836, "total_trip_duration": 5.3994837, "total_freight_value": 9470951.0, "trip_transport_costs": 3430.0, "cst_per_tonne": 7.0, "cst_per_tonne_km": 0.6332830258403224, "co2_tn": 0.73729366}], "LGA_51820": [{"industry": "meat", "sector": "cold_food", "trips_count": 7, "trailer_loads": 1732.2471, "tonnes": 31180.406, "tonne_kms": 888390.5, "tonnes_per_trailer": 18.000006, "avg_trip_distance": 28.227499, "avg_trip_duration": 0.36494133, "total_trip_distance": 33286.184, "total_trip_duration": 412.56686, "total_freight_value": 561248090.0, "trip_transport_costs": 293893.0, "cst_per_tonne": 9.0, "cst_per_tonne_km": 0.330814917077393, "co2_tn": 98.943344}], "LGA_54170": [{"industry": "meat", "sector": "cold_food", "trips_count": 10, "trailer_loads": 103.51017, "tonnes": 1863.1802, "tonne_kms": 21374.77, "tonnes_per_trailer": 17.999983, "avg_trip_distance": 11.423836, "avg_trip_duration": 0.16197091, "total_trip_distance": 1187.4872, "total_trip_duration": 17.120543, "total_freight_value": 33537279.0, "trip_transport_costs": 12237.0, "cst_per_tonne": 7.0, "cst_per_tonne_km": 0.5724997044867165, "co2_tn": 2.7401557}, {"industry": "ppe", "sector": "health", "trips_count": 6, "trailer_loads": 1.90495277, "tonnes": 19.049526, "tonne_kms": 116.44657, "tonnes_per_trailer": 10.0, "avg_trip_distance": 2.264955, "avg_trip_duration": 0.035885844, "total_trip_distance": 23.289314, "total_trip_duration": 0.3953526, "total_freight_value": 526117.0, "trip_transport_costs": 182.0, "cst_per_tonne": 10.0, "cst_per_tonne_km": 1.566083681099612, "co2_tn": 0.022930281}], "LGA_55110": [], "LGA_55320": [{"industry": "ppe", "sector": "health", "trips_count": 10, "trailer_loads": 20.060473699999996, "tonnes": 200.60475, "tonne_kms": 5329.77, "tonnes_per_trailer": 10.0, "avg_trip_distance": 12.884403, "avg_trip_duration": 0.1689543, "total_trip_distance": 1065.954, "total_trip_duration": 13.740171, "total_freight_value": 5540381.0, "trip_transport_costs": 3970.0, "cst_per_tonne": 20.0, "cst_per_tonne_km": 0.7448466825247594, "co2_tn": 0.9651972}], "LGA_56580": [{"industry": "meat", "sector": "cold_food", "trips_count": 6, "trailer_loads": 12.79734, "tonnes": 230.3517, "tonne_kms": 2322.2058, "tonnes_per_trailer": 17.999971, "avg_trip_distance": 8.476777, "avg_trip_duration": 0.16104615, "total_trip_distance": 129.01143, "total_trip_duration": 2.4604576, "total_freight_value": 4146333.0, "trip_transport_costs": 1509.0, "cst_per_tonne": 7.0, "cst_per_tonne_km": 0.6496607290137306, "co2_tn": 0.32560584}, {"industry": "ppe", "sector": "health", "trips_count": 10, "trailer_loads": 23.0904297, "tonnes": 230.9043, "tonne_kms": 3602.8726, "tonnes_per_trailer": 10.0, "avg_trip_distance": 8.624994, "avg_trip_duration": 0.1419441, "total_trip_distance": 720.5746, "total_trip_duration": 11.429187, "total_freight_value": 6377205.0, "trip_transport_costs": 3433.0, "cst_per_tonne": 15.0, "cst_per_tonne_km": 0.952835934941426, "co2_tn": 0.6883905}, {"industry": "waste", "sector": "waste", "trips_count": 283, "trailer_loads": 6112.800000000022, "tonnes": 61128.0, "tonne_kms": 666950.1, "tonnes_per_trailer": 10.0, "avg_trip_distance": 10.7123375, "avg_trip_duration": 0.18054272, "total_trip_distance": 66695.01, "total_trip_duration": 1124.059, "total_freight_value": 6112800.0, "trip_transport_costs": 709706.0, "cst_per_tonne": 12.0, "cst_per_tonne_km": 1.0641060626666634, "co2_tn": 159.81963}], "LGA_57080": [{"industry": "meat", "sector": "cold_food", "trips_count": 25, "trailer_loads": 115.72106, "tonnes": 2082.9822, "tonne_kms": 14325.149, "tonnes_per_trailer": 18.000082, "avg_trip_distance": 4.6363473, "avg_trip_duration": 0.07356969, "total_trip_distance": 795.8416, "total_trip_duration": 12.487594, "total_freight_value": 37493689.0, "trip_transport_costs": 11339.0, "cst_per_tonne": 5.0, "cst_per_tonne_km": 0.7915723369111626, "co2_tn": 1.892452}, {"industry": "medicines", "sector": "health", "trips_count": 6, "trailer_loads": 30.720447, "tonnes": 122.88186, "tonne_kms": 1695.2047, "tonnes_per_trailer": 4.000003, "avg_trip_distance": 10.554013, "avg_trip_duration": 0.14616792, "total_trip_distance": 847.6023, "total_trip_duration": 11.907895, "total_freight_value": 430086192.0, "trip_transport_costs": 4171.0, "cst_per_tonne": 34.0, "cst_per_tonne_km": 2.4602232751945574, "co2_tn": 0.7891168}, {"industry": "ppe", "sector": "health", "trips_count": 12, "trailer_loads": 12.589180700000002, "tonnes": 125.89181, "tonne_kms": 1736.7281, "tonnes_per_trailer": 10.0, "avg_trip_distance": 6.791747, "avg_trip_duration": 0.094200626, "total_trip_distance": 347.3456, "total_trip_duration": 4.87983, "total_freight_value": 3476929.0, "trip_transport_costs": 1690.0, "cst_per_tonne": 13.0, "cst_per_tonne_km": 0.9730107448952858, "co2_tn": 0.32337815}], "LGA_57490": [{"industry": "ppe", "sector": "health", "trips_count": 8, "trailer_loads": 3.8309048000000008, "tonnes": 38.309048, "tonne_kms": 2307.6194, "tonnes_per_trailer": 10.0, "avg_trip_distance": 23.439882, "avg_trip_duration": 0.2818172, "total_trip_distance": 461.5239, "total_trip_duration": 5.599116, "total_freight_value": 1058034.0, "trip_transport_costs": 1400.0, "cst_per_tonne": 37.0, "cst_per_tonne_km": 0.6068305525047636, "co2_tn": 0.41262695}],