{"orig_lga": "LGA_54900", "orig_name": "Lake Grace (S)", "orig_state": "WA", "fetched_at": "2026-03-12T07:22:32.020446+00:00", "destinations": {"LGA_50080": [{"industry": "grains", "sector": "cropping", "trips_count": 22, "trailer_loads": 341.88772000000006, "tonnes": 8363.543, "tonne_kms": 2309051.0, "tonnes_per_trailer": 24.090914, "avg_trip_distance": 253.20546, "avg_trip_duration": 2.5844967, "total_trip_distance": 62200.777, "total_trip_duration": 635.91534, "total_freight_value": 3038177.0, "trip_transport_costs": 346612.0, "cst_per_tonne": 41.0, "cst_per_tonne_km": 0.15011027951120395, "co2_tn": 184.32506}], "LGA_51260": [{"industry": "grains", "sector": "cropping", "trips_count": 26, "trailer_loads": 183.17874999999992, "tonnes": 4254.699, "tonne_kms": 1783581.1, "tonnes_per_trailer": 23.076857, "avg_trip_distance": 372.25507, "avg_trip_duration": 3.9452815, "total_trip_distance": 51304.234, "total_trip_duration": 543.3856, "total_freight_value": 1380412.0, "trip_transport_costs": 280513.0, "cst_per_tonne": 66.0, "cst_per_tonne_km": 0.15727517260919377, "co2_tn": 151.73341}], "LGA_51400": [{"industry": "grains", "sector": "cropping", "trips_count": 9, "trailer_loads": 58.45635000000001, "tonnes": 1344.492, "tonne_kms": 542646.7, "tonnes_per_trailer": 22.999931, "avg_trip_distance": 349.53088, "avg_trip_duration": 3.6445155, "total_trip_distance": 15728.89, "total_trip_duration": 164.0032, "total_freight_value": 403348.0, "trip_transport_costs": 85643.0, "cst_per_tonne": 64.0, "cst_per_tonne_km": 0.15782462823704235, "co2_tn": 46.443264}], "LGA_53290": [{"industry": "grains", "sector": "cropping", "trips_count": 53, "trailer_loads": 27021.807309999993, "tonnes": 674978.4, "tonne_kms": 177472660.0, "tonnes_per_trailer": 24.13209, "avg_trip_distance": 292.60422, "avg_trip_duration": 2.9610984, "total_trip_distance": 4737759.0, "total_trip_duration": 48533.152, "total_freight_value": 334828072.0, "trip_transport_costs": 26122201.0, "cst_per_tonne": 39.0, "cst_per_tonne_km": 0.14719000444435015, "co2_tn": 13966.96}], "LGA_53990": [{"industry": "grains", "sector": "cropping", "trips_count": 20, "trailer_loads": 169.51589999999993, "tonnes": 4004.063, "tonne_kms": 1351267.4, "tonnes_per_trailer": 23.199938, "avg_trip_distance": 307.909, "avg_trip_duration": 3.2572293, "total_trip_distance": 38261.863, "total_trip_duration": 404.62885, "total_freight_value": 1464237.0, "trip_transport_costs": 210320.0, "cst_per_tonne": 53.0, "cst_per_tonne_km": 0.15564652032052964, "co2_tn": 113.22541}, {"industry": "livestock", "sector": "livestock", "trips_count": 29, "trailer_loads": 183.27271, "tonnes": 2160.0, "tonne_kms": 765443.1, "tonnes_per_trailer": 11.241382, "avg_trip_distance": 353.38977, "avg_trip_duration": 3.709315, "total_trip_distance": 43659.82, "total_trip_duration": 458.4082, "total_freight_value": 14628000.0, "trip_transport_costs": 239141.0, "cst_per_tonne": 111.0, "cst_per_tonne_km": 0.3124211151894042, "co2_tn": 129.02972}], "LGA_54130": [{"industry": "grains", "sector": "cropping", "trips_count": 50, "trailer_loads": 1263.1423, "tonnes": 31261.393, "tonne_kms": 5542047.5, "tonnes_per_trailer": 24.519993, "avg_trip_distance": 160.1345, "avg_trip_duration": 1.6176006, "total_trip_distance": 147666.25, "total_trip_duration": 1494.5741, "total_freight_value": 12319449.0, "trip_transport_costs": 850975.0, "cst_per_tonne": 27.0, "cst_per_tonne_km": 0.15354893013014934, "co2_tn": 437.37537}], "LGA_54550": [{"industry": "livestock", "sector": "livestock", "trips_count": 11, "trailer_loads": 66.0, "tonnes": 660.0, "tonne_kms": 165279.84, "tonnes_per_trailer": 10.0, "avg_trip_distance": 250.424, "avg_trip_duration": 2.6084864, "total_trip_distance": 11018.656, "total_trip_duration": 114.7734, "total_freight_value": 4620000.0, "trip_transport_costs": 61412.0, "cst_per_tonne": 93.0, "cst_per_tonne_km": 0.3715666850185906, "co2_tn": 32.607224}], "LGA_54620": [{"industry": "grains", "sector": "cropping", "trips_count": 73, "trailer_loads": 1927.6605600000005, "tonnes": 48059.79, "tonne_kms": 4856342.5, "tonnes_per_trailer": 24.835619, "avg_trip_distance": 98.06962, "avg_trip_duration": 1.0113363, "total_trip_distance": 123838.14, "total_trip_duration": 1278.3114, "total_freight_value": 18487410.0, "trip_transport_costs": 786828.0, "cst_per_tonne": 16.0, "cst_per_tonne_km": 0.1620206314411981, "co2_tn": 374.80197}], "LGA_54760": [{"industry": "grains", "sector": "cropping", "trips_count": 87, "trailer_loads": 2150.7990000000004, "tonnes": 52818.56, "tonne_kms": 4061554.8, "tonnes_per_trailer": 24.172417, "avg_trip_distance": 74.94746, "avg_trip_duration": 0.7656148, "total_trip_distance": 102478.28, "total_trip_duration": 1048.1512, "total_freight_value": 20191502.0, "trip_transport_costs": 693993.0, "cst_per_tonne": 13.0, "cst_per_tonne_km": 0.17086882216568552, "co2_tn": 312.83456}], "LGA_54900": [{"industry": "grains", "sector": "cropping", "trips_count": 382, "trailer_loads": 9384.769359999995, "tonnes": 231342.27, "tonne_kms": 11453242.0, "tonnes_per_trailer": 24.350794, "avg_trip_distance": 46.46854, "avg_trip_duration": 0.47558534, "total_trip_distance": 304563.03, "total_trip_duration": 3125.765, "total_freight_value": 88645078.0, "trip_transport_costs": 2205079.0, "cst_per_tonne": 10.0, "cst_per_tonne_km": 0.1925288173021791, "co2_tn": 904.24084}], "LGA_57210": [{"industry": "grains", "sector": "cropping", "trips_count": 18, "trailer_loads": 116.91269999999997, "tonnes": 2688.9834, "tonne_kms": 931718.94, "tonnes_per_trailer": 22.999931, "avg_trip_distance": 298.7123, "avg_trip_duration": 3.0229034, "total_trip_distance": 26884.107, "total_trip_duration": 272.0613, "total_freight_value": 806697.0, "trip_transport_costs": 147773.0, "cst_per_tonne": 55.0, "cst_per_tonne_km": 0.15860239502802717, "co2_tn": 79.65743}, {"industry": "livestock", "sector": "livestock", "trips_count": 55, "trailer_loads": 330.0, "tonnes": 3300.0, "tonne_kms": 948136.94, "tonnes_per_trailer": 10.0, "avg_trip_distance": 286.34634, "avg_trip_duration": 2.9009912, "total_trip_distance": 62996.195, "total_trip_duration": 638.2181, "total_freight_value": 23100000.0, "trip_transport_costs": 346057.0, "cst_per_tonne": 105.0, "cst_per_tonne_km": 0.3649859466790827, "co2_tn": 185.70874}], "LGA_57420": [{"industry": "grains", "sector": "cropping", "trips_count": 85, "trailer_loads": 2039.9284500000008, "tonnes": 50245.215, "tonne_kms": 8503835.0, "tonnes_per_trailer": 24.317648, "avg_trip_distance": 147.64459, "avg_trip_duration": 1.4945124, "total_trip_distance": 228376.62, "total_trip_duration": 2312.5098, "total_freight_value": 19584098.0, "trip_transport_costs": 1315729.0, "cst_per_tonne": 26.0, "cst_per_tonne_km": 0.1547218285489907, "co2_tn": 675.501}], "LGA_57700": [{"industry": "livestock", "sector": "livestock", "trips_count": 16, "trailer_loads": 95.0, "tonnes": 1000.0, "tonne_kms": 369505.56, "tonnes_per_trailer": 10.625, "avg_trip_distance": 364.26724, "avg_trip_duration": 3.805048, "total_trip_distance": 23313.104, "total_trip_duration": 243.52307, "total_freight_value": 6515500.0, "trip_transport_costs": 127393.0, "cst_per_tonne": 127.0, "cst_per_tonne_km": 0.34476558988920836, "co2_tn": 68.955505}], "LGA_59360": [{"industry": "grains", "sector": "cropping", "trips_count": 27, "trailer_loads": 653.8136399999999, "tonnes": 16239.618, "tonne_kms": 3979979.8, "tonnes_per_trailer": 24.703697, "avg_trip_distance": 195.18813, "avg_trip_duration": 1.9744596, "total_trip_distance": 84522.0, "total_trip_duration": 855.2819, "total_freight_value": 6045981.0, "trip_transport_costs": 552321.0, "cst_per_tonne": 34.0, "cst_per_tonne_km": 0.13877478361875617, "co2_tn": 289.66626}]}}