{"orig_lga": "LGA_56230", "orig_name": "Murray (S)", "orig_state": "WA", "fetched_at": "2026-03-12T07:31:59.795449+00:00", "destinations": {"LGA_51330": [{"industry": "fruit", "sector": "horticulture", "trips_count": 17, "trailer_loads": 7.232367829999999, "tonnes": 139.04881, "tonne_kms": 13647.642, "tonnes_per_trailer": 16.176462, "avg_trip_distance": 14.166148, "avg_trip_duration": 0.15791333, "total_trip_distance": 473.4939, "total_trip_duration": 5.2741823, "total_freight_value": 578996.0, "trip_transport_costs": 2960.0, "cst_per_tonne": 21.0, "cst_per_tonne_km": 0.21687005044496632, "co2_tn": 1.402369}, {"industry": "waste", "sector": "waste", "trips_count": 40, "trailer_loads": 864.0000000000006, "tonnes": 8640.0, "tonne_kms": 707623.1, "tonnes_per_trailer": 10.0, "avg_trip_distance": 80.41172, "avg_trip_duration": 0.9033668, "total_trip_distance": 70762.31, "total_trip_duration": 794.96277, "total_freight_value": 864000.0, "trip_transport_costs": 355702.0, "cst_per_tonne": 41.0, "cst_per_tonne_km": 0.5026716281486349, "co2_tn": 156.2004}], "LGA_51820": [{"industry": "fruit", "sector": "horticulture", "trips_count": 51, "trailer_loads": 17.646683689999993, "tonnes": 331.75418, "tonne_kms": 28527.15, "tonnes_per_trailer": 17.156858, "avg_trip_distance": 15.33966, "avg_trip_duration": 0.17165728, "total_trip_distance": 1009.7797, "total_trip_duration": 11.283033, "total_freight_value": 1381198.0, "trip_transport_costs": 6468.0, "cst_per_tonne": 19.0, "cst_per_tonne_km": 0.2267228498988893, "co2_tn": 2.995295}], "LGA_53990": [{"industry": "livestock", "sector": "livestock", "trips_count": 46, "trailer_loads": 289.3938099999999, "tonnes": 5966.668, "tonne_kms": 354228.25, "tonnes_per_trailer": 20.521755, "avg_trip_distance": 51.18771, "avg_trip_duration": 0.545949, "total_trip_distance": 11652.282, "total_trip_duration": 124.7175, "total_freight_value": 35510000.0, "trip_transport_costs": 78429.0, "cst_per_tonne": 13.0, "cst_per_tonne_km": 0.2214068037111643, "co2_tn": 34.50689}], "LGA_56230": [{"industry": "livestock", "sector": "livestock", "trips_count": 7, "trailer_loads": 35.0, "tonnes": 700.0, "tonne_kms": 9442.3, "tonnes_per_trailer": 20.0, "avg_trip_distance": 12.359476, "avg_trip_duration": 0.13999246, "total_trip_distance": 393.04834, "total_trip_duration": 4.4658055, "total_freight_value": 1508500.0, "trip_transport_costs": 4028.0, "cst_per_tonne": 6.0, "cst_per_tonne_km": 0.4265637418986508, "co2_tn": 0.9989021}], "LGA_57700": [{"industry": "livestock", "sector": "livestock", "trips_count": 11, "trailer_loads": 248.0, "tonnes": 5920.0, "tonne_kms": 313996.44, "tonnes_per_trailer": 20.454546, "avg_trip_distance": 47.78923, "avg_trip_duration": 0.5297772, "total_trip_distance": 8757.189, "total_trip_duration": 98.09172, "total_freight_value": 10342000.0, "trip_transport_costs": 61452.0, "cst_per_tonne": 10.0, "cst_per_tonne_km": 0.19570914476749138, "co2_tn": 26.073425}], "LGA_58760": [{"industry": "wood_product", "sector": "wood_product", "trips_count": 10, "trailer_loads": 373.33338999999995, "tonnes": 7466.667, "tonne_kms": 1050079.8, "tonnes_per_trailer": 20.00001, "avg_trip_distance": 132.66768, "avg_trip_duration": 1.4753374, "total_trip_distance": 35002.66, "total_trip_duration": 387.80148, "total_freight_value": 35583340.0, "trip_transport_costs": 206903.0, "cst_per_tonne": 28.0, "cst_per_tonne_km": 0.1970351886331431, "co2_tn": 103.44806}]}}