{"orig_lga": "LGA_51120", "orig_name": "Bruce Rock (S)", "orig_state": "WA", "fetched_at": "2026-03-12T06:55:03.215738+00:00", "destinations": {"LGA_51330": [], "LGA_52520": [{"industry": "grains", "sector": "cropping", "trips_count": 12, "trailer_loads": 362.25348, "tonnes": 9056.322, "tonne_kms": 2381150.2, "tonnes_per_trailer": 24.999964, "avg_trip_distance": 251.87724, "avg_trip_duration": 2.6080325, "total_trip_distance": 60291.406, "total_trip_duration": 623.5982, "total_freight_value": 3675814.0, "trip_transport_costs": 341010.0, "cst_per_tonne": 38.0, "cst_per_tonne_km": 0.14321241748243574, "co2_tn": 181.51071}], "LGA_54900": [{"industry": "grains", "sector": "cropping", "trips_count": 12, "trailer_loads": 326.72686, "tonnes": 8168.167, "tonne_kms": 1469897.1, "tonnes_per_trailer": 24.999996, "avg_trip_distance": 176.21037, "avg_trip_duration": 1.8223594, "total_trip_distance": 39197.258, "total_trip_duration": 404.83505, "total_freight_value": 3248051.0, "trip_transport_costs": 224785.0, "cst_per_tonne": 28.0, "cst_per_tonne_km": 0.15292567549051264, "co2_tn": 115.97764}], "LGA_55460": [{"industry": "grains", "sector": "cropping", "trips_count": 37, "trailer_loads": 1244.4417, "tonnes": 31009.695, "tonne_kms": 1878769.0, "tonnes_per_trailer": 24.783754, "avg_trip_distance": 56.248745, "avg_trip_duration": 0.57952857, "total_trip_distance": 49536.848, "total_trip_duration": 510.99997, "total_freight_value": 12426627.0, "trip_transport_costs": 335101.0, "cst_per_tonne": 11.0, "cst_per_tonne_km": 0.17836205897464477, "co2_tn": 147.18944}], "LGA_56370": [{"industry": "grains", "sector": "cropping", "trips_count": 31, "trailer_loads": 828.9231800000001, "tonnes": 20723.06, "tonne_kms": 1284441.9, "tonnes_per_trailer": 24.99998, "avg_trip_distance": 53.861607, "avg_trip_duration": 0.55007225, "total_trip_distance": 30093.652, "total_trip_duration": 307.82855, "total_freight_value": 8042409.0, "trip_transport_costs": 218294.0, "cst_per_tonne": 11.0, "cst_per_tonne_km": 0.16995251446685622, "co2_tn": 93.8122}], "LGA_59360": [{"industry": "grains", "sector": "cropping", "trips_count": 10, "trailer_loads": 270.00164, "tonnes": 6648.7275, "tonne_kms": 763010.4, "tonnes_per_trailer": 24.199984, "avg_trip_distance": 118.307175, "avg_trip_duration": 1.1948748, "total_trip_distance": 17179.36, "total_trip_duration": 173.15085, "total_freight_value": 2640415.0, "trip_transport_costs": 114891.0, "cst_per_tonne": 17.0, "cst_per_tonne_km": 0.15057549325488365, "co2_tn": 54.789562}]}}