{"orig_lga": "LGA_59170", "orig_name": "Williams (S)", "orig_state": "WA", "fetched_at": "2026-03-12T07:54:12.381863+00:00", "destinations": {"LGA_50080": [{"industry": "grains", "sector": "cropping", "trips_count": 7, "trailer_loads": 250.139, "tonnes": 5980.3525, "tonne_kms": 1550436.8, "tonnes_per_trailer": 23.285738, "avg_trip_distance": 246.36656, "avg_trip_duration": 2.5927227, "total_trip_distance": 43180.684, "total_trip_duration": 457.21378, "total_freight_value": 2072027.0, "trip_transport_costs": 240909.0, "cst_per_tonne": 40.0, "cst_per_tonne_km": 0.15538138575610227, "co2_tn": 128.00024}, {"industry": "wood_product", "sector": "wood_product", "trips_count": 12, "trailer_loads": 373.70373500000005, "tonnes": 6750.001, "tonne_kms": 1907590.1, "tonnes_per_trailer": 20.916681, "avg_trip_distance": 216.02315, "avg_trip_duration": 2.2841072, "total_trip_distance": 70408.37, "total_trip_duration": 744.3705, "total_freight_value": 1850002.0, "trip_transport_costs": 390989.0, "cst_per_tonne": 58.0, "cst_per_tonne_km": 0.20496506846625234, "co2_tn": 208.78093}], "LGA_50280": [{"industry": "grains", "sector": "cropping", "trips_count": 7, "trailer_loads": 95.71440000000001, "tonnes": 2260.6501, "tonne_kms": 536443.6, "tonnes_per_trailer": 23.285793, "avg_trip_distance": 220.72307, "avg_trip_duration": 2.4027655, "total_trip_distance": 15145.471, "total_trip_duration": 165.3471, "total_freight_value": 826226.0, "trip_transport_costs": 85407.0, "cst_per_tonne": 38.0, "cst_per_tonne_km": 0.15920873646089093, "co2_tn": 44.88472}], "LGA_50770": [{"industry": "grains", "sector": "cropping", "trips_count": 6, "trailer_loads": 104.41760000000001, "tonnes": 2086.248, "tonne_kms": 285158.38, "tonnes_per_trailer": 21.3334, "avg_trip_distance": 129.54396, "avg_trip_duration": 1.3515483, "total_trip_distance": 9497.652, "total_trip_duration": 98.72267, "total_freight_value": 688991.0, "trip_transport_costs": 55576.0, "cst_per_tonne": 27.0, "cst_per_tonne_km": 0.19489602707618178, "co2_tn": 28.001863}], "LGA_51260": [{"industry": "grains", "sector": "cropping", "trips_count": 20, "trailer_loads": 219.74200000000002, "tonnes": 5074.8853, "tonne_kms": 1001793.0, "tonnes_per_trailer": 23.100086, "avg_trip_distance": 181.90211, "avg_trip_duration": 1.9899096, "total_trip_distance": 28933.473, "total_trip_duration": 316.5399, "total_freight_value": 1574464.0, "trip_transport_costs": 165507.0, "cst_per_tonne": 33.0, "cst_per_tonne_km": 0.16521093645889795, "co2_tn": 85.70792}], "LGA_51400": [{"industry": "grains", "sector": "cropping", "trips_count": 13, "trailer_loads": 154.2521, "tonnes": 3547.8093, "tonne_kms": 567889.7, "tonnes_per_trailer": 23.00008, "avg_trip_distance": 149.05597, "avg_trip_duration": 1.6209254, "total_trip_distance": 16460.57, "total_trip_duration": 178.93115, "total_freight_value": 1064342.0, "trip_transport_costs": 95936.0, "cst_per_tonne": 27.0, "cst_per_tonne_km": 0.1689342613786128, "co2_tn": 48.789165}], "LGA_52660": [{"industry": "grains", "sector": "cropping", "trips_count": 6, "trailer_loads": 66.108, "tonnes": 1520.49, "tonne_kms": 205704.55, "tonnes_per_trailer": 23.000092, "avg_trip_distance": 124.21773, "avg_trip_duration": 1.3655615, "total_trip_distance": 5962.4507, "total_trip_duration": 65.54695, "total_freight_value": 456146.0, "trip_transport_costs": 35462.0, "cst_per_tonne": 23.0, "cst_per_tonne_km": 0.17239215484723958, "co2_tn": 17.728146}, {"industry": "wood_product", "sector": "wood_product", "trips_count": 18, "trailer_loads": 51.865914, "tonnes": 1103.9849, "tonne_kms": 117667.16, "tonnes_per_trailer": 20.555538, "avg_trip_distance": 63.935593, "avg_trip_duration": 0.70111424, "total_trip_distance": 3698.856, "total_trip_duration": 40.490562, "total_freight_value": 1822643.0, "trip_transport_costs": 22538.0, "cst_per_tonne": 20.0, "cst_per_tonne_km": 0.19153693216647216, "co2_tn": 10.959872}], "LGA_53990": [{"industry": "grains", "sector": "cropping", "trips_count": 16, "trailer_loads": 181.2931, "tonnes": 4201.8022, "tonne_kms": 521970.16, "tonnes_per_trailer": 23.125084, "avg_trip_distance": 114.183, "avg_trip_duration": 1.2665899, "total_trip_distance": 15005.271, "total_trip_duration": 166.37714, "total_freight_value": 1340655.0, "trip_transport_costs": 90932.0, "cst_per_tonne": 22.0, "cst_per_tonne_km": 0.17420943353816623, "co2_tn": 44.830574}, {"industry": "livestock", "sector": "livestock", "trips_count": 19, "trailer_loads": 121.69697000000001, "tonnes": 1453.334, "tonne_kms": 189627.5, "tonnes_per_trailer": 11.894742, "avg_trip_distance": 113.34616, "avg_trip_duration": 1.2289221, "total_trip_distance": 9686.542, "total_trip_duration": 104.89637, "total_freight_value": 9818000.0, "trip_transport_costs": 60510.0, "cst_per_tonne": 42.0, "cst_per_tonne_km": 0.3190984576258059, "co2_tn": 30.508902}], "LGA_54130": [{"industry": "grains", "sector": "cropping", "trips_count": 11, "trailer_loads": 260.92650000000003, "tonnes": 5126.8647, "tonne_kms": 1673876.6, "tonnes_per_trailer": 20.454582, "avg_trip_distance": 312.47522, "avg_trip_duration": 3.2408428, "total_trip_distance": 56814.75, "total_trip_duration": 589.5414, "total_freight_value": 1787689.0, "trip_transport_costs": 310752.0, "cst_per_tonne": 61.0, "cst_per_tonne_km": 0.18564793989539852, "co2_tn": 167.761}], "LGA_54480": [{"industry": "grains", "sector": "cropping", "trips_count": 14, "trailer_loads": 394.65460000000013, "tonnes": 8034.014, "tonne_kms": 1629560.8, "tonnes_per_trailer": 20.428598, "avg_trip_distance": 185.49002, "avg_trip_duration": 1.9324472, "total_trip_distance": 52053.58, "total_trip_duration": 542.1154, "total_freight_value": 2771655.0, "trip_transport_costs": 295930.0, "cst_per_tonne": 37.0, "cst_per_tonne_km": 0.18160116064108456, "co2_tn": 154.20206}], "LGA_54550": [{"industry": "livestock", "sector": "livestock", "trips_count": 14, "trailer_loads": 84.0, "tonnes": 840.0, "tonne_kms": 102634.98, "tonnes_per_trailer": 10.0, "avg_trip_distance": 122.1845, "avg_trip_duration": 1.2693821, "total_trip_distance": 6842.332, "total_trip_duration": 71.085396, "total_freight_value": 6060000.0, "trip_transport_costs": 40516.0, "cst_per_tonne": 48.0, "cst_per_tonne_km": 0.3947582849550938, "co2_tn": 20.231724}], "LGA_55180": [{"industry": "grains", "sector": "cropping", "trips_count": 9, "trailer_loads": 99.162, "tonnes": 2280.735, "tonne_kms": 576071.56, "tonnes_per_trailer": 23.000092, "avg_trip_distance": 231.91289, "avg_trip_duration": 2.6248126, "total_trip_distance": 16697.727, "total_trip_duration": 188.98651, "total_freight_value": 684220.0, "trip_transport_costs": 94744.0, "cst_per_tonne": 42.0, "cst_per_tonne_km": 0.16446590328404295, "co2_tn": 49.647987}], "LGA_57210": [{"industry": "grains", "sector": "cropping", "trips_count": 7, "trailer_loads": 77.126, "tonnes": 1773.905, "tonne_kms": 406704.2, "tonnes_per_trailer": 23.000092, "avg_trip_distance": 210.50943, "avg_trip_duration": 2.1739256, "total_trip_distance": 11788.528, "total_trip_duration": 121.73983, "total_freight_value": 532171.0, "trip_transport_costs": 65913.0, "cst_per_tonne": 37.0, "cst_per_tonne_km": 0.16206740479528503, "co2_tn": 34.851635}, {"industry": "livestock", "sector": "livestock", "trips_count": 16, "trailer_loads": 96.0, "tonnes": 960.0, "tonne_kms": 227353.2, "tonnes_per_trailer": 10.0, "avg_trip_distance": 236.82625, "avg_trip_duration": 2.4551375, "total_trip_distance": 15156.88, "total_trip_duration": 157.1288, "total_freight_value": 6720000.0, "trip_transport_costs": 84232.0, "cst_per_tonne": 88.0, "cst_per_tonne_km": 0.3704902841668783, "co2_tn": 44.774796}], "LGA_57700": [{"industry": "livestock", "sector": "livestock", "trips_count": 21, "trailer_loads": 126.0, "tonnes": 1260.0, "tonne_kms": 182726.28, "tonnes_per_trailer": 10.0, "avg_trip_distance": 145.02086, "avg_trip_duration": 1.5295953, "total_trip_distance": 12181.752, "total_trip_duration": 128.48601, "total_freight_value": 8820000.0, "trip_transport_costs": 71111.0,