{"orig_lga": "LGA_53780", "orig_name": "Gosnells (C)", "orig_state": "WA", "fetched_at": "2026-03-12T07:11:17.397594+00:00", "destinations": {"LGA_50210": [], "LGA_51330": [{"industry": "fruit", "sector": "horticulture", "trips_count": 6, "trailer_loads": 0.35309946000000003, "tonnes": 5.3133903, "tonne_kms": 111.05601, "tonnes_per_trailer": 15.833326, "avg_trip_distance": 0.827978, "avg_trip_duration": 0.01278056, "total_trip_distance": 4.9678683, "total_trip_duration": 0.07668336, "total_freight_value": 24863.0, "trip_transport_costs": 52.0, "cst_per_tonne": 10.0, "cst_per_tonne_km": 0.4710731353687252, "co2_tn": 0.015517102}, {"industry": "waste", "sector": "waste", "trips_count": 102, "trailer_loads": 6082.56000000001, "tonnes": 60825.6, "tonne_kms": 638960.75, "tonnes_per_trailer": 10.0, "avg_trip_distance": 5.5893564, "avg_trip_duration": 0.095378146, "total_trip_distance": 63896.07, "total_trip_duration": 908.2978, "total_freight_value": 6082560.0, "trip_transport_costs": 673635.0, "cst_per_tonne": 11.0, "cst_per_tonne_km": 1.0542660604590026, "co2_tn": 147.44077}], "LGA_51820": [{"industry": "fruit", "sector": "horticulture", "trips_count": 21, "trailer_loads": 3.7479778999999995, "tonnes": 61.19403, "tonne_kms": 1955.206, "tonnes_per_trailer": 15.95239, "avg_trip_distance": 3.7921007, "avg_trip_duration": 0.05329177, "total_trip_distance": 79.63412, "total_trip_duration": 1.1191273, "total_freight_value": 325081.0, "trip_transport_costs": 698.0, "cst_per_tonne": 11.0, "cst_per_tonne_km": 0.35679083306548864, "co2_tn": 0.24472255}], "LGA_53430": [], "LGA_53780": [{"industry": "waste", "sector": "waste", "trips_count": 166, "trailer_loads": 3585.59999999999, "tonnes": 35856.0, "tonne_kms": 186272.14, "tonnes_per_trailer": 10.0, "avg_trip_distance": 5.100551, "avg_trip_duration": 0.086309806, "total_trip_distance": 18627.213, "total_trip_duration": 315.2034, "total_freight_value": 3585600.0, "trip_transport_costs": 315120.0, "cst_per_tonne": 9.0, "cst_per_tonne_km": 1.6917208338415226, "co2_tn": 44.722794}], "LGA_54170": [], "LGA_55320": [], "LGA_57490": [], "LGA_57910": [{"industry": "meat", "sector": "cold_food", "trips_count": 12, "trailer_loads": 535.507, "tonnes": 6961.593, "tonne_kms": 173315.83, "tonnes_per_trailer": 13.000005, "avg_trip_distance": 24.442715, "avg_trip_duration": 0.35603565, "total_trip_distance": 8887.991, "total_trip_duration": 129.85283, "total_freight_value": 41769580.0, "trip_transport_costs": 84035.0, "cst_per_tonne": 12.0, "cst_per_tonne_km": 0.48486859796372467, "co2_tn": 27.48937}], "LGA_57980": [], "LGA_58050": []}}