{"orig_lga": "LGA_52100", "orig_name": "Corrigin (S)", "orig_state": "WA", "fetched_at": "2026-03-12T07:03:44.742147+00:00", "destinations": {"LGA_50280": [{"industry": "grains", "sector": "cropping", "trips_count": 10, "trailer_loads": 103.16246, "tonnes": 2488.6514, "tonne_kms": 960636.25, "tonnes_per_trailer": 23.599995, "avg_trip_distance": 346.2595, "avg_trip_duration": 3.7656858, "total_trip_distance": 26556.162, "total_trip_duration": 289.03323, "total_freight_value": 1036385.0, "trip_transport_costs": 146340.0, "cst_per_tonne": 59.0, "cst_per_tonne_km": 0.152336636997745, "co2_tn": 78.80006}], "LGA_51260": [{"industry": "grains", "sector": "cropping", "trips_count": 29, "trailer_loads": 191.21784000000008, "tonnes": 4418.8125, "tonne_kms": 1535578.6, "tonnes_per_trailer": 23.068975, "avg_trip_distance": 297.1008, "avg_trip_duration": 3.2274585, "total_trip_distance": 43769.6, "total_trip_duration": 475.48016, "total_freight_value": 1377644.0, "trip_transport_costs": 243217.0, "cst_per_tonne": 55.0, "cst_per_tonne_km": 0.15838777155734618, "co2_tn": 131.09506}], "LGA_51400": [{"industry": "grains", "sector": "cropping", "trips_count": 12, "trailer_loads": 81.43557999999999, "tonnes": 1893.8192, "tonne_kms": 574342.6, "tonnes_per_trailer": 23.166676, "avg_trip_distance": 264.00598, "avg_trip_duration": 2.845231, "total_trip_distance": 16459.252, "total_trip_duration": 177.34636, "total_freight_value": 620146.0, "trip_transport_costs": 91297.0, "cst_per_tonne": 48.0, "cst_per_tonne_km": 0.15895919616306992, "co2_tn": 48.836525}], "LGA_52100": [{"industry": "grains", "sector": "cropping", "trips_count": 98, "trailer_loads": 1810.5203300000003, "tonnes": 44681.582, "tonne_kms": 1013696.75, "tonnes_per_trailer": 24.265314, "avg_trip_distance": 21.491573, "avg_trip_duration": 0.22605799, "total_trip_distance": 30218.379, "total_trip_duration": 320.01505, "total_freight_value": 17484770.0, "trip_transport_costs": 263244.0, "cst_per_tonne": 6.0, "cst_per_tonne_km": 0.2596868434253124, "co2_tn": 83.221016}], "LGA_53990": [{"industry": "grains", "sector": "cropping", "trips_count": 18, "trailer_loads": 148.04021, "tonnes": 3507.2727, "tonne_kms": 937503.94, "tonnes_per_trailer": 23.33334, "avg_trip_distance": 226.70576, "avg_trip_duration": 2.434349, "total_trip_distance": 24509.225, "total_trip_duration": 263.30988, "total_freight_value": 1308049.0, "trip_transport_costs": 143176.0, "cst_per_tonne": 41.0, "cst_per_tonne_km": 0.15272061846923576, "co2_tn": 77.32749}, {"industry": "livestock", "sector": "livestock", "trips_count": 10, "trailer_loads": 60.0, "tonnes": 600.0, "tonne_kms": 171566.34, "tonnes_per_trailer": 10.0, "avg_trip_distance": 281.7931, "avg_trip_duration": 3.0293884, "total_trip_distance": 11271.724, "total_trip_duration": 121.17553, "total_freight_value": 4200000.0, "trip_transport_costs": 63169.0, "cst_per_tonne": 105.0, "cst_per_tonne_km": 0.3681877863893031, "co2_tn": 33.817997}], "LGA_54550": [{"industry": "livestock", "sector": "livestock", "trips_count": 6, "trailer_loads": 36.0, "tonnes": 360.0, "tonne_kms": 80743.5, "tonnes_per_trailer": 10.0, "avg_trip_distance": 217.662, "avg_trip_duration": 2.2778666, "total_trip_distance": 5223.888, "total_trip_duration": 54.6688, "total_freight_value": 2520000.0, "trip_transport_costs": 29863.0, "cst_per_tonne": 83.0, "cst_per_tonne_km": 0.36984456251702924, "co2_tn": 15.851379}], "LGA_54760": [{"industry": "grains", "sector": "cropping", "trips_count": 28, "trailer_loads": 480.58342, "tonnes": 11756.177, "tonne_kms": 1284302.8, "tonnes_per_trailer": 23.857141, "avg_trip_distance": 94.694016, "avg_trip_duration": 0.9704389, "total_trip_distance": 33776.19, "total_trip_duration": 346.53333, "total_freight_value": 4479174.0, "trip_transport_costs": 207346.0, "cst_per_tonne": 18.0, "cst_per_tonne_km": 0.16144672015597933, "co2_tn": 101.00301}], "LGA_54900": [{"industry": "grains", "sector": "cropping", "trips_count": 28, "trailer_loads": 510.03616, "tonnes": 12492.507, "tonne_kms": 2160934.8, "tonnes_per_trailer": 23.85717, "avg_trip_distance": 161.43922, "avg_trip_duration": 1.6692731, "total_trip_distance": 58404.645, "total_trip_duration": 603.4376, "total_freight_value": 4851831.0, "trip_transport_costs": 336265.0, "cst_per_tonne": 27.0, "cst_per_tonne_km": 0.1556107065481515, "co2_tn": 173.25002}], "LGA_55180": [{"industry": "grains", "sector": "cropping", "trips_count": 8, "trailer_loads": 51.66224, "tonnes": 1188.232, "tonne_kms": 469511.47, "tonnes_per_trailer": 23.00001, "avg_trip_distance": 340.2257, "avg_trip_duration": 3.7135012, "total_trip_distance": 13609.027, "total_trip_duration": 148.54005, "total_freight_value": 356470.0, "trip_transport_costs": 75061.0, "cst_per_tonne": 63.0, "cst_per_tonne_km": 0.15987065794518998, "co2_tn": 40.39941}], "LGA_57210": [], "LGA_57700": []}}