{"orig_lga": "LGA_59330", "orig_name": "Wyalkatchem (S)", "orig_state": "WA", "fetched_at": "2026-03-12T07:56:18.450480+00:00", "destinations": {"LGA_55880": [{"industry": "grains", "sector": "cropping", "trips_count": 16, "trailer_loads": 470.49681999999996, "tonnes": 11687.523, "tonne_kms": 1180966.1, "tonnes_per_trailer": 24.499989, "avg_trip_distance": 87.10511, "avg_trip_duration": 0.90160865, "total_trip_distance": 25463.062, "total_trip_duration": 264.6219, "total_freight_value": 4706734.0, "trip_transport_costs": 173612.0, "cst_per_tonne": 15.0, "cst_per_tonne_km": 0.1470083865111261, "co2_tn": 82.07624}]}}