{"orig_lga": "LGA_58610", "orig_name": "Wagin (S)", "orig_state": "WA", "fetched_at": "2026-03-12T07:49:41.226080+00:00", "destinations": {"LGA_50080": [{"industry": "grains", "sector": "cropping", "trips_count": 6, "trailer_loads": 157.5737, "tonnes": 3708.8784, "tonne_kms": 853304.25, "tonnes_per_trailer": 22.999987, "avg_trip_distance": 212.35132, "avg_trip_duration": 2.2124126, "total_trip_distance": 24164.828, "total_trip_duration": 251.09581, "total_freight_value": 1432903.0, "trip_transport_costs": 134740.0, "cst_per_tonne": 36.0, "cst_per_tonne_km": 0.15790333279242133, "co2_tn": 71.38159}, {"industry": "wood_product", "sector": "wood_product", "trips_count": 14, "trailer_loads": 102.59260000000003, "tonnes": 1916.6665, "tonne_kms": 455525.6, "tonnes_per_trailer": 24.000029, "avg_trip_distance": 137.52678, "avg_trip_duration": 1.4812855, "total_trip_distance": 16251.888, "total_trip_duration": 175.35265, "total_freight_value": 783334.0, "trip_transport_costs": 91100.0, "cst_per_tonne": 48.0, "cst_per_tonne_km": 0.19998772336427617, "co2_tn": 48.217346}], "LGA_50280": [{"industry": "grains", "sector": "cropping", "trips_count": 10, "trailer_loads": 147.11770000000004, "tonnes": 3507.8474, "tonne_kms": 985377.44, "tonnes_per_trailer": 23.400032, "avg_trip_distance": 252.85445, "avg_trip_duration": 2.7832696, "total_trip_distance": 27551.082, "total_trip_duration": 302.70337, "total_freight_value": 1362695.0, "trip_transport_costs": 154111.0, "cst_per_tonne": 44.0, "cst_per_tonne_km": 0.1563977156453184, "co2_tn": 81.72484}], "LGA_51190": [{"industry": "wood_product", "sector": "wood_product", "trips_count": 17, "trailer_loads": 19.999986, "tonnes": 500.00006, "tonne_kms": 97034.92, "tonnes_per_trailer": 25.00003, "avg_trip_distance": 132.14915, "avg_trip_duration": 1.4381061, "total_trip_distance": 2587.598, "total_trip_duration": 28.163568, "total_freight_value": 700000.0, "trip_transport_costs": 14780.0, "cst_per_tonne": 30.0, "cst_per_tonne_km": 0.1523175174731713, "co2_tn": 7.6714325}], "LGA_51260": [{"industry": "grains", "sector": "cropping", "trips_count": 16, "trailer_loads": 170.09920000000005, "tonnes": 3912.2888, "tonne_kms": 981703.1, "tonnes_per_trailer": 23.000038, "avg_trip_distance": 222.30595, "avg_trip_duration": 2.395444, "total_trip_distance": 28455.162, "total_trip_duration": 306.61682, "total_freight_value": 1173686.0, "trip_transport_costs": 159285.0, "cst_per_tonne": 41.0, "cst_per_tonne_km": 0.16225347172484045, "co2_tn": 84.20257}], "LGA_51400": [{"industry": "grains", "sector": "cropping", "trips_count": 8, "trailer_loads": 85.0496, "tonnes": 1956.1443, "tonne_kms": 402522.38, "tonnes_per_trailer": 23.000038, "avg_trip_distance": 182.30179, "avg_trip_duration": 1.9315538, "total_trip_distance": 11667.314, "total_trip_duration": 123.619446, "total_freight_value": 586843.0, "trip_transport_costs": 66046.0, "cst_per_tonne": 34.0, "cst_per_tonne_km": 0.16408118709200636, "co2_tn": 34.488487}], "LGA_53990": [{"industry": "grains", "sector": "cropping", "trips_count": 15, "trailer_loads": 183.51430000000005, "tonnes": 4290.19, "tonne_kms": 833431.3, "tonnes_per_trailer": 23.266697, "avg_trip_distance": 174.61472, "avg_trip_duration": 1.8893615, "total_trip_distance": 23748.896, "total_trip_duration": 257.3354, "total_freight_value": 1460445.0, "trip_transport_costs": 135907.0, "cst_per_tonne": 32.0, "cst_per_tonne_km": 0.16306956869702294, "co2_tn": 70.49887}, {"industry": "livestock", "sector": "livestock", "trips_count": 12, "trailer_loads": 73.57576, "tonnes": 826.667, "tonne_kms": 149886.88, "tonnes_per_trailer": 11.000003, "avg_trip_distance": 179.04686, "avg_trip_duration": 1.9039778, "total_trip_distance": 8898.208, "total_trip_duration": 94.66066, "total_freight_value": 5650000.0, "trip_transport_costs": 50977.0, "cst_per_tonne": 62.0, "cst_per_tonne_km": 0.3401033142442842, "co2_tn": 26.301994}], "LGA_54550": [{"industry": "livestock", "sector": "livestock", "trips_count": 16, "trailer_loads": 96.0, "tonnes": 960.0, "tonne_kms": 79996.02, "tonnes_per_trailer": 10.0, "avg_trip_distance": 83.329185, "avg_trip_duration": 0.86655, "total_trip_distance": 5333.068, "total_trip_duration": 55.4592, "total_freight_value": 6900000.0, "trip_transport_costs": 33612.0, "cst_per_tonne": 35.0, "cst_per_tonne_km": 0.42017131881848435, "co2_tn": 15.798049}], "LGA_54900": [{"industry": "grains", "sector": "cropping", "trips_count": 24, "trailer_loads": 635.4899, "tonnes": 13444.099, "tonne_kms": 2358202.8, "tonnes_per_trailer": 20.666687, "avg_trip_distance": 171.04288, "avg_trip_duration": 1.7626642, "total_trip_distance": 73548.56, "total_trip_duration": 759.33636, "total_freight_value": 4954381.0, "trip_transport_costs": 422906.0, "cst_per_tonne": 31.0, "cst_per_tonne_km": 0.17933421354329054, "co2_tn": 217.78583}], "LGA_55180": [{"industry": "grains", "sector": "cropping", "trips_count": 9, "trailer_loads": 95.6808, "tonnes": 2200.6624, "tonne_kms": 555042.7, "tonnes_per_trailer": 23.000038, "avg_trip_distance": 223.44713, "avg_trip_duration": 2.4768965, "total_trip_distance": 16088.193, "total_trip_duration": 178.33655, "total_freight_value": 660199.0, "trip_transport_costs": 90736.0, "cst_per_tonne": 41.0, "cst_per_tonne_km": 0.16347559412800794, "co2_tn": 47.738125}], "LGA_57700": [{"industry": "livestock", "sector": "livestock", "trips_count": 16, "trailer_loads": 96.0, "tonnes": 960.0, "tonne_kms": 191031.42, "tonnes_per_trailer": 10.0, "avg_trip_distance": 198.99106, "avg_trip_duration": 2.0927553, "total_trip_distance": 12735.428, "total_trip_duration": 133.93634, "total_freight_value": 6720000.0, "trip_transport_costs": 72188.0, "cst_per_tonne": 75.0, "cst_per_tonne_km": 0.3778873788024565, "co2_tn": 37.671227}]}}