{"orig_lga": "LGA_57280", "orig_name": "Port Hedland (T)", "orig_state": "WA", "fetched_at": "2026-03-12T07:38:34.592423+00:00", "destinations": {"LGA_50250": [{"industry": "fuel", "sector": "fuel", "trips_count": 16, "trailer_loads": 8427.579999999998, "tonnes": 210605.7, "tonne_kms": 91326776.0, "tonnes_per_trailer": 23.125008, "avg_trip_distance": 470.5604, "avg_trip_duration": 4.8466306, "total_trip_distance": 1218244.8, "total_trip_duration": 12732.475, "total_freight_value": 378964296.0, "trip_transport_costs": 10610311.0, "cst_per_tonne": 50.0, "cst_per_tonne_km": 0.11617962939480042, "co2_tn": 6542.5254}], "LGA_50980": [{"industry": "fuel", "sector": "fuel", "trips_count": 11, "trailer_loads": 808.8399999999998, "tonnes": 20053.0, "tonne_kms": 12139065.0, "tonnes_per_trailer": 19.545454, "avg_trip_distance": 576.2729, "avg_trip_duration": 5.85356, "total_trip_distance": 163244.02, "total_trip_duration": 1664.2518, "total_freight_value": 35843400.0, "trip_transport_costs": 1380104.0, "cst_per_tonne": 69.0, "cst_per_tonne_km": 0.11369109183540392, "co2_tn": 872.2058}, {"industry": "livestock", "sector": "livestock", "trips_count": 6, "trailer_loads": 40.0, "tonnes": 800.0, "tonne_kms": 473033.4, "tonnes_per_trailer": 20.0, "avg_trip_distance": 455.03198, "avg_trip_duration": 4.584939, "total_trip_distance": 7884.69, "total_trip_duration": 79.566, "total_freight_value": 1724000.0, "trip_transport_costs": 66944.0, "cst_per_tonne": 84.0, "cst_per_tonne_km": 0.14152125590660913, "co2_tn": 42.130272}], "LGA_52800": [{"industry": "fuel", "sector": "fuel", "trips_count": 9, "trailer_loads": 301.91999999999996, "tonnes": 7436.0, "tonne_kms": 7382449.0, "tonnes_per_trailer": 20.555555, "avg_trip_distance": 813.7473, "avg_trip_duration": 8.243967, "total_trip_distance": 99715.21, "total_trip_duration": 1011.0598, "total_freight_value": 13216800.0, "trip_transport_costs": 825589.0, "cst_per_tonne": 111.0, "cst_per_tonne_km": 0.11183135179405955, "co2_tn": 534.76434}], "LGA_53220": [{"industry": "fuel", "sector": "fuel", "trips_count": 9, "trailer_loads": 4495.960000000001, "tonnes": 112315.0, "tonne_kms": 44196004.0, "tonnes_per_trailer": 21.666666, "avg_trip_distance": 294.93127, "avg_trip_duration": 3.068415, "total_trip_distance": 589693.8, "total_trip_duration": 6199.052, "total_freight_value": 202041000.0, "trip_transport_costs": 5318077.0, "cst_per_tonne": 47.0, "cst_per_tonne_km": 0.12032937386482861, "co2_tn": 3195.988}], "LGA_54310": [{"industry": "fuel", "sector": "fuel", "trips_count": 9, "trailer_loads": 829.3599999999999, "tonnes": 20622.0, "tonne_kms": 5070194.5, "tonnes_per_trailer": 20.555555, "avg_trip_distance": 186.60416, "avg_trip_duration": 1.9405465, "total_trip_distance": 68241.8, "total_trip_duration": 718.6842, "total_freight_value": 36951600.0, "trip_transport_costs": 592190.0, "cst_per_tonne": 29.0, "cst_per_tonne_km": 0.11679833955642628, "co2_tn": 363.6168}, {"industry": "waste", "sector": "waste", "trips_count": 18, "trailer_loads": 388.8000000000001, "tonnes": 3888.0, "tonne_kms": 797124.7, "tonnes_per_trailer": 10.0, "avg_trip_distance": 201.29411, "avg_trip_duration": 2.086681, "total_trip_distance": 79712.47, "total_trip_duration": 826.3256, "total_freight_value": 388800.0, "trip_transport_costs": 359868.0, "cst_per_tonne": 93.0, "cst_per_tonne_km": 0.45145784712946807, "co2_tn": 174.54933}]}}