{"orig_lga": "LGA_50910", "orig_name": "Brookton (S)", "orig_state": "WA", "fetched_at": "2026-03-12T06:54:48.981764+00:00", "destinations": {"LGA_50280": [{"industry": "grains", "sector": "cropping", "trips_count": 7, "trailer_loads": 80.28739999999999, "tonnes": 1948.1852, "tonne_kms": 671411.56, "tonnes_per_trailer": 23.571404, "avg_trip_distance": 344.03583, "avg_trip_duration": 3.730788, "total_trip_distance": 18460.32, "total_trip_duration": 201.19592, "total_freight_value": 838384.0, "trip_transport_costs": 101792.0, "cst_per_tonne": 52.0, "cst_per_tonne_km": 0.15160945389889863, "co2_tn": 54.728977}], "LGA_51260": [{"industry": "grains", "sector": "cropping", "trips_count": 13, "trailer_loads": 76.70415999999999, "tonnes": 1764.1913, "tonne_kms": 544902.8, "tonnes_per_trailer": 22.999939, "avg_trip_distance": 303.73624, "avg_trip_duration": 3.315294, "total_trip_distance": 15794.285, "total_trip_duration": 172.3953, "total_freight_value": 529259.0, "trip_transport_costs": 87684.0, "cst_per_tonne": 50.0, "cst_per_tonne_km": 0.16091586035411132, "co2_tn": 46.83251}], "LGA_51330": [{"industry": "grains", "sector": "cropping", "trips_count": 9, "trailer_loads": 333.86664, "tonnes": 8346.684, "tonne_kms": 1229033.4, "tonnes_per_trailer": 25.000013, "avg_trip_distance": 135.1835, "avg_trip_duration": 1.4964757, "total_trip_distance": 32774.223, "total_trip_duration": 360.8903, "total_freight_value": 4173337.0, "trip_transport_costs": 192813.0, "cst_per_tonne": 23.0, "cst_per_tonne_km": 0.15688212350023142, "co2_tn": 97.40095}], "LGA_51400": [{"industry": "grains", "sector": "cropping", "trips_count": 6, "trailer_loads": 35.40192, "tonnes": 814.24207, "tonne_kms": 223810.97, "tonnes_per_trailer": 22.999939, "avg_trip_distance": 270.3031, "avg_trip_duration": 2.9443667, "total_trip_distance": 6487.2744, "total_trip_duration": 70.664795, "total_freight_value": 244273.0, "trip_transport_costs": 36283.0, "cst_per_tonne": 45.0, "cst_per_tonne_km": 0.16211413403624236, "co2_tn": 19.25122}], "LGA_53990": [{"industry": "grains", "sector": "cropping", "trips_count": 17, "trailer_loads": 125.23919999999994, "tonnes": 2953.9644, "tonne_kms": 675835.3, "tonnes_per_trailer": 23.235239, "avg_trip_distance": 218.17581, "avg_trip_duration": 2.4072273, "total_trip_distance": 19053.582, "total_trip_duration": 209.91911, "total_freight_value": 1069863.0, "trip_transport_costs": 108124.0, "cst_per_tonne": 37.0, "cst_per_tonne_km": 0.1599851260454077, "co2_tn": 56.66467}, {"industry": "livestock", "sector": "livestock", "trips_count": 16, "trailer_loads": 108.0, "tonnes": 1080.0, "tonne_kms": 273993.47, "tonnes_per_trailer": 10.0, "avg_trip_distance": 251.51994, "avg_trip_duration": 2.7352011, "total_trip_distance": 18266.232, "total_trip_duration": 198.7044, "total_freight_value": 7560000.0, "trip_transport_costs": 102627.0, "cst_per_tonne": 95.0, "cst_per_tonne_km": 0.3745584068010973, "co2_tn": 54.251034}], "LGA_54550": [{"industry": "livestock", "sector": "livestock", "trips_count": 8, "trailer_loads": 48.0, "tonnes": 480.0, "tonne_kms": 97640.82, "tonnes_per_trailer": 10.0, "avg_trip_distance": 203.41838, "avg_trip_duration": 2.1475813, "total_trip_distance": 6509.388, "total_trip_duration": 68.7226, "total_freight_value": 3360000.0, "trip_transport_costs": 37022.0, "cst_per_tonne": 77.0, "cst_per_tonne_km": 0.37916285273073147, "co2_tn": 19.320625}], "LGA_57700": [{"industry": "livestock", "sector": "livestock", "trips_count": 23, "trailer_loads": 137.0, "tonnes": 1420.0, "tonne_kms": 176468.7, "tonnes_per_trailer": 10.434783, "avg_trip_distance": 124.49511, "avg_trip_duration": 1.3985397, "total_trip_distance": 11453.55, "total_trip_duration": 128.66565, "total_freight_value": 9455500.0, "trip_transport_costs": 69106.0, "cst_per_tonne": 49.0, "cst_per_tonne_km": 0.39160507056868354, "co2_tn": 34.186356}], "LGA_58050": [{"industry": "livestock", "sector": "livestock", "trips_count": 6, "trailer_loads": 36.0, "tonnes": 360.0, "tonne_kms": 43730.28, "tonnes_per_trailer": 10.0, "avg_trip_distance": 121.473, "avg_trip_duration": 1.3299639, "total_trip_distance": 2915.352, "total_trip_duration": 31.919134, "total_freight_value": 2520000.0, "trip_transport_costs": 17559.0, "cst_per_tonne": 49.0, "cst_per_tonne_km": 0.40153286834101665, "co2_tn": 8.656289}]}}