{"orig_lga": "LGA_55670", "orig_name": "Morawa (S)", "orig_state": "WA", "fetched_at": "2026-03-12T07:29:51.350350+00:00", "destinations": {"LGA_52520": [{"industry": "grains", "sector": "cropping", "trips_count": 18, "trailer_loads": 946.9843200000003, "tonnes": 23674.566, "tonne_kms": 3861012.5, "tonnes_per_trailer": 24.999968, "avg_trip_distance": 164.56523, "avg_trip_duration": 1.7172024, "total_trip_distance": 86192.73, "total_trip_duration": 898.1723, "total_freight_value": 9665967.0, "trip_transport_costs": 537718.0, "cst_per_tonne": 23.0, "cst_per_tonne_km": 0.1392686434308439, "co2_tn": 272.8545}], "LGA_53800": [{"industry": "grains", "sector": "cropping", "trips_count": 46, "trailer_loads": 7041.15912, "tonnes": 175852.5, "tonne_kms": 27553478.0, "tonnes_per_trailer": 24.652164, "avg_trip_distance": 83.359695, "avg_trip_duration": 0.8467146, "total_trip_distance": 734207.75, "total_trip_duration": 7768.09, "total_freight_value": 84656271.0, "trip_transport_costs": 4268708.0, "cst_per_tonne": 24.0, "cst_per_tonne_km": 0.15492447362483944, "co2_tn": 2177.841}], "LGA_57000": [{"industry": "grains", "sector": "cropping", "trips_count": 46, "trailer_loads": 1854.8691800000006, "tonnes": 46107.395, "tonne_kms": 3294359.5, "tonnes_per_trailer": 24.478245, "avg_trip_distance": 63.718018, "avg_trip_duration": 0.6686371, "total_trip_distance": 71962.875, "total_trip_duration": 753.29034, "total_freight_value": 18775073.0, "trip_transport_costs": 522121.0, "cst_per_tonne": 11.0, "cst_per_tonne_km": 0.15848937428658838, "co2_tn": 230.75752}]}}