{"orig_lga": "LGA_58260", "orig_name": "Three Springs (S)", "orig_state": "WA", "fetched_at": "2026-03-12T07:47:03.063863+00:00", "destinations": {"LGA_52520": [{"industry": "grains", "sector": "cropping", "trips_count": 14, "trailer_loads": 604.4078, "tonnes": 15110.178, "tonne_kms": 2858260.2, "tonnes_per_trailer": 24.999989, "avg_trip_distance": 180.7862, "avg_trip_duration": 1.8848845, "total_trip_distance": 66243.2, "total_trip_duration": 692.0239, "total_freight_value": 6146692.0, "trip_transport_costs": 400868.0, "cst_per_tonne": 27.0, "cst_per_tonne_km": 0.14024907065408057, "co2_tn": 206.89095}], "LGA_53800": [{"industry": "grains", "sector": "cropping", "trips_count": 23, "trailer_loads": 870.1000799999999, "tonnes": 21649.691, "tonne_kms": 2433715.2, "tonnes_per_trailer": 24.304335, "avg_trip_distance": 114.1182, "avg_trip_duration": 1.1810952, "total_trip_distance": 65149.47, "total_trip_duration": 672.71497, "total_freight_value": 8785095.0, "trip_transport_costs": 393700.0, "cst_per_tonne": 18.0, "cst_per_tonne_km": 0.16176898599511977, "co2_tn": 193.19417}], "LGA_57000": [{"industry": "grains", "sector": "cropping", "trips_count": 41, "trailer_loads": 1637.3784999999998, "tonnes": 40934.438, "tonne_kms": 4061120.2, "tonnes_per_trailer": 25.000008, "avg_trip_distance": 93.17629, "avg_trip_duration": 0.9673855, "total_trip_distance": 102459.96, "total_trip_duration": 1064.7582, "total_freight_value": 16661919.0, "trip_transport_costs": 646883.0, "cst_per_tonne": 16.0, "cst_per_tonne_km": 0.15928687330263505, "co2_tn": 310.30267}]}}