{"orig_lga": "LGA_58050", "orig_name": "Swan (C)", "orig_state": "WA", "fetched_at": "2026-03-12T07:45:20.294243+00:00", "destinations": {"LGA_31000": [{"industry": "fruit", "sector": "horticulture", "trips_count": 21, "trailer_loads": 7.63722083, "tonnes": 85.19045, "tonne_kms": 374583.88, "tonnes_per_trailer": 16.190474, "avg_trip_distance": 481.2603, "avg_trip_duration": 4.982087, "total_trip_distance": 19175.713, "total_trip_duration": 198.50238, "total_freight_value": 423641.0, "trip_transport_costs": 105898.0, "cst_per_tonne": 1243.0, "cst_per_tonne_km": 0.2827071121684057, "co2_tn": 59.452065}], "LGA_50210": [], "LGA_50420": [], "LGA_51260": [], "LGA_51330": [{"industry": "fruit", "sector": "horticulture", "trips_count": 45, "trailer_loads": 17.084016522, "tonnes": 238.23123, "tonne_kms": 13076.45, "tonnes_per_trailer": 18.11111, "avg_trip_distance": 8.801645, "avg_trip_duration": 0.101042315, "total_trip_distance": 646.91565, "total_trip_duration": 7.3810716, "total_freight_value": 945587.0, "trip_transport_costs": 4543.0, "cst_per_tonne": 19.0, "cst_per_tonne_km": 0.3474009127708788, "co2_tn": 1.916144}, {"industry": "waste", "sector": "waste", "trips_count": 205, "trailer_loads": 4427.999999999994, "tonnes": 44280.0, "tonne_kms": 929444.56, "tonnes_per_trailer": 10.0, "avg_trip_distance": 20.608526, "avg_trip_duration": 0.26921773, "total_trip_distance": 92944.45, "total_trip_duration": 1214.172, "total_freight_value": 4428000.0, "trip_transport_costs": 692297.0, "cst_per_tonne": 16.0, "cst_per_tonne_km": 0.7448500008876268, "co2_tn": 210.84088}], "LGA_51680": [{"industry": "grains", "sector": "cropping", "trips_count": 8, "trailer_loads": 158.58688, "tonnes": 3964.671, "tonne_kms": 165782.9, "tonnes_per_trailer": 24.999983, "avg_trip_distance": 38.08952, "avg_trip_duration": 0.41493493, "total_trip_distance": 4420.8774, "total_trip_duration": 48.082367, "total_freight_value": 1982335.0, "trip_transport_costs": 32950.0, "cst_per_tonne": 8.0, "cst_per_tonne_km": 0.1987552060919561, "co2_tn": 13.096425}, {"industry": "livestock", "sector": "livestock", "trips_count": 16, "trailer_loads": 137.54545000000002, "tonnes": 2580.0, "tonne_kms": 84998.6, "tonnes_per_trailer": 18.250002, "avg_trip_distance": 34.94874, "avg_trip_duration": 0.41350943, "total_trip_distance": 3229.2478, "total_trip_duration": 38.470047, "total_freight_value": 6834500.0, "trip_transport_costs": 25385.0, "cst_per_tonne": 10.0, "cst_per_tonne_km": 0.2986472682144772, "co2_tn": 9.321277}], "LGA_51820": [{"industry": "vegetables", "sector": "horticulture", "trips_count": 14, "trailer_loads": 14.853751999999998, "tonnes": 178.24509, "tonne_kms": 11598.6875, "tonnes_per_trailer": 11.999993, "avg_trip_distance": 23.450455, "avg_trip_duration": 0.27511692, "total_trip_distance": 644.3715, "total_trip_duration": 7.5268645, "total_freight_value": 1425962.0, "trip_transport_costs": 4404.0, "cst_per_tonne": 25.0, "cst_per_tonne_km": 0.37973262633170646, "co2_tn": 1.9166946}, {"industry": "fruit", "sector": "horticulture", "trips_count": 158, "trailer_loads": 132.73342903799997, "tonnes": 1540.1882, "tonne_kms": 97258.16, "tonnes_per_trailer": 17.120253, "avg_trip_distance": 13.141315, "avg_trip_duration": 0.15677376, "total_trip_distance": 5636.79, "total_trip_duration": 67.39908, "total_freight_value": 8130330.0, "trip_transport_costs": 38940.0, "cst_per_tonne": 25.0, "cst_per_tonne_km": 0.40038210540538843, "co2_tn": 16.819147}], "LGA_53430": [{"industry": "fruit", "sector": "horticulture", "trips_count": 38, "trailer_loads": 2.250960670000001, "tonnes": 45.019257, "tonne_kms": 2739.4995, "tonnes_per_trailer": 20.000002, "avg_trip_distance": 2.4030697, "avg_trip_duration": 0.034834895, "total_trip_distance": 91.31665, "total_trip_duration": 1.323726, "total_freight_value": 182489.0, "trip_transport_costs": 669.0, "cst_per_tonne": 15.0, "cst_per_tonne_km": 0.24436221315546247, "co2_tn": 0.28351986}], "LGA_53570": [{"industry": "grains", "sector": "cropping", "trips_count": 14, "trailer_loads": 362.8654000000001, "tonnes": 9071.627, "tonne_kms": 546000.3, "tonnes_per_trailer": 24.999954, "avg_trip_distance": 45.721455, "avg_trip_duration": 0.4775164, "total_trip_distance": 14560.01, "total_trip_duration": 150.97203, "total_freight_value": 4535813.0, "trip_transport_costs": 97722.0, "cst_per_tonne": 11.0, "cst_per_tonne_km": 0.17897821130232014, "co2_tn": 42.974693}, {"industry": "livestock", "sector": "livestock", "trips_count": 15, "trailer_loads": 83.63636, "tonnes": 1700.0, "tonne_kms": 130036.4, "tonnes_per_trailer": 20.266668, "avg_trip_distance": 62.92863, "avg_trip_duration": 0.71641463, "total_trip_distance": 4265.4478, "total_trip_duration": 48.791985, "total_freight_value": 4871000.0, "trip_transport_costs": 27715.0, "cst_per_tonne": 16.0, "cst_per_tonne_km": 0.21312970237179366, "co2_tn": 12.681228}], "LGA_53990": [{"industry": "livestock", "sector": "livestock", "trips_count": 12, "trailer_loads": 91.63635000000001, "tonnes": 1780.0, "tonne_kms": 318275.22, "tonnes_per_trailer": 18.666674, "avg_trip_distance": 158.33095, "avg_trip_duration": 1.670662, "total_trip_distance": 11023.273, "total_trip_duration": 116.17808, "total_freight_value": 10343000.0, "trip_transport_costs": 62809.0, "cst_per_tonne": 35.0, "cst_per_tonne_km": 0.197341269420962, "co2_tn": 32.435383}], "LGA_54170": [], "LGA_55320": [], "LGA_57080": [], "LGA_57490": [], "LGA_57700": [{"industry": "grains", "sector": "cropping", "trips_count": 13, "trailer_loads": 138.41264, "tonnes": 3460.3071, "tonne_kms": 265370.72, "tonnes_per_trailer": 24.999935, "avg_trip_distance": 68.97327, "avg_trip_duration": 0.8105567, "total_trip_distance": 7076.5527, "total_trip_duration": 83.40741, "total_freight_value": 1730153.0, "trip_transport_costs": 46112.0, "cst_per_tonne": 13.0, "cst_per_tonne_km": 0.1737635349054147, "co2_tn": 21.048569}], "LGA_57910": [{"industry": "meat", "sector": "cold_food", "trips_count": 6, "trailer_loads": 275.40360000000004, "tonnes": 3580.248, "tonne_kms": 93306.93, "tonnes_per_trailer": 13.000004, "avg_trip_distance": 25.673325, "avg_trip_duration": 0.35253024, "total_trip_distance": 4784.9707, "total_trip_duration": 65.68225, "total_freight_value": 21481490.0, "trip_transport_costs": 43909.0, "cst_per_tonne": 12.0, "cst_per_tonne_km": 0.47058737368531794, "co2_tn": 14.65018}], "LGA_58050": [], "LGA_58760": [{"industry": "grains", "sector": "cropping", "trips_count": 15, "trailer_loads": 161.48142000000004, "tonnes": 4037.0251, "tonne_kms": 136756.89, "tonnes_per_trailer": 24.999935, "avg_trip_distance": 30.771883, "avg_trip_duration": 0.3732944, "total_trip_distance": 3646.8506, "total_trip_duration": 44.322685, "total_freight_value": 2018511.0, "trip_transport_costs": 29691.0, "cst_per_tonne": 7.0, "cst_per_tonne_km": 0.21710512315935657, "co2_tn": 10.922539}, {"industry": "waste", "sector": "waste", "trips_count": 103, "trailer_loads": 2224.7999999999956, "tonnes": 22248.0, "tonne_kms": 734384.9, "tonnes_per_trailer": 10.0, "avg_trip_distance": 32.408863, "avg_trip_duration": 0.4406762, "total_trip_distance": 73438.484, "total_trip_duration": 998.5723, "total_freight_value": 2224800.0, "trip_transport_costs": 471611.0, "cst_per_tonne": 21.0, "cst_per_tonne_km": 0.6421855957037982, "co2_tn": 166.54028}]}}