{"orig_lga": "LGA_55950", "orig_name": "Mukinbudin (S)", "orig_state": "WA", "fetched_at": "2026-03-12T07:31:48.709652+00:00", "destinations": {"LGA_55460": [{"industry": "grains", "sector": "cropping", "trips_count": 23, "trailer_loads": 416.78859, "tonnes": 10202.408, "tonne_kms": 870569.7, "tonnes_per_trailer": 24.304338, "avg_trip_distance": 86.802666, "avg_trip_duration": 0.9024047, "total_trip_distance": 20876.117, "total_trip_duration": 215.73073, "total_freight_value": 4065117.0, "trip_transport_costs": 142894.0, "cst_per_tonne": 14.0, "cst_per_tonne_km": 0.16413881118456736, "co2_tn": 67.730576}], "LGA_55880": [{"industry": "grains", "sector": "cropping", "trips_count": 50, "trailer_loads": 870.3933599999998, "tonnes": 21325.225, "tonne_kms": 1306403.8, "tonnes_per_trailer": 24.36, "avg_trip_distance": 58.256676, "avg_trip_duration": 0.60817975, "total_trip_distance": 32017.625, "total_trip_duration": 336.03116, "total_freight_value": 8507601.0, "trip_transport_costs": 229645.0, "cst_per_tonne": 11.0, "cst_per_tonne_km": 0.17578381170318885, "co2_tn": 99.04431}], "LGA_59360": [{"industry": "grains", "sector": "cropping", "trips_count": 15, "trailer_loads": 250.32728, "tonnes": 6149.5244, "tonne_kms": 910266.06, "tonnes_per_trailer": 24.466637, "avg_trip_distance": 147.30547, "avg_trip_duration": 1.4910564, "total_trip_distance": 21546.383, "total_trip_duration": 218.47081, "total_freight_value": 2409955.0, "trip_transport_costs": 134167.0, "cst_per_tonne": 22.0, "cst_per_tonne_km": 0.1473928172987987, "co2_tn": 67.45713}]}}