{"orig_lga": "LGA_58680", "orig_name": "Wandering (S)", "orig_state": "WA", "fetched_at": "2026-03-12T07:50:01.639396+00:00", "destinations": {"LGA_50280": [{"industry": "grains", "sector": "cropping", "trips_count": 8, "trailer_loads": 77.03364000000002, "tonnes": 1850.6798, "tonne_kms": 519855.12, "tonnes_per_trailer": 23.49999, "avg_trip_distance": 244.30139, "avg_trip_duration": 2.6492982, "total_trip_distance": 14427.339, "total_trip_duration": 157.77708, "total_freight_value": 752470.0, "trip_transport_costs": 80724.0, "cst_per_tonne": 44.0, "cst_per_tonne_km": 0.1552810100818954, "co2_tn": 42.79241}], "LGA_51260": [{"industry": "grains", "sector": "cropping", "trips_count": 23, "trailer_loads": 144.05912000000004, "tonnes": 3313.3574, "tonne_kms": 814955.5, "tonnes_per_trailer": 22.99998, "avg_trip_distance": 205.4078, "avg_trip_duration": 2.2390068, "total_trip_distance": 23621.896, "total_trip_duration": 257.48578, "total_freight_value": 994009.0, "trip_transport_costs": 132966.0, "cst_per_tonne": 40.0, "cst_per_tonne_km": 0.16315738923014814, "co2_tn": 70.05171}], "LGA_51400": [{"industry": "grains", "sector": "cropping", "trips_count": 9, "trailer_loads": 56.37096000000001, "tonnes": 1296.531, "tonne_kms": 281226.94, "tonnes_per_trailer": 22.99998, "avg_trip_distance": 181.14456, "avg_trip_duration": 1.9656019, "total_trip_distance": 8151.5054, "total_trip_duration": 88.45209, "total_freight_value": 388960.0, "trip_transport_costs": 46293.0, "cst_per_tonne": 36.0, "cst_per_tonne_km": 0.16461191657993735, "co2_tn": 24.178818}], "LGA_53990": [{"industry": "grains", "sector": "cropping", "trips_count": 16, "trailer_loads": 100.21504000000003, "tonnes": 2304.9438, "tonne_kms": 355040.9, "tonnes_per_trailer": 22.99998, "avg_trip_distance": 128.638, "avg_trip_duration": 1.4137495, "total_trip_distance": 10291.04, "total_trip_duration": 113.09995, "total_freight_value": 691485.0, "trip_transport_costs": 60591.0, "cst_per_tonne": 26.0, "cst_per_tonne_km": 0.17065959482529697, "co2_tn": 30.614573}, {"industry": "livestock", "sector": "livestock", "trips_count": 11, "trailer_loads": 64.54545, "tonnes": 700.0, "tonne_kms": 130106.44, "tonnes_per_trailer": 11.090911, "avg_trip_distance": 185.0265, "avg_trip_duration": 1.9490557, "total_trip_distance": 8141.1665, "total_trip_duration": 85.758446, "total_freight_value": 4818000.0, "trip_transport_costs": 46384.0, "cst_per_tonne": 66.0, "cst_per_tonne_km": 0.3565045981132996, "co2_tn": 24.075949}], "LGA_54550": [{"industry": "livestock", "sector": "livestock", "trips_count": 7, "trailer_loads": 60.0, "tonnes": 600.0, "tonne_kms": 98035.02, "tonnes_per_trailer": 10.0, "avg_trip_distance": 159.02328, "avg_trip_duration": 1.653938, "total_trip_distance": 6535.668, "total_trip_duration": 67.9376, "total_freight_value": 4200000.0, "trip_transport_costs": 37893.0, "cst_per_tonne": 63.0, "cst_per_tonne_km": 0.3865296780296072, "co2_tn": 19.368032}], "LGA_57700": [{"industry": "livestock", "sector": "livestock", "trips_count": 13, "trailer_loads": 300.0, "tonnes": 3000.0, "tonne_kms": 357178.03, "tonnes_per_trailer": 10.0, "avg_trip_distance": 117.663, "avg_trip_duration": 1.2480154, "total_trip_distance": 23811.867, "total_trip_duration": 252.40633, "total_freight_value": 21000000.0, "trip_transport_costs": 142050.0, "cst_per_tonne": 47.0, "cst_per_tonne_km": 0.3977001602164082, "co2_tn": 70.37153}]}}