{"orig_lga": "LGA_54200", "orig_name": "Kalamunda (S)", "orig_state": "WA", "fetched_at": "2026-03-12T07:19:19.292584+00:00", "destinations": {"LGA_31000": [{"industry": "fruit", "sector": "horticulture", "trips_count": 19, "trailer_loads": 8.346823950000001, "tonnes": 125.20236, "tonne_kms": 548685.6, "tonnes_per_trailer": 14.999995, "avg_trip_distance": 635.2711, "avg_trip_duration": 6.5834804, "total_trip_distance": 20887.264, "total_trip_duration": 216.5231, "total_freight_value": 641248.0, "trip_transport_costs": 115382.0, "cst_per_tonne": 922.0, "cst_per_tonne_km": 0.21028799470635018, "co2_tn": 64.75925}], "LGA_50420": [], "LGA_51330": [{"industry": "fruit", "sector": "horticulture", "trips_count": 78, "trailer_loads": 30.863455352999992, "tonnes": 472.6373, "tonne_kms": 13049.496, "tonnes_per_trailer": 17.115383, "avg_trip_distance": 4.1076746, "avg_trip_duration": 0.056344185, "total_trip_distance": 568.53625, "total_trip_duration": 7.797435, "total_freight_value": 2450789.0, "trip_transport_costs": 5235.0, "cst_per_tonne": 11.0, "cst_per_tonne_km": 0.4011895051557344, "co2_tn": 1.7436393}, {"industry": "waste", "sector": "waste", "trips_count": 86, "trailer_loads": 1857.5999999999972, "tonnes": 18576.0, "tonne_kms": 186274.3, "tonnes_per_trailer": 10.0, "avg_trip_distance": 9.845365, "avg_trip_duration": 0.15172136, "total_trip_distance": 18627.43, "total_trip_duration": 287.0568, "total_freight_value": 1857600.0, "trip_transport_costs": 204539.0, "cst_per_tonne": 11.0, "cst_per_tonne_km": 1.0980519909630078, "co2_tn": 44.044937}], "LGA_51820": [{"industry": "fruit", "sector": "horticulture", "trips_count": 203, "trailer_loads": 103.62709692999998, "tonnes": 1576.7604, "tonne_kms": 58747.008, "tonnes_per_trailer": 16.28079, "avg_trip_distance": 7.8729186, "avg_trip_duration": 0.10495115, "total_trip_distance": 2569.9346, "total_trip_duration": 33.956886, "total_freight_value": 7921744.0, "trip_transport_costs": 21085.0, "cst_per_tonne": 13.0, "cst_per_tonne_km": 0.3589065115813107, "co2_tn": 7.827352}], "LGA_53430": [{"industry": "fruit", "sector": "horticulture", "trips_count": 20, "trailer_loads": 0.20377089999999995, "tonnes": 4.0754185, "tonne_kms": 179.29726, "tonnes_per_trailer": 20.0, "avg_trip_distance": 0.29882875, "avg_trip_duration": 0.0049173413, "total_trip_distance": 5.9765754, "total_trip_duration": 0.09834683, "total_freight_value": 11004.0, "trip_transport_costs": 49.0, "cst_per_tonne": 12.0, "cst_per_tonne_km": 0.27430888038358187, "co2_tn": 0.019049384}], "LGA_53780": [{"industry": "waste", "sector": "waste", "trips_count": 49, "trailer_loads": 1058.4000000000005, "tonnes": 10584.0, "tonne_kms": 104853.31, "tonnes_per_trailer": 10.0, "avg_trip_distance": 9.726652, "avg_trip_duration": 0.16662222, "total_trip_distance": 10485.331, "total_trip_duration": 179.61876, "total_freight_value": 1058400.0, "trip_transport_costs": 118048.0, "cst_per_tonne": 11.0, "cst_per_tonne_km": 1.1258431351902034, "co2_tn": 25.30952}], "LGA_54170": [], "LGA_54200": [], "LGA_55320": [], "LGA_57080": [], "LGA_57910": [], "LGA_58050": [], "LGA_58760": []}}