{"orig_lga": "LGA_54480", "orig_name": "Kent (S)", "orig_state": "WA", "fetched_at": "2026-03-12T07:19:58.558267+00:00", "destinations": {"LGA_50080": [{"industry": "grains", "sector": "cropping", "trips_count": 20, "trailer_loads": 27139.94927, "tonnes": 678332.4, "tonne_kms": 137117740.0, "tonnes_per_trailer": 24.299992, "avg_trip_distance": 195.2944, "avg_trip_duration": 2.0322895, "total_trip_distance": 3657335.8, "total_trip_duration": 38445.027, "total_freight_value": 338130035.0, "trip_transport_costs": 20665073.0, "cst_per_tonne": 30.0, "cst_per_tonne_km": 0.1507104196325217, "co2_tn": 10811.937}, {"industry": "wood_product", "sector": "wood_product", "trips_count": 8, "trailer_loads": 51.62963199999999, "tonnes": 966.6665, "tonne_kms": 179111.86, "tonnes_per_trailer": 24.125032, "avg_trip_distance": 106.72641, "avg_trip_duration": 1.1280428, "total_trip_distance": 6373.283, "total_trip_duration": 67.37856, "total_freight_value": 403334.0, "trip_transport_costs": 36441.0, "cst_per_tonne": 38.0, "cst_per_tonne_km": 0.20345550086667863, "co2_tn": 18.885172}], "LGA_51260": [{"industry": "grains", "sector": "cropping", "trips_count": 11, "trailer_loads": 83.16539, "tonnes": 1912.801, "tonne_kms": 674920.4, "tonnes_per_trailer": 22.999964, "avg_trip_distance": 293.97748, "avg_trip_duration": 3.0819354, "total_trip_distance": 19402.514, "total_trip_duration": 203.40775, "total_freight_value": 573841.0, "trip_transport_costs": 106750.0, "cst_per_tonne": 56.0, "cst_per_tonne_km": 0.15816753956670443, "co2_tn": 57.740543}], "LGA_53010": [{"industry": "grains", "sector": "cropping", "trips_count": 20, "trailer_loads": 552.68906, "tonnes": 13696.815, "tonne_kms": 1063205.9, "tonnes_per_trailer": 24.599981, "avg_trip_distance": 78.852264, "avg_trip_duration": 0.8090134, "total_trip_distance": 27632.947, "total_trip_duration": 282.60284, "total_freight_value": 5385598.0, "trip_transport_costs": 183573.0, "cst_per_tonne": 13.0, "cst_per_tonne_km": 0.17265959892402952, "co2_tn": 83.52611}], "LGA_53290": [{"industry": "grains", "sector": "cropping", "trips_count": 17, "trailer_loads": 448.61536000000007, "tonnes": 11215.369, "tonne_kms": 4192329.2, "tonnes_per_trailer": 24.999979, "avg_trip_distance": 360.51532, "avg_trip_duration": 3.6378026, "total_trip_distance": 111795.445, "total_trip_duration": 1127.5001, "total_freight_value": 4390450.0, "trip_transport_costs": 606972.0, "cst_per_tonne": 54.0, "cst_per_tonne_km": 0.14478154250595002, "co2_tn": 329.4525}], "LGA_53990": [{"industry": "grains", "sector": "cropping", "trips_count": 11, "trailer_loads": 111.50971000000001, "tonnes": 2651.6533, "tonne_kms": 825436.25, "tonnes_per_trailer": 23.363613, "avg_trip_distance": 277.25464, "avg_trip_duration": 2.950529, "total_trip_distance": 23201.672, "total_trip_duration": 246.63885, "total_freight_value": 1012824.0, "trip_transport_costs": 128658.0, "cst_per_tonne": 49.0, "cst_per_tonne_km": 0.15586647765991923, "co2_tn": 68.80145}, {"industry": "livestock", "sector": "livestock", "trips_count": 15, "trailer_loads": 90.0, "tonnes": 900.0, "tonne_kms": 280904.4, "tonnes_per_trailer": 10.0, "avg_trip_distance": 312.116, "avg_trip_duration": 3.2898545, "total_trip_distance": 18726.96, "total_trip_duration": 197.39127, "total_freight_value": 6300000.0, "trip_transport_costs": 103129.0, "cst_per_tonne": 115.0, "cst_per_tonne_km": 0.3671325514039974, "co2_tn": 55.351707}], "LGA_54480": [{"industry": "grains", "sector": "cropping", "trips_count": 176, "trailer_loads": 4857.753720000004, "tonnes": 119758.16, "tonne_kms": 3361847.2, "tonnes_per_trailer": 24.36363, "avg_trip_distance": 28.249947, "avg_trip_duration": 0.29021522, "total_trip_distance": 92360.9, "total_trip_duration": 952.8567, "total_freight_value": 46182427.0, "trip_transport_costs": 793423.0, "cst_per_tonne": 7.0, "cst_per_tonne_km": 0.2360081260114301, "co2_tn": 270.669}], "LGA_54550": [{"industry": "livestock", "sector": "livestock", "trips_count": 9, "trailer_loads": 54.0, "tonnes": 540.0, "tonne_kms": 85188.96, "tonnes_per_trailer": 10.0, "avg_trip_distance": 157.75734, "avg_trip_duration": 1.644724, "total_trip_distance": 5679.264, "total_trip_duration": 59.210068, "total_freight_value": 3960000.0, "trip_transport_costs": 32895.0, "cst_per_tonne": 61.0, "cst_per_tonne_km": 0.38613874308098356, "co2_tn": 16.814728}], "LGA_54760": [{"industry": "grains", "sector": "cropping", "trips_count": 40, "trailer_loads": 963.0221399999998, "tonnes": 23834.748, "tonne_kms": 3183753.2, "tonnes_per_trailer": 24.6, "avg_trip_distance": 128.6661, "avg_trip_duration": 1.3138739, "total_trip_distance": 80423.91, "total_trip_duration": 821.8397, "total_freight_value": 9057648.0, "trip_transport_costs": 493148.0, "cst_per_tonne": 21.0, "cst_per_tonne_km": 0.1548952302981061, "co2_tn": 244.3929}], "LGA_54900": [{"industry": "grains", "sector": "cropping", "trips_count": 125, "trailer_loads": 3238.708480000002, "tonnes": 79643.305, "tonne_kms": 9701167.0, "tonnes_per_trailer": 24.295996, "avg_trip_distance": 108.36202, "avg_trip_duration": 1.1012642, "total_trip_distance": 242312.73, "total_trip_duration": 2461.055, "total_freight_value": 30287182.0, "trip_transport_costs": 1524023.0, "cst_per_tonne": 19.0, "cst_per_tonne_km": 0.1570968658624476, "co2_tn": 750.8425}], "LGA_57210": [{"industry": "grains", "sector": "cropping", "trips_count": 7, "trailer_loads": 55.76294000000001, "tonnes": 1303.346, "tonne_kms": 261350.39, "tonnes_per_trailer": 23.285683, "avg_trip_distance": 173.34874, "avg_trip_duration": 1.7720479, "total_trip_distance": 7463.8555, "total_trip_duration": 76.27571, "total_freight_value": 443004.0, "trip_transport_costs": 42131.0, "cst_per_tonne": 32.0, "cst_per_tonne_km": 0.1612050057020553, "co2_tn": 22.017282}, {"industry": "livestock", "sector": "livestock", "trips_count": 23, "trailer_loads": 144.0, "tonnes": 1440.0, "tonne_kms": 282741.06, "tonnes_per_trailer": 10.0, "avg_trip_distance": 197.21643, "avg_trip_duration": 1.9979507, "total_trip_distance": 18849.404, "total_trip_duration": 190.928, "total_freight_value": 10080000.0, "trip_transport_costs": 106448.0, "cst_per_tonne": 74.0, "cst_per_tonne_km": 0.37648608584306487, "co2_tn": 55.543297}], "LGA_57700": [{"industry": "livestock", "sector": "livestock", "trips_count": 9, "trailer_loads": 54.0, "tonnes": 540.0, "tonne_kms": 165940.08, "tonnes_per_trailer": 10.0, "avg_trip_distance": 307.29645, "avg_trip_duration": 3.2202964, "total_trip_distance": 11062.672, "total_trip_duration": 115.930664, "total_freight_value": 3780000.0, "trip_transport_costs": 60942.0, "cst_per_tonne": 113.0, "cst_per_tonne_km": 0.3672530246705207, "co2_tn": 32.719048}]}}