{"orig_lga": "LGA_51680", "orig_name": "Chittering (S)", "orig_state": "WA", "fetched_at": "2026-03-12T07:01:04.699142+00:00", "destinations": {"LGA_50080": [{"industry": "livestock", "sector": "livestock", "trips_count": 6, "trailer_loads": 30.0, "tonnes": 600.0, "tonne_kms": 269172.9, "tonnes_per_trailer": 20.0, "avg_trip_distance": 373.85126, "avg_trip_duration": 3.9866505, "total_trip_distance": 8972.43, "total_trip_duration": 95.67961, "total_freight_value": 1293000.0, "trip_transport_costs": 48771.0, "cst_per_tonne": 81.0, "cst_per_tonne_km": 0.18118791782361546, "co2_tn": 26.535044}], "LGA_50250": [{"industry": "livestock", "sector": "livestock", "trips_count": 14, "trailer_loads": 90.0, "tonnes": 1800.0, "tonne_kms": 2427465.5, "tonnes_per_trailer": 20.0, "avg_trip_distance": 747.3946, "avg_trip_duration": 7.6648626, "total_trip_distance": 51900.01, "total_trip_duration": 532.2912, "total_freight_value": 3879000.0, "trip_transport_costs": 356113.0, "cst_per_tonne": 198.0, "cst_per_tonne_km": 0.14670139541504298, "co2_tn": 222.4249}], "LGA_50280": [], "LGA_51260": [{"industry": "grains", "sector": "cropping", "trips_count": 13, "trailer_loads": 68.58306000000002, "tonnes": 1577.407, "tonne_kms": 493589.8, "tonnes_per_trailer": 22.99995, "avg_trip_distance": 275.13367, "avg_trip_duration": 2.927911, "total_trip_distance": 14306.951, "total_trip_duration": 152.25137, "total_freight_value": 473223.0, "trip_transport_costs": 78722.0, "cst_per_tonne": 50.0, "cst_per_tonne_km": 0.15948807881436725, "co2_tn": 42.196095}], "LGA_51330": [{"industry": "fruit", "sector": "horticulture", "trips_count": 162, "trailer_loads": 23.99161638999999, "tonnes": 458.47372, "tonne_kms": 38963.08, "tonnes_per_trailer": 17.037037, "avg_trip_distance": 7.031965, "avg_trip_duration": 0.07729499, "total_trip_distance": 1360.1298, "total_trip_duration": 14.905982, "total_freight_value": 1470724.0, "trip_transport_costs": 8683.0, "cst_per_tonne": 19.0, "cst_per_tonne_km": 0.22286333778233808, "co2_tn": 4.0180926}], "LGA_51680": [{"industry": "livestock", "sector": "livestock", "trips_count": 22, "trailer_loads": 902.8177, "tonnes": 19560.0, "tonne_kms": 102047.26, "tonnes_per_trailer": 20.000004, "avg_trip_distance": 14.739385, "avg_trip_duration": 0.17277327, "total_trip_distance": 4468.0317, "total_trip_duration": 49.64005, "total_freight_value": 111672500.0, "trip_transport_costs": 76121.0, "cst_per_tonne": 4.0, "cst_per_tonne_km": 0.745939057159026, "co2_tn": 10.484563}], "LGA_51820": [{"industry": "meat", "sector": "cold_food", "trips_count": 6, "trailer_loads": 194.22578000000001, "tonnes": 3496.0627, "tonne_kms": 265773.8, "tonnes_per_trailer": 17.999983, "avg_trip_distance": 76.435974, "avg_trip_duration": 0.9014772, "total_trip_distance": 10551.097, "total_trip_duration": 122.685585, "total_freight_value": 117592760.0, "trip_transport_costs": 66637.0, "cst_per_tonne": 19.0, "cst_per_tonne_km": 0.2507286267240636, "co2_tn": 29.691776}, {"industry": "fruit", "sector": "horticulture", "trips_count": 322, "trailer_loads": 71.67757601, "tonnes": 1413.1339, "tonne_kms": 133226.69, "tonnes_per_trailer": 17.844717, "avg_trip_distance": 10.692675, "avg_trip_duration": 0.12279261, "total_trip_distance": 4507.893, "total_trip_duration": 51.767715, "total_freight_value": 4462283.0, "trip_transport_costs": 28566.0, "cst_per_tonne": 20.0, "cst_per_tonne_km": 0.21441755581502467, "co2_tn": 13.397786}], "LGA_52590": [], "LGA_53570": [{"industry": "grains", "sector": "cropping", "trips_count": 11, "trailer_loads": 769.3341999999998, "tonnes": 19233.352, "tonne_kms": 820739.1, "tonnes_per_trailer": 24.999971, "avg_trip_distance": 37.828983, "avg_trip_duration": 0.39788046, "total_trip_distance": 21886.377, "total_trip_duration": 232.23204, "total_freight_value": 9616678.0, "trip_transport_costs": 162407.0, "cst_per_tonne": 8.0, "cst_per_tonne_km": 0.19787856708650992, "co2_tn": 64.83736}, {"industry": "livestock", "sector": "livestock", "trips_count": 16, "trailer_loads": 115.60606, "tonnes": 2433.333, "tonne_kms": 72441.164, "tonnes_per_trailer": 20.625004, "avg_trip_distance": 28.181688, "avg_trip_duration": 0.3057598, "total_trip_distance": 2413.4353, "total_trip_duration": 26.575504, "total_freight_value": 10610500.0, "trip_transport_costs": 19628.0, "cst_per_tonne": 8.0, "cst_per_tonne_km": 0.2709524089538611, "co2_tn": 6.9482455}], "LGA_53780": [], "LGA_53800": [{"industry": "livestock", "sector": "livestock", "trips_count": 7, "trailer_loads": 36.0, "tonnes": 718.0, "tonne_kms": 259269.48, "tonnes_per_trailer": 19.714285, "avg_trip_distance": 296.58313, "avg_trip_duration": 3.0107703, "total_trip_distance": 8663.778, "total_trip_duration": 87.86733, "total_freight_value": 1574560.0, "trip_transport_costs": 46751.0, "cst_per_tonne": 65.0, "cst_per_tonne_km": 0.18031759207525808, "co2_tn": 25.490423}], "LGA_53990": [{"industry": "grains", "sector": "cropping", "trips_count": 6, "trailer_loads": 31.65372, "tonnes": 728.034, "tonne_kms": 171100.12, "tonnes_per_trailer": 22.99995, "avg_trip_distance": 206.64267, "avg_trip_duration": 2.1908748, "total_trip_distance": 4959.424, "total_trip_duration": 52.580994, "total_freight_value": 218411.0, "trip_transport_costs": 27716.0, "cst_per_tonne": 38.0, "cst_per_tonne_km": 0.16198418132000195, "co2_tn": 14.623048}, {"industry": "livestock", "sector": "livestock", "trips_count": 10, "trailer_loads": 155.39386, "tonnes": 3326.667, "tonne_kms": 677724.5, "tonnes_per_trailer": 20.400017, "avg_trip_distance": 181.48116, "avg_trip_duration": 1.9279206, "total_trip_distance": 21177.627, "total_trip_duration": 225.26335, "total_freight_value": 19803000.0, "trip_transport_costs": 119509.0, "cst_per_tonne": 36.0, "cst_per_tonne_km": 0.17633838599965304, "co2_tn": 62.35437}], "LGA_54170": [], "LGA_55180": [{"industry": "livestock", "sector": "livestock", "trips_count": 6, "trailer_loads": 30.0, "tonnes": 600.0, "tonne_kms": 223490.3, "tonnes_per_trailer": 20.0, "avg_trip_distance": 310.4032, "avg_trip_duration": 3.410132, "total_trip_distance": 7449.677, "total_trip_duration": 81.84316, "total_freight_value": 1293000.0, "trip_transport_costs": 41082.0, "cst_per_tonne": 68.0, "cst_per_tonne_km": 0.18382042802613285, "co2_tn": 22.057125}], "LGA_56230": [{"industry": "livestock", "sector": "livestock", "trips_count": 10, "trailer_loads": 55.0, "tonnes": 1100.0, "tonne_kms": 152570.2, "tonnes_per_trailer": 20.0, "avg_trip_distance": 118.62198, "avg_trip_duration": 1.3456099, "total_trip_distance": 5085.6733, "total_trip_duration": 57.86911, "total_freight_value": 2370500.0, "trip_transport_costs": 30254.0, "cst_per_tonne": 28.0, "cst_per_tonne_km": 0.19829456807178816, "co2_tn": 15.093266}], "LGA_57210": [{"industry": "grains", "sector": "cropping", "trips_count": 6, "trailer_loads": 31.65372, "tonnes": 728.034, "tonne_kms": 327054.22, "tonnes_per_trailer": 22.99995, "avg_trip_distance": 394.99304, "avg_trip_duration": 4.161305, "total_trip_distance": 9479.833, "total_trip_duration": 99.871315, "total_freight_value": 218411.0, "trip_transport_costs": 51431.0, "cst_per_tonne": 71.0, "cst_per_tonne_km": 0.15725387717632827, "co2_tn": 28.014074}], "LGA_57700": [], "LGA_58050": [], "LGA_58540": [{"industry": "grains", "sector": "cropping", "trips_count": 7, "trailer_loads": 258.4173, "tonnes": 5544.2437, "tonne_kms": 189966.02, "tonnes_per_trailer": 21.571402, "avg_trip_distance": 36.981495, "avg_trip_duration": 0.37934387, "total_trip_distance": 5892.2124, "total_trip_duration": 60.35638, "total_freight_value": 2009750.0, "trip_transport_costs": 46585.0, "cst_per_tonne": 8.0, "cst_per_tonne_km": 0.2452270297113176, "co2_tn": 17.386427}, {"industry": "livestock", "sector": "livestock", "trips_count": 6, "trailer_loads": 45.0, "tonnes": 900.0, "tonne_kms": 77277.8, "tonnes_per_trailer": 20.0, "avg_trip_distance": 73.76023, "avg_trip_duration": 0.79650354, "total_trip_distance": 2575.9268, "total_trip_duration": 27.728666,