{"orig_lga": "LGA_52450", "orig_name": "Cunderdin (S)", "orig_state": "WA", "fetched_at": "2026-03-12T07:04:56.115211+00:00", "destinations": {"LGA_51330": [{"industry": "grains", "sector": "cropping", "trips_count": 10, "trailer_loads": 314.0363, "tonnes": 7850.9033, "tonne_kms": 1210375.5, "tonnes_per_trailer": 24.999983, "avg_trip_distance": 149.54091, "avg_trip_duration": 1.6363512, "total_trip_distance": 32276.68, "total_trip_duration": 353.54706, "total_freight_value": 3925450.0, "trip_transport_costs": 188830.0, "cst_per_tonne": 24.0, "cst_per_tonne_km": 0.15600954001464834, "co2_tn": 95.715225}], "LGA_52450": [{"industry": "grains", "sector": "cropping", "trips_count": 66, "trailer_loads": 2672.4431999999997, "tonnes": 66150.305, "tonne_kms": 1368310.5, "tonnes_per_trailer": 24.39393, "avg_trip_distance": 18.532412, "avg_trip_duration": 0.20142457, "total_trip_distance": 39502.973, "total_trip_duration": 431.0691, "total_freight_value": 26126533.0, "trip_transport_costs": 367788.0, "cst_per_tonne": 6.0, "cst_per_tonne_km": 0.2687897716353774, "co2_tn": 111.423676}, {"industry": "livestock", "sector": "livestock", "trips_count": 12, "trailer_loads": 72.0, "tonnes": 720.0, "tonne_kms": 9439.32, "tonnes_per_trailer": 10.0, "avg_trip_distance": 13.110167, "avg_trip_duration": 0.150575, "total_trip_distance": 701.66797, "total_trip_duration": 8.227067, "total_freight_value": 5040000.0, "trip_transport_costs": 8035.0, "cst_per_tonne": 11.0, "cst_per_tonne_km": 0.8512498339517298, "co2_tn": 1.9487826}]}}