{"orig_lga": "LGA_58400", "orig_name": "Trayning (S)", "orig_state": "WA", "fetched_at": "2026-03-12T07:48:01.137411+00:00", "destinations": {"LGA_55880": [{"industry": "grains", "sector": "cropping", "trips_count": 43, "trailer_loads": 1088.1191100000003, "tonnes": 27147.154, "tonne_kms": 2063085.0, "tonnes_per_trailer": 24.813934, "avg_trip_distance": 77.8302, "avg_trip_duration": 0.80990285, "total_trip_distance": 44714.29, "total_trip_duration": 464.38705, "total_freight_value": 11006913.0, "trip_transport_costs": 320392.0, "cst_per_tonne": 12.0, "cst_per_tonne_km": 0.15529755222742125, "co2_tn": 143.67589}]}}