{"orig_lga": "LGA_55600", "orig_name": "Moora (S)", "orig_state": "WA", "fetched_at": "2026-03-12T07:29:43.804340+00:00", "destinations": {"LGA_50080": [{"industry": "wood_product", "sector": "wood_product", "trips_count": 11, "trailer_loads": 52.962969999999984, "tonnes": 999.99994, "tonne_kms": 552258.9, "tonnes_per_trailer": 24.36367, "avg_trip_distance": 289.0906, "avg_trip_duration": 3.0668595, "total_trip_distance": 19427.988, "total_trip_duration": 206.28766, "total_freight_value": 450000.0, "trip_transport_costs": 111180.0, "cst_per_tonne": 111.0, "cst_per_tonne_km": 0.20131929068633686, "co2_tn": 57.471966}], "LGA_50280": [{"industry": "grains", "sector": "cropping", "trips_count": 14, "trailer_loads": 75.79908, "tonnes": 1743.3778, "tonne_kms": 827025.2, "tonnes_per_trailer": 22.999989, "avg_trip_distance": 428.06683, "avg_trip_duration": 4.526982, "total_trip_distance": 23971.744, "total_trip_duration": 253.51099, "total_freight_value": 523013.0, "trip_transport_costs": 131857.0, "cst_per_tonne": 76.0, "cst_per_tonne_km": 0.15943517295668067, "co2_tn": 70.76471}], "LGA_51260": [{"industry": "grains", "sector": "cropping", "trips_count": 32, "trailer_loads": 173.25504, "tonnes": 3984.8652, "tonne_kms": 1697542.6, "tonnes_per_trailer": 22.999989, "avg_trip_distance": 384.4073, "avg_trip_duration": 4.05578, "total_trip_distance": 49204.133, "total_trip_duration": 519.13983, "total_freight_value": 1195459.0, "trip_transport_costs": 267478.0, "cst_per_tonne": 67.0, "cst_per_tonne_km": 0.15756760659581376, "co2_tn": 145.11766}], "LGA_51400": [], "LGA_51680": [{"industry": "grains", "sector": "cropping", "trips_count": 7, "trailer_loads": 150.13152, "tonnes": 3742.4543, "tonne_kms": 388534.9, "tonnes_per_trailer": 24.714256, "avg_trip_distance": 104.51516, "avg_trip_duration": 1.0772831, "total_trip_distance": 10397.633, "total_trip_duration": 106.37036, "total_freight_value": 1846323.0, "trip_transport_costs": 62577.0, "cst_per_tonne": 17.0, "cst_per_tonne_km": 0.16105775959077678, "co2_tn": 30.647871}, {"industry": "livestock", "sector": "livestock", "trips_count": 15, "trailer_loads": 105.0, "tonnes": 1200.0, "tonne_kms": 163180.3, "tonnes_per_trailer": 11.333333, "avg_trip_distance": 134.16122, "avg_trip_duration": 1.4051818, "total_trip_distance": 9520.424, "total_trip_duration": 99.587135, "total_freight_value": 6946500.0, "trip_transport_costs": 55717.0, "cst_per_tonne": 46.0, "cst_per_tonne_km": 0.34144466018655156, "co2_tn": 28.10427}], "LGA_52520": [{"industry": "grains", "sector": "cropping", "trips_count": 29, "trailer_loads": 1782.44814, "tonnes": 44222.44, "tonne_kms": 3933989.2, "tonnes_per_trailer": 24.586208, "avg_trip_distance": 85.27844, "avg_trip_duration": 0.87781143, "total_trip_distance": 99167.68, "total_trip_duration": 1022.5829, "total_freight_value": 17233852.0, "trip_transport_costs": 637934.0, "cst_per_tonne": 14.0, "cst_per_tonne_km": 0.1621594962329448, "co2_tn": 300.13666}], "LGA_52590": [{"industry": "livestock", "sector": "livestock", "trips_count": 8, "trailer_loads": 42.0, "tonnes": 720.0, "tonne_kms": 54528.48, "tonnes_per_trailer": 17.5, "avg_trip_distance": 65.77818, "avg_trip_duration": 0.688092, "total_trip_distance": 2104.9019, "total_trip_duration": 22.018944, "total_freight_value": 2133000.0, "trip_transport_costs": 13522.0, "cst_per_tonne": 19.0, "cst_per_tonne_km": 0.24798811863009385, "co2_tn": 6.2462225}], "LGA_52660": [{"industry": "grains", "sector": "cropping", "trips_count": 8, "trailer_loads": 43.31376, "tonnes": 996.21594, "tonne_kms": 381935.16, "tonnes_per_trailer": 22.999989, "avg_trip_distance": 345.95575, "avg_trip_duration": 3.6304584, "total_trip_distance": 11070.584, "total_trip_duration": 116.17467, "total_freight_value": 298865.0, "trip_transport_costs": 60312.0, "cst_per_tonne": 61.0, "cst_per_tonne_km": 0.15791226116180554, "co2_tn": 32.653362}, {"industry": "wood_product", "sector": "wood_product", "trips_count": 13, "trailer_loads": 16.966329, "tonnes": 339.327, "tonne_kms": 131135.55, "tonnes_per_trailer": 20.000013, "avg_trip_distance": 107.879395, "avg_trip_duration": 1.1395826, "total_trip_distance": 4371.185, "total_trip_duration": 46.175022, "total_freight_value": 508990.0, "trip_transport_costs": 23934.0, "cst_per_tonne": 71.0, "cst_per_tonne_km": 0.18251377887283404, "co2_tn": 12.909474}], "LGA_53570": [{"industry": "livestock", "sector": "livestock", "trips_count": 11, "trailer_loads": 69.0, "tonnes": 840.0, "tonne_kms": 87684.38, "tonnes_per_trailer": 11.818182, "avg_trip_distance": 106.04237, "avg_trip_duration": 1.1097277, "total_trip_distance": 4936.0386, "total_trip_duration": 51.69388, "total_freight_value": 4426500.0, "trip_transport_costs": 29799.0, "cst_per_tonne": 35.0, "cst_per_tonne_km": 0.339842800897858, "co2_tn": 14.62645}], "LGA_53800": [{"industry": "grains", "sector": "cropping", "trips_count": 8, "trailer_loads": 656.1585999999999, "tonnes": 16403.945, "tonne_kms": 4512023.0, "tonnes_per_trailer": 24.999977, "avg_trip_distance": 277.47028, "avg_trip_duration": 2.8907664, "total_trip_distance": 120320.62, "total_trip_duration": 1255.6228, "total_freight_value": 6637010.0, "trip_transport_costs": 666847.0, "cst_per_tonne": 41.0, "cst_per_tonne_km": 0.14779325946199742, "co2_tn": 355.99176}, {"industry": "livestock", "sector": "livestock", "trips_count": 7, "trailer_loads": 42.0, "tonnes": 720.0, "tonne_kms": 204995.38, "tonnes_per_trailer": 17.142857, "avg_trip_distance": 257.61163, "avg_trip_duration": 2.6541898, "total_trip_distance": 8012.9253, "total_trip_duration": 82.58222, "total_freight_value": 2133000.0, "trip_transport_costs": 44062.0, "cst_per_tonne": 61.0, "cst_per_tonne_km": 0.21494155613190663, "co2_tn": 23.649675}], "LGA_53990": [{"industry": "grains", "sector": "cropping", "trips_count": 34, "trailer_loads": 184.08348, "tonnes": 4233.919, "tonne_kms": 1461049.4, "tonnes_per_trailer": 22.999989, "avg_trip_distance": 311.3916, "avg_trip_duration": 3.2562237, "total_trip_distance": 42349.258, "total_trip_duration": 442.8464, "total_freight_value": 1270175.0, "trip_transport_costs": 231285.0, "cst_per_tonne": 55.0, "cst_per_tonne_km": 0.15830086901901416, "co2_tn": 124.856064}, {"industry": "livestock", "sector": "livestock", "trips_count": 11, "trailer_loads": 87.54545, "tonnes": 980.0, "tonne_kms": 328651.6, "tonnes_per_trailer": 12.000002, "avg_trip_distance": 325.72586, "avg_trip_duration": 3.4125159, "total_trip_distance": 19677.57, "total_trip_duration": 206.15337, "total_freight_value": 6293500.0, "trip_transport_costs": 107428.0, "cst_per_tonne": 110.0, "cst_per_tonne_km": 0.3268755409176188, "co2_tn": 58.02032}], "LGA_54550": [{"industry": "livestock", "sector": "livestock", "trips_count": 8, "trailer_loads": 48.0, "tonnes": 480.0, "tonne_kms": 214458.48, "tonnes_per_trailer": 10.0, "avg_trip_distance": 446.7885, "avg_trip_duration": 4.7091146, "total_trip_distance": 14297.232, "total_trip_duration": 150.69167, "total_freight_value": 3360000.0, "trip_transport_costs": 77576.0, "cst_per_tonne": 162.0, "cst_per_tonne_km": 0.3617283781177636, "co2_tn": 42.245354}], "LGA_55180": [], "LGA_55600": [{"industry": "grains", "sector": "cropping", "trips_count": 80, "trailer_loads": 7643.590120000003, "tonnes": 189493.33, "tonne_kms": 4446476.0, "tonnes_per_trailer": 24.475, "avg_trip_distance": 23.802082, "avg_trip_duration": 0.2562352, "total_trip_distance": 129631.25, "total_trip_duration": 1402.482, "total_freight_value": 75766588.0, "trip_transport_costs": 1134919.0, "cst_per_tonne": 6.0, "cst_per_tonne_km": 0.255240104734393, "co2_tn": 365.6019}], "LGA_55880": [{"industry": "grains", "sector": "cropping", "trips_count": 12, "trailer_loads": 637.0173, "tonnes": 15291.132, "tonne_kms": 3032142.8, "tonnes_per_trailer": 23.66664, "avg_trip_distance": 190.81703, "avg_trip_duration": 1.9522547, "total_trip_distance": 73835.17, "total_trip_duration": 757.671, "total_freight_value": 5612736.0, "trip_transport_costs": 442744.0,