{"orig_lga": "LGA_52660", "orig_name": "Dardanup (S)", "orig_state": "WA", "fetched_at": "2026-03-12T07:05:18.440851+00:00", "destinations": {"LGA_10750": [], "LGA_31000": [{"industry": "fruit", "sector": "horticulture", "trips_count": 10, "trailer_loads": 1.32393538, "tonnes": 26.478699, "tonne_kms": 120760.695, "tonnes_per_trailer": 19.999992, "avg_trip_distance": 346.14548, "avg_trip_duration": 3.5740075, "total_trip_distance": 3461.4548, "total_trip_duration": 35.740074, "total_freight_value": 122092.0, "trip_transport_costs": 19105.0, "cst_per_tonne": 722.0, "cst_per_tonne_km": 0.15820200485768315, "co2_tn": 10.753141}], "LGA_51190": [{"industry": "waste", "sector": "waste", "trips_count": 34, "trailer_loads": 734.4000000000004, "tonnes": 7344.0, "tonne_kms": 78551.21, "tonnes_per_trailer": 10.0, "avg_trip_distance": 10.501498, "avg_trip_duration": 0.16737257, "total_trip_distance": 7855.1206, "total_trip_duration": 125.19468, "total_freight_value": 734400.0, "trip_transport_costs": 83742.0, "cst_per_tonne": 11.0, "cst_per_tonne_km": 1.0660854893627807, "co2_tn": 18.755638}, {"industry": "wood_product", "sector": "wood_product", "trips_count": 69, "trailer_loads": 6143.736056000009, "tonnes": 112268.03, "tonne_kms": 1830701.5, "tonnes_per_trailer": 23.623207, "avg_trip_distance": 26.468369, "avg_trip_duration": 0.34330636, "total_trip_distance": 92379.15, "total_trip_duration": 1309.3495, "total_freight_value": 83370105.0, "trip_transport_costs": 821556.0, "cst_per_tonne": 7.0, "cst_per_tonne_km": 0.44876564014662157, "co2_tn": 222.14046}], "LGA_51260": [], "LGA_51330": [{"industry": "fruit", "sector": "horticulture", "trips_count": 13, "trailer_loads": 0.6909652899999998, "tonnes": 13.819322, "tonne_kms": 2364.374, "tonnes_per_trailer": 20.000011, "avg_trip_distance": 6.0624976, "avg_trip_duration": 0.06328672, "total_trip_distance": 78.81247, "total_trip_duration": 0.8227274, "total_freight_value": 66851.0, "trip_transport_costs": 456.0, "cst_per_tonne": 33.0, "cst_per_tonne_km": 0.19275034048168654, "co2_tn": 0.23206025}, {"industry": "wood_product", "sector": "wood_product", "trips_count": 7, "trailer_loads": 1046.7114, "tonnes": 24934.23, "tonne_kms": 4268158.5, "tonnes_per_trailer": 21.428577, "avg_trip_distance": 161.14098, "avg_trip_duration": 1.7035915, "total_trip_distance": 148694.5, "total_trip_duration": 1571.1395, "total_freight_value": 56671140.0, "trip_transport_costs": 723397.0, "cst_per_tonne": 29.0, "cst_per_tonne_km": 0.16948693123313968, "co2_tn": 353.75668}], "LGA_53990": [{"industry": "livestock", "sector": "livestock", "trips_count": 32, "trailer_loads": 426.3334500000002, "tonnes": 9853.334, "tonne_kms": 228100.27, "tonnes_per_trailer": 21.343754, "avg_trip_distance": 25.719292, "avg_trip_duration": 0.29508305, "total_trip_distance": 7434.449, "total_trip_duration": 85.813255, "total_freight_value": 35052500.0, "trip_transport_costs": 63914.0, "cst_per_tonne": 6.0, "cst_per_tonne_km": 0.2801991618016701, "co2_tn": 20.59594}], "LGA_57080": [{"industry": "wood_product", "sector": "wood_product", "trips_count": 12, "trailer_loads": 85.0, "tonnes": 1700.0, "tonne_kms": 292560.1, "tonnes_per_trailer": 20.0, "avg_trip_distance": 150.9012, "avg_trip_duration": 1.5832546, "total_trip_distance": 9752.004, "total_trip_duration": 102.33, "total_freight_value": 8500000.0, "trip_transport_costs": 55811.0, "cst_per_tonne": 33.0, "cst_per_tonne_km": 0.1907668318383947, "co2_tn": 28.730593}], "LGA_57910": [{"industry": "wood_product", "sector": "wood_product", "trips_count": 6, "trailer_loads": 251.7114, "tonnes": 5034.23, "tonne_kms": 891178.25, "tonnes_per_trailer": 20.000008, "avg_trip_distance": 164.06836, "avg_trip_duration": 1.741045, "total_trip_distance": 60410.918, "total_trip_duration": 640.40454, "total_freight_value": 25171140.0, "trip_transport_costs": 211119.0, "cst_per_tonne": 42.0, "cst_per_tonne_km": 0.23689891735761756, "co2_tn": 89.86494}]}}