{"orig_lga": "LGA_56300", "orig_name": "Nannup (S)", "orig_state": "WA", "fetched_at": "2026-03-12T07:33:07.396103+00:00", "destinations": {"LGA_53990": [{"industry": "livestock", "sector": "livestock", "trips_count": 18, "trailer_loads": 348.92733000000004, "tonnes": 8300.0, "tonne_kms": 1319790.6, "tonnes_per_trailer": 21.555553, "avg_trip_distance": 127.57996, "avg_trip_duration": 1.4223187, "total_trip_distance": 36605.633, "total_trip_duration": 405.22925, "total_freight_value": 21311500.0, "trip_transport_costs": 215134.0, "cst_per_tonne": 26.0, "cst_per_tonne_km": 0.16300651030259297, "co2_tn": 108.88024}], "LGA_55180": [{"industry": "wood_product", "sector": "wood_product", "trips_count": 9, "trailer_loads": 1325.074697, "tonnes": 27219.146, "tonne_kms": 1862139.9, "tonnes_per_trailer": 22.666681, "avg_trip_distance": 66.61526, "avg_trip_duration": 0.77946913, "total_trip_distance": 63607.26, "total_trip_duration": 733.2622, "total_freight_value": 121309820.0, "trip_transport_costs": 405943.0, "cst_per_tonne": 15.0, "cst_per_tonne_km": 0.21799813447156974, "co2_tn": 177.99908}], "LGA_57080": [{"industry": "wood_product", "sector": "wood_product", "trips_count": 8, "trailer_loads": 82.4767, "tonnes": 1649.5349, "tonne_kms": 431390.03, "tonnes_per_trailer": 20.000002, "avg_trip_distance": 223.43858, "avg_trip_duration": 2.4046378, "total_trip_distance": 30929.43, "total_trip_duration": 332.6424, "total_freight_value": 8247670.0, "trip_transport_costs": 98073.0, "cst_per_tonne": 59.0, "cst_per_tonne_km": 0.22734296272166987, "co2_tn": 40.089973}]}}