{"orig_lga": "LGA_52870", "orig_name": "Donnybrook-Balingup (S)", "orig_state": "WA", "fetched_at": "2026-03-12T07:05:55.119971+00:00", "destinations": {"LGA_31000": [{"industry": "fruit", "sector": "horticulture", "trips_count": 169, "trailer_loads": 34.94989228, "tonnes": 600.3708, "tonne_kms": 2697029.8, "tonnes_per_trailer": 16.437874, "avg_trip_distance": 399.4823, "avg_trip_duration": 4.1267376, "total_trip_distance": 90061.055, "total_trip_duration": 930.40283, "total_freight_value": 2809883.0, "trip_transport_costs": 495651.0, "cst_per_tonne": 826.0, "cst_per_tonne_km": 0.1837766354110941, "co2_tn": 278.66324}], "LGA_51190": [{"industry": "livestock", "sector": "livestock", "trips_count": 7, "trailer_loads": 49.69695, "tonnes": 733.333, "tonne_kms": 30329.88, "tonnes_per_trailer": 13.428575, "avg_trip_distance": 37.23018, "avg_trip_duration": 0.44170666, "total_trip_distance": 1289.6495, "total_trip_duration": 15.402188, "total_freight_value": 4778000.0, "trip_transport_costs": 10012.0, "cst_per_tonne": 14.0, "cst_per_tonne_km": 0.3301006340662015, "co2_tn": 3.8836682}, {"industry": "waste", "sector": "waste", "trips_count": 12, "trailer_loads": 259.2, "tonnes": 2592.0, "tonne_kms": 94330.01, "tonnes_per_trailer": 10.0, "avg_trip_distance": 35.731064, "avg_trip_duration": 0.4475441, "total_trip_distance": 9433.001, "total_trip_duration": 118.15164, "total_freight_value": 259200.0, "trip_transport_costs": 57958.0, "cst_per_tonne": 22.0, "cst_per_tonne_km": 0.6144211544021689, "co2_tn": 21.405037}, {"industry": "wood_product", "sector": "wood_product", "trips_count": 350, "trailer_loads": 3850.555438999996, "tonnes": 71666.65, "tonne_kms": 4791647.0, "tonnes_per_trailer": 23.680027, "avg_trip_distance": 46.812805, "avg_trip_duration": 0.55151147, "total_trip_distance": 171644.69, "total_trip_duration": 2010.2275, "total_freight_value": 27703344.0, "trip_transport_costs": 1156413.0, "cst_per_tonne": 16.0, "cst_per_tonne_km": 0.2413392689402274, "co2_tn": 515.41235}], "LGA_52870": [{"industry": "wood_product", "sector": "wood_product", "trips_count": 19, "trailer_loads": 138.48489999999998, "tonnes": 3166.673, "tonne_kms": 101345.875, "tonnes_per_trailer": 22.947405, "avg_trip_distance": 27.728125, "avg_trip_duration": 0.29977223, "total_trip_distance": 2988.513, "total_trip_duration": 32.337795, "total_freight_value": 2093331.0, "trip_transport_costs": 24357.0, "cst_per_tonne": 8.0, "cst_per_tonne_km": 0.24033704771897352, "co2_tn": 8.741435}], "LGA_53990": [{"industry": "livestock", "sector": "livestock", "trips_count": 38, "trailer_loads": 252.57571999999982, "tonnes": 4466.667, "tonne_kms": 354450.8, "tonnes_per_trailer": 17.210537, "avg_trip_distance": 68.72594, "avg_trip_duration": 0.7856626, "total_trip_distance": 13129.051, "total_trip_duration": 150.98941, "total_freight_value": 27939500.0, "trip_transport_costs": 85067.0, "cst_per_tonne": 19.0, "cst_per_tonne_km": 0.2399969499057124, "co2_tn": 39.12813}], "LGA_57700": [{"industry": "livestock", "sector": "livestock", "trips_count": 8, "trailer_loads": 46.0, "tonnes": 560.0, "tonne_kms": 99733.06, "tonnes_per_trailer": 12.5, "avg_trip_distance": 168.2043, "avg_trip_duration": 1.8478684, "total_trip_distance": 5382.5376, "total_trip_duration": 59.13179, "total_freight_value": 2951000.0, "trip_transport_costs": 31128.0, "cst_per_tonne": 56.0, "cst_per_tonne_km": 0.3121148434547783, "co2_tn": 15.976804}]}}