{"orig_lga": "LGA_53640", "orig_name": "Gnowangerup (S)", "orig_state": "WA", "fetched_at": "2026-03-12T07:10:38.159252+00:00", "destinations": {"LGA_50080": [{"industry": "grains", "sector": "cropping", "trips_count": 35, "trailer_loads": 24640.723220000003, "tonnes": 615989.7, "tonne_kms": 84011936.0, "tonnes_per_trailer": 24.885721, "avg_trip_distance": 122.891624, "avg_trip_duration": 1.2824829, "total_trip_distance": 2238672.0, "total_trip_duration": 24016.7, "total_freight_value": 304838609.0, "trip_transport_costs": 13184422.0, "cst_per_tonne": 21.0, "cst_per_tonne_km": 0.1569351003317506, "co2_tn": 6634.219}, {"industry": "wood_product", "sector": "wood_product", "trips_count": 51, "trailer_loads": 499.62963599999983, "tonnes": 9249.997, "tonne_kms": 1458031.4, "tonnes_per_trailer": 23.62748, "avg_trip_distance": 101.10863, "avg_trip_duration": 1.0805671, "total_trip_distance": 52568.83, "total_trip_duration": 561.4796, "total_freight_value": 3450003.0, "trip_transport_costs": 307135.0, "cst_per_tonne": 33.0, "cst_per_tonne_km": 0.21065042577128398, "co2_tn": 156.04936}], "LGA_51260": [{"industry": "grains", "sector": "cropping", "trips_count": 9, "trailer_loads": 69.72728, "tonnes": 1624.5281, "tonne_kms": 535552.4, "tonnes_per_trailer": 23.22223, "avg_trip_distance": 328.8232, "avg_trip_duration": 3.4489152, "total_trip_distance": 15353.809, "total_trip_duration": 160.9787, "total_freight_value": 539358.0, "trip_transport_costs": 84282.0, "cst_per_tonne": 52.0, "cst_per_tonne_km": 0.15737480245279464, "co2_tn": 45.339794}], "LGA_53640": [{"industry": "grains", "sector": "cropping", "trips_count": 139, "trailer_loads": 6031.3238999999985, "tonnes": 148977.08, "tonne_kms": 3866464.8, "tonnes_per_trailer": 24.42446, "avg_trip_distance": 25.366707, "avg_trip_duration": 0.26588175, "total_trip_distance": 109208.68, "total_trip_duration": 1153.7596, "total_freight_value": 58665741.0, "trip_transport_costs": 937472.0, "cst_per_tonne": 6.0, "cst_per_tonne_km": 0.24246236033409946, "co2_tn": 312.39316}], "LGA_54550": [{"industry": "grains", "sector": "cropping", "trips_count": 7, "trailer_loads": 287.6644, "tonnes": 7191.6055, "tonne_kms": 1140444.2, "tonnes_per_trailer": 25.000004, "avg_trip_distance": 161.97679, "avg_trip_duration": 1.6677293, "total_trip_distance": 30411.848, "total_trip_duration": 313.1158, "total_freight_value": 2807040.0, "trip_transport_costs": 176021.0, "cst_per_tonne": 24.0, "cst_per_tonne_km": 0.15434425365515456, "co2_tn": 89.91681}, {"industry": "livestock", "sector": "livestock", "trips_count": 35, "trailer_loads": 222.0, "tonnes": 2220.0, "tonne_kms": 289078.56, "tonnes_per_trailer": 10.0, "avg_trip_distance": 129.90526, "avg_trip_duration": 1.3526709, "total_trip_distance": 19118.053, "total_trip_duration": 199.05028, "total_freight_value": 15540000.0, "trip_transport_costs": 113223.0, "cst_per_tonne": 51.0, "cst_per_tonne_km": 0.3916684825567532, "co2_tn": 56.75277}], "LGA_54760": [{"industry": "grains", "sector": "cropping", "trips_count": 12, "trailer_loads": 484.4453000000001, "tonnes": 11749.933, "tonne_kms": 2189281.5, "tonnes_per_trailer": 23.66665, "avg_trip_distance": 188.29117, "avg_trip_duration": 1.9221159, "total_trip_distance": 54467.684, "total_trip_duration": 557.4888, "total_freight_value": 4575333.0, "trip_transport_costs": 325731.0, "cst_per_tonne": 28.0, "cst_per_tonne_km": 0.14878440944123678, "co2_tn": 167.64857}], "LGA_54900": [{"industry": "grains", "sector": "cropping", "trips_count": 48, "trailer_loads": 2312.8755000000006, "tonnes": 56738.31, "tonne_kms": 10694500.0, "tonnes_per_trailer": 23.999998, "avg_trip_distance": 172.95992, "avg_trip_duration": 1.7509398, "total_trip_distance": 275759.1, "total_trip_duration": 2793.2578, "total_freight_value": 21958442.0, "trip_transport_costs": 1604688.0, "cst_per_tonne": 28.0, "cst_per_tonne_km": 0.15004798629698676, "co2_tn": 829.9008}], "LGA_55180": [{"industry": "grains", "sector": "cropping", "trips_count": 6, "trailer_loads": 71.26364, "tonnes": 1722.2642, "tonne_kms": 473186.53, "tonnes_per_trailer": 23.666674, "avg_trip_distance": 268.68063, "avg_trip_duration": 2.8171394, "total_trip_distance": 13041.749, "total_trip_duration": 136.8767, "total_freight_value": 724679.0, "trip_transport_costs": 72220.0, "cst_per_tonne": 42.0, "cst_per_tonne_km": 0.15262530524431797, "co2_tn": 38.507263}], "LGA_57210": [{"industry": "grains", "sector": "cropping", "trips_count": 10, "trailer_loads": 77.14318999999999, "tonnes": 1795.0941, "tonne_kms": 260439.81, "tonnes_per_trailer": 23.200008, "avg_trip_distance": 145.33395, "avg_trip_duration": 1.489082, "total_trip_distance": 7483.1143, "total_trip_duration": 76.65504, "total_freight_value": 590528.0, "trip_transport_costs": 43546.0, "cst_per_tonne": 24.0, "cst_per_tonne_km": 0.1672028561976412, "co2_tn": 22.096428}, {"industry": "livestock", "sector": "livestock", "trips_count": 45, "trailer_loads": 276.0, "tonnes": 2760.0, "tonne_kms": 351718.38, "tonnes_per_trailer": 10.0, "avg_trip_distance": 126.861336, "avg_trip_duration": 1.2856282, "total_trip_distance": 23447.893, "total_trip_duration": 237.70866, "total_freight_value": 19320000.0, "trip_transport_costs": 137469.0, "cst_per_tonne": 50.0, "cst_per_tonne_km": 0.39084828086333817, "co2_tn": 69.01696}], "LGA_57700": [{"industry": "livestock", "sector": "livestock", "trips_count": 15, "trailer_loads": 89.0, "tonnes": 940.0, "tonne_kms": 319612.3, "tonnes_per_trailer": 10.666667, "avg_trip_distance": 337.49057, "avg_trip_duration": 3.5183644, "total_trip_distance": 20249.434, "total_trip_duration": 211.10187, "total_freight_value": 6095500.0, "trip_transport_costs": 110619.0, "cst_per_tonne": 118.0, "cst_per_tonne_km": 0.3461036678690022, "co2_tn": 59.8005}]}}