{"orig_lga": "LGA_59310", "orig_name": "Wongan-Ballidu (S)", "orig_state": "WA", "fetched_at": "2026-03-12T07:56:13.726001+00:00", "destinations": {"LGA_51260": [{"industry": "grains", "sector": "cropping", "trips_count": 9, "trailer_loads": 101.63610000000001, "tonnes": 2337.6333, "tonne_kms": 1043415.5, "tonnes_per_trailer": 23.000027, "avg_trip_distance": 420.05453, "avg_trip_duration": 4.4231586, "total_trip_distance": 30243.928, "total_trip_duration": 318.46744, "total_freight_value": 701290.0, "trip_transport_costs": 164022.0, "cst_per_tonne": 70.0, "cst_per_tonne_km": 0.1571976802086513, "co2_tn": 89.1819}], "LGA_52520": [{"industry": "grains", "sector": "cropping", "trips_count": 56, "trailer_loads": 2892.1802, "tonnes": 71041.21, "tonne_kms": 5853544.0, "tonnes_per_trailer": 24.250004, "avg_trip_distance": 76.18334, "avg_trip_duration": 0.7876364, "total_trip_distance": 157903.67, "total_trip_duration": 1634.7961, "total_freight_value": 28301383.0, "trip_transport_costs": 998771.0, "cst_per_tonne": 14.0, "cst_per_tonne_km": 0.17062679828040528, "co2_tn": 467.68994}], "LGA_53990": [{"industry": "livestock", "sector": "livestock", "trips_count": 13, "trailer_loads": 109.87876, "tonnes": 1553.334, "tonne_kms": 576081.5, "tonnes_per_trailer": 11.846159, "avg_trip_distance": 357.28998, "avg_trip_duration": 3.7313154, "total_trip_distance": 26795.057, "total_trip_duration": 279.94876, "total_freight_value": 10190000.0, "trip_transport_costs": 145894.0, "cst_per_tonne": 94.0, "cst_per_tonne_km": 0.2532526381561789, "co2_tn": 78.962776}], "LGA_57000": [{"industry": "grains", "sector": "cropping", "trips_count": 38, "trailer_loads": 2078.6221999999993, "tonnes": 51221.152, "tonne_kms": 7835280.5, "tonnes_per_trailer": 24.368431, "avg_trip_distance": 149.04541, "avg_trip_duration": 1.5504571, "total_trip_distance": 212207.44, "total_trip_duration": 2207.1697, "total_freight_value": 20525496.0, "trip_transport_costs": 1229697.0, "cst_per_tonne": 24.0, "cst_per_tonne_km": 0.15694362713735568, "co2_tn": 626.8197}], "LGA_57700": [{"industry": "livestock", "sector": "livestock", "trips_count": 11, "trailer_loads": 66.0, "tonnes": 660.0, "tonne_kms": 161312.28, "tonnes_per_trailer": 10.0, "avg_trip_distance": 244.41255, "avg_trip_duration": 2.638397, "total_trip_distance": 10754.152, "total_trip_duration": 116.08946, "total_freight_value": 4620000.0, "trip_transport_costs": 60315.0, "cst_per_tonne": 91.0, "cst_per_tonne_km": 0.373900500373596, "co2_tn": 31.816107}], "LGA_58540": [{"industry": "grains", "sector": "cropping", "trips_count": 34, "trailer_loads": 2037.4431999999997, "tonnes": 50191.66, "tonne_kms": 3558058.2, "tonnes_per_trailer": 24.294119, "avg_trip_distance": 72.933716, "avg_trip_duration": 0.7557982, "total_trip_distance": 96363.53, "total_trip_duration": 998.7983, "total_freight_value": 20320787.0, "trip_transport_costs": 623843.0, "cst_per_tonne": 12.0, "cst_per_tonne_km": 0.17533250553789154, "co2_tn": 284.72327}], "LGA_59310": [{"industry": "grains", "sector": "cropping", "trips_count": 79, "trailer_loads": 4931.487999999999, "tonnes": 121550.2, "tonne_kms": 2725141.5, "tonnes_per_trailer": 24.291136, "avg_trip_distance": 23.636284, "avg_trip_duration": 0.24648157, "total_trip_distance": 79840.58, "total_trip_duration": 836.1123, "total_freight_value": 48975819.0, "trip_transport_costs": 709664.0, "cst_per_tonne": 6.0, "cst_per_tonne_km": 0.2604134626329266, "co2_tn": 222.99376}]}}