{"orig_lga": "LGA_52520", "orig_name": "Dalwallinu (S)", "orig_state": "WA", "fetched_at": "2026-03-12T07:05:05.744291+00:00", "destinations": {"LGA_50280": [{"industry": "grains", "sector": "cropping", "trips_count": 13, "trailer_loads": 70.31908, "tonnes": 1617.343, "tonne_kms": 898646.44, "tonnes_per_trailer": 23.00006, "avg_trip_distance": 500.91772, "avg_trip_duration": 5.233424, "total_trip_distance": 26047.723, "total_trip_duration": 272.13806, "total_freight_value": 485202.0, "trip_transport_costs": 147154.0, "cst_per_tonne": 91.0, "cst_per_tonne_km": 0.1637506024251195, "co2_tn": 76.78892}], "LGA_51260": [{"industry": "grains", "sector": "cropping", "trips_count": 43, "trailer_loads": 232.59387999999973, "tonnes": 5349.673, "tonne_kms": 2759622.8, "tonnes_per_trailer": 23.00006, "avg_trip_distance": 463.87573, "avg_trip_duration": 4.851482, "total_trip_distance": 79786.625, "total_trip_duration": 834.45496, "total_freight_value": 1604898.0, "trip_transport_costs": 441549.0, "cst_per_tonne": 83.0, "cst_per_tonne_km": 0.1600032983448553, "co2_tn": 235.65965}], "LGA_51400": [{"industry": "grains", "sector": "cropping", "trips_count": 28, "trailer_loads": 151.45647999999994, "tonnes": 3483.5068, "tonne_kms": 1697474.0, "tonnes_per_trailer": 23.00006, "avg_trip_distance": 437.49738, "avg_trip_duration": 4.5879064, "total_trip_distance": 48999.707, "total_trip_duration": 513.8455, "total_freight_value": 1045050.0, "trip_transport_costs": 268678.0, "cst_per_tonne": 77.0, "cst_per_tonne_km": 0.15828098713238758, "co2_tn": 144.98167}], "LGA_51680": [{"industry": "grains", "sector": "cropping", "trips_count": 11, "trailer_loads": 75.1156, "tonnes": 1769.7101, "tonne_kms": 360327.84, "tonnes_per_trailer": 23.181871, "avg_trip_distance": 197.55878, "avg_trip_duration": 2.0258136, "total_trip_distance": 10258.593, "total_trip_duration": 104.96916, "total_freight_value": 636032.0, "trip_transport_costs": 57676.0, "cst_per_tonne": 33.0, "cst_per_tonne_km": 0.16006633588391855, "co2_tn": 30.231876}, {"industry": "livestock", "sector": "livestock", "trips_count": 6, "trailer_loads": 35.0, "tonnes": 400.0, "tonne_kms": 89863.08, "tonnes_per_trailer": 11.666667, "avg_trip_distance": 219.283, "avg_trip_duration": 2.2510111, "total_trip_distance": 5262.792, "total_trip_duration": 54.02427, "total_freight_value": 2315500.0, "trip_transport_costs": 29346.0, "cst_per_tonne": 73.0, "cst_per_tonne_km": 0.3265636456774429, "co2_tn": 15.494316}], "LGA_52520": [{"industry": "grains", "sector": "cropping", "trips_count": 116, "trailer_loads": 10055.70609999999, "tonnes": 250671.4, "tonne_kms": 7704044.5, "tonnes_per_trailer": 24.517242, "avg_trip_distance": 32.549957, "avg_trip_duration": 0.34033898, "total_trip_distance": 207258.42, "total_trip_duration": 2187.9482, "total_freight_value": 102031485.0, "trip_transport_costs": 1693935.0, "cst_per_tonne": 7.0, "cst_per_tonne_km": 0.21987600679519953, "co2_tn": 598.91766}], "LGA_52590": [{"industry": "grains", "sector": "cropping", "trips_count": 8, "trailer_loads": 114.44866, "tonnes": 2796.3064, "tonne_kms": 505129.0, "tonnes_per_trailer": 23.500044, "avg_trip_distance": 146.44351, "avg_trip_duration": 1.5047711, "total_trip_distance": 12967.529, "total_trip_duration": 133.89128, "total_freight_value": 1023534.0, "trip_transport_costs": 77105.0, "cst_per_tonne": 28.0, "cst_per_tonne_km": 0.15264395129681604, "co2_tn": 40.40454}], "LGA_53800": [{"industry": "grains", "sector": "cropping", "trips_count": 17, "trailer_loads": 7251.047740000001, "tonnes": 180948.05, "tonne_kms": 48720336.0, "tonnes_per_trailer": 23.58825, "avg_trip_distance": 198.67274, "avg_trip_duration": 2.0549295, "total_trip_distance": 1289868.2, "total_trip_duration": 13492.997, "total_freight_value": 88574579.0, "trip_transport_costs": 7173145.0, "cst_per_tonne": 40.0, "cst_per_tonne_km": 0.14723103188906, "co2_tn": 3824.6987}], "LGA_53990": [{"industry": "grains", "sector": "cropping", "trips_count": 48, "trailer_loads": 259.63967999999966, "tonnes": 5971.7285, "tonne_kms": 2580093.2, "tonnes_per_trailer": 23.00006, "avg_trip_distance": 387.5252, "avg_trip_duration": 4.029244, "total_trip_distance": 74404.84, "total_trip_duration": 773.61487, "total_freight_value": 1791514.0, "trip_transport_costs": 404714.0, "cst_per_tonne": 68.0, "cst_per_tonne_km": 0.15686016523458018, "co2_tn": 220.13383}, {"industry": "livestock", "sector": "livestock", "trips_count": 12, "trailer_loads": 71.18181, "tonnes": 980.0, "tonne_kms": 402549.03, "tonnes_per_trailer": 13.833337, "avg_trip_distance": 387.81992, "avg_trip_duration": 4.027828, "total_trip_distance": 19648.094, "total_trip_duration": 204.10971, "total_freight_value": 6047500.0, "trip_transport_costs": 106500.0, "cst_per_tonne": 109.0, "cst_per_tonne_km": 0.26456525307592577, "co2_tn": 57.868935}], "LGA_55180": [{"industry": "grains", "sector": "cropping", "trips_count": 8, "trailer_loads": 43.27328, "tonnes": 995.288, "tonne_kms": 643505.2, "tonnes_per_trailer": 23.00006, "avg_trip_distance": 576.5591, "avg_trip_duration": 6.176522, "total_trip_distance": 18449.89, "total_trip_duration": 197.6487, "total_freight_value": 298586.0, "trip_transport_costs": 104535.0, "cst_per_tonne": 105.0, "cst_per_tonne_km": 0.16244569202919207, "co2_tn": 55.01444}], "LGA_55600": [{"industry": "grains", "sector": "cropping", "trips_count": 44, "trailer_loads": 3526.31574, "tonnes": 87829.76, "tonne_kms": 7208557.5, "tonnes_per_trailer": 24.454554, "avg_trip_distance": 86.75568, "avg_trip_duration": 0.88649285, "total_trip_distance": 193262.78, "total_trip_duration": 1970.4114, "total_freight_value": 35413909.0, "trip_transport_costs": 1220179.0, "cst_per_tonne": 14.0, "cst_per_tonne_km": 0.16926809448245192, "co2_tn": 571.11993}], "LGA_55880": [{"industry": "grains", "sector": "cropping", "trips_count": 22, "trailer_loads": 1170.5442199999998, "tonnes": 29099.506, "tonne_kms": 4320681.0, "tonnes_per_trailer": 24.454546, "avg_trip_distance": 130.73482, "avg_trip_duration": 1.344273, "total_trip_distance": 88885.17, "total_trip_duration": 912.90076, "total_freight_value": 11591810.0, "trip_transport_costs": 581127.0, "cst_per_tonne": 20.0, "cst_per_tonne_km": 0.1344989152952773, "co2_tn": 291.18646}], "LGA_56230": [{"industry": "grains", "sector": "cropping", "trips_count": 13, "trailer_loads": 70.31908, "tonnes": 1617.343, "tonne_kms": 615523.8, "tonnes_per_trailer": 23.00006, "avg_trip_distance": 343.10135, "avg_trip_duration": 3.5925767, "total_trip_distance": 17841.27, "total_trip_duration": 186.814, "total_freight_value": 485202.0, "trip_transport_costs": 97121.0, "cst_per_tonne": 60.0, "cst_per_tonne_km": 0.1577854704938304, "co2_tn": 52.595783}], "LGA_57000": [{"industry": "grains", "sector": "cropping", "trips_count": 62, "trailer_loads": 5225.4266, "tonnes": 130350.74, "tonne_kms": 11341590.0, "tonnes_per_trailer": 24.741934, "avg_trip_distance": 84.62309, "avg_trip_duration": 0.88613576, "total_trip_distance": 273411.78, "total_trip_duration": 2862.8132, "total_freight_value": 53147265.0, "trip_transport_costs": 1800983.0, "cst_per_tonne": 14.0, "cst_per_tonne_km": 0.15879462086081308, "co2_tn": 840.4866}], "LGA_57210": [{"industry": "grains", "sector": "cropping", "trips_count": 9, "trailer_loads": 48.68244, "tonnes": 1119.699, "tonne_kms": 716374.9, "tonnes_per_trailer": 23.00006, "avg_trip_distance": 576.7913, "avg_trip_duration": 6.025583, "total_trip_distance": 20764.488, "total_trip_duration": 216.92097, "total_freight_value": 335909.0, "trip_transport_costs": 116946.0, "cst_per_tonne": 104.0, "cst_per_tonne_km": 0.1632473552494949, "co2_tn": 61.380196}], "LGA_58050": [{"industry": "grains", "sector": "cropping", "trips_count": 17, "trailer_loads": 131.811, "tonnes": 3133.0042, "tonne_kms": 787799.4, "tonnes_per_trailer": 23.235346, "avg_trip_distance": 230.00627, "avg_trip_duration": 2.4148533, "total_trip_distance": 22111.201, "total_trip_duration": 231.01164, "total_freight_value": 1193267.0,