{"orig_lga": "LGA_54760", "orig_name": "Kulin (S)", "orig_state": "WA", "fetched_at": "2026-03-12T07:21:12.571077+00:00", "destinations": {"LGA_50080": [{"industry": "grains", "sector": "cropping", "trips_count": 8, "trailer_loads": 1996.03325, "tonnes": 49850.82, "tonne_kms": 16131988.0, "tonnes_per_trailer": 24.0, "avg_trip_distance": 288.11942, "avg_trip_duration": 2.9514704, "total_trip_distance": 430458.9, "total_trip_duration": 4453.756, "total_freight_value": 24697912.0, "trip_transport_costs": 2370182.0, "cst_per_tonne": 48.0, "cst_per_tonne_km": 0.14692434448916222, "co2_tn": 1272.8867}, {"industry": "wood_product", "sector": "wood_product", "trips_count": 21, "trailer_loads": 116.83502800000002, "tonnes": 2250.0002, "tonne_kms": 658827.44, "tonnes_per_trailer": 24.190506, "avg_trip_distance": 172.43594, "avg_trip_duration": 1.819798, "total_trip_distance": 22810.262, "total_trip_duration": 241.93123, "total_freight_value": 1070000.0, "trip_transport_costs": 126748.0, "cst_per_tonne": 56.0, "cst_per_tonne_km": 0.1923836539681792, "co2_tn": 67.66335}], "LGA_50280": [{"industry": "grains", "sector": "cropping", "trips_count": 9, "trailer_loads": 82.11206, "tonnes": 1977.8639, "tonne_kms": 744260.7, "tonnes_per_trailer": 23.666643, "avg_trip_distance": 340.70078, "avg_trip_duration": 3.6837184, "total_trip_distance": 20673.256, "total_trip_duration": 223.80017, "total_freight_value": 816581.0, "trip_transport_costs": 113590.0, "cst_per_tonne": 57.0, "cst_per_tonne_km": 0.1526219003321333, "co2_tn": 61.267956}], "LGA_51260": [{"industry": "grains", "sector": "cropping", "trips_count": 9, "trailer_loads": 70.75688, "tonnes": 1669.0078, "tonne_kms": 605397.6, "tonnes_per_trailer": 23.222218, "avg_trip_distance": 319.08475, "avg_trip_duration": 3.4140081, "total_trip_distance": 16875.396, "total_trip_duration": 180.58182, "total_freight_value": 604702.0, "trip_transport_costs": 94202.0, "cst_per_tonne": 56.0, "cst_per_tonne_km": 0.1556040579915349, "co2_tn": 50.79248}], "LGA_52100": [{"industry": "grains", "sector": "cropping", "trips_count": 47, "trailer_loads": 1024.17684, "tonnes": 25331.305, "tonne_kms": 2520563.5, "tonnes_per_trailer": 24.489346, "avg_trip_distance": 95.90957, "avg_trip_duration": 0.98336416, "total_trip_distance": 66153.35, "total_trip_duration": 679.82825, "total_freight_value": 10161146.0, "trip_transport_costs": 410836.0, "cst_per_tonne": 16.0, "cst_per_tonne_km": 0.1629937930809544, "co2_tn": 199.02324}], "LGA_53990": [{"industry": "grains", "sector": "cropping", "trips_count": 8, "trailer_loads": 71.83216, "tonnes": 1720.8699, "tonne_kms": 465571.56, "tonnes_per_trailer": 23.500006, "avg_trip_distance": 236.4743, "avg_trip_duration": 2.5432146, "total_trip_distance": 12791.8955, "total_trip_duration": 137.48038, "total_freight_value": 688084.0, "trip_transport_costs": 71948.0, "cst_per_tonne": 42.0, "cst_per_tonne_km": 0.15453773029488618, "co2_tn": 38.42329}, {"industry": "livestock", "sector": "livestock", "trips_count": 13, "trailer_loads": 79.57576, "tonnes": 886.667, "tonne_kms": 262755.4, "tonnes_per_trailer": 10.9230795, "avg_trip_distance": 284.6042, "avg_trip_duration": 3.0370293, "total_trip_distance": 15348.564, "total_trip_duration": 163.81241, "total_freight_value": 6070000.0, "trip_transport_costs": 85722.0, "cst_per_tonne": 97.0, "cst_per_tonne_km": 0.32624243251179535, "co2_tn": 45.91284}], "LGA_54480": [{"industry": "grains", "sector": "cropping", "trips_count": 36, "trailer_loads": 880.2381900000001, "tonnes": 21914.904, "tonne_kms": 2787229.2, "tonnes_per_trailer": 24.77776, "avg_trip_distance": 118.027115, "avg_trip_duration": 1.2184978, "total_trip_distance": 70988.26, "total_trip_duration": 735.9132, "total_freight_value": 8585382.0, "trip_transport_costs": 433253.0, "cst_per_tonne": 20.0, "cst_per_tonne_km": 0.15544220695802785, "co2_tn": 214.48157}], "LGA_54550": [{"industry": "livestock", "sector": "livestock", "trips_count": 14, "trailer_loads": 84.0, "tonnes": 840.0, "tonne_kms": 181142.64, "tonnes_per_trailer": 10.0, "avg_trip_distance": 215.646, "avg_trip_duration": 2.2457106, "total_trip_distance": 12076.176, "total_trip_duration": 125.7598, "total_freight_value": 6060000.0, "trip_transport_costs": 68101.0, "cst_per_tonne": 81.0, "cst_per_tonne_km": 0.3759498635463299, "co2_tn": 35.74362}], "LGA_54620": [{"industry": "grains", "sector": "cropping", "trips_count": 38, "trailer_loads": 743.10927, "tonnes": 18031.537, "tonne_kms": 959196.9, "tonnes_per_trailer": 23.736834, "avg_trip_distance": 48.40226, "avg_trip_duration": 0.5065897, "total_trip_distance": 25445.842, "total_trip_duration": 266.1671, "total_freight_value": 7094479.0, "trip_transport_costs": 181839.0, "cst_per_tonne": 10.0, "cst_per_tonne_km": 0.18957404143440312, "co2_tn": 76.269806}], "LGA_54760": [{"industry": "grains", "sector": "cropping", "trips_count": 66, "trailer_loads": 1506.7862500000008, "tonnes": 36850.34, "tonne_kms": 1579722.1, "tonnes_per_trailer": 23.909077, "avg_trip_distance": 39.72808, "avg_trip_duration": 0.4057922, "total_trip_distance": 40610.14, "total_trip_duration": 416.1265, "total_freight_value": 14689640.0, "trip_transport_costs": 313245.0, "cst_per_tonne": 9.0, "cst_per_tonne_km": 0.19829127467594898, "co2_tn": 122.258736}], "LGA_54900": [{"industry": "grains", "sector": "cropping", "trips_count": 93, "trailer_loads": 2120.482910000002, "tonnes": 52829.957, "tonne_kms": 5101887.0, "tonnes_per_trailer": 24.827944, "avg_trip_distance": 81.75561, "avg_trip_duration": 0.8371971, "total_trip_distance": 122207.08, "total_trip_duration": 1252.7592, "total_freight_value": 20987788.0, "trip_transport_costs": 813765.0, "cst_per_tonne": 15.0, "cst_per_tonne_km": 0.15950266453935788, "co2_tn": 385.89365}], "LGA_57210": [{"industry": "grains", "sector": "cropping", "trips_count": 9, "trailer_loads": 60.35688000000001, "tonnes": 1409.0079, "tonne_kms": 407921.8, "tonnes_per_trailer": 23.222218, "avg_trip_distance": 246.42752, "avg_trip_duration": 2.5604968, "total_trip_distance": 11652.417, "total_trip_duration": 120.97659, "total_freight_value": 474702.0, "trip_transport_costs": 64154.0, "cst_per_tonne": 46.0, "cst_per_tonne_km": 0.15727032516494813, "co2_tn": 34.40496}, {"industry": "livestock", "sector": "livestock", "trips_count": 24, "trailer_loads": 144.0, "tonnes": 1440.0, "tonne_kms": 433999.88, "tonnes_per_trailer": 10.0, "avg_trip_distance": 301.3888, "avg_trip_duration": 3.1109812, "total_trip_distance": 28933.324, "total_trip_duration": 298.6542, "total_freight_value": 10080000.0, "trip_transport_costs": 158979.0, "cst_per_tonne": 110.0, "cst_per_tonne_km": 0.36631100565193137, "co2_tn": 85.38114}], "LGA_57700": [{"industry": "livestock", "sector": "livestock", "trips_count": 15, "trailer_loads": 90.0, "tonnes": 900.0, "tonne_kms": 254893.62, "tonnes_per_trailer": 10.0, "avg_trip_distance": 277.7338, "avg_trip_duration": 2.9375994, "total_trip_distance": 16664.027, "total_trip_duration": 176.25597, "total_freight_value": 6300000.0, "trip_transport_costs": 93419.0, "cst_per_tonne": 104.0, "cst_per_tonne_km": 0.366501674687578, "co2_tn": 50.126102}]}}