{"orig_lga": "LGA_59030", "orig_name": "Westonia (S)", "orig_state": "WA", "fetched_at": "2026-03-12T07:52:56.173609+00:00", "destinations": {"LGA_54620": [{"industry": "grains", "sector": "cropping", "trips_count": 16, "trailer_loads": 218.60805000000005, "tonnes": 5465.211, "tonne_kms": 1007911.7, "tonnes_per_trailer": 25.000027, "avg_trip_distance": 160.56554, "avg_trip_duration": 1.634478, "total_trip_distance": 20671.648, "total_trip_duration": 210.41492, "total_freight_value": 2243855.0, "trip_transport_costs": 138803.0, "cst_per_tonne": 25.0, "cst_per_tonne_km": 0.1377139065396711, "co2_tn": 71.73325}], "LGA_55460": [{"industry": "grains", "sector": "cropping", "trips_count": 44, "trailer_loads": 421.94944, "tonnes": 10473.857, "tonne_kms": 551413.25, "tonnes_per_trailer": 24.454533, "avg_trip_distance": 50.95132, "avg_trip_duration": 0.52544266, "total_trip_distance": 13221.069, "total_trip_duration": 135.78401, "total_freight_value": 4158453.0, "trip_transport_costs": 99645.0, "cst_per_tonne": 10.0, "cst_per_tonne_km": 0.18070777303756885, "co2_tn": 41.79275}], "LGA_55880": [{"industry": "grains", "sector": "cropping", "trips_count": 24, "trailer_loads": 194.93776999999997, "tonnes": 4798.5703, "tonne_kms": 610788.2, "tonnes_per_trailer": 24.000002, "avg_trip_distance": 103.18084, "avg_trip_duration": 1.0671748, "total_trip_distance": 13958.213, "total_trip_duration": 143.89188, "total_freight_value": 1929428.0, "trip_transport_costs": 89534.0, "cst_per_tonne": 19.0, "cst_per_tonne_km": 0.14658721902883734, "co2_tn": 44.046124}], "LGA_59360": [{"industry": "grains", "sector": "cropping", "trips_count": 42, "trailer_loads": 461.26104, "tonnes": 11431.703, "tonne_kms": 943607.3, "tonnes_per_trailer": 24.238108, "avg_trip_distance": 72.74276, "avg_trip_duration": 0.73532254, "total_trip_distance": 22890.398, "total_trip_duration": 231.36537, "total_freight_value": 4601697.0, "trip_transport_costs": 153146.0, "cst_per_tonne": 13.0, "cst_per_tonne_km": 0.16229875968426638, "co2_tn": 70.37549}]}}