{"orig_lga": "LGA_53990", "orig_name": "Harvey (S)", "orig_state": "WA", "fetched_at": "2026-03-12T07:16:15.395396+00:00", "destinations": {"LGA_31000": [{"industry": "dairy_product", "sector": "cold_food", "trips_count": 6, "trailer_loads": 15.807951, "tonnes": 308.448, "tonne_kms": 1396050.9, "tonnes_per_trailer": 19.50001, "avg_trip_distance": 2076.4165, "avg_trip_duration": 21.50757, "total_trip_distance": 41061.56, "total_trip_duration": 425.25015, "total_freight_value": 5690881.0, "trip_transport_costs": 226169.0, "cst_per_tonne": 733.0, "cst_per_tonne_km": 0.16200614138054784, "co2_tn": 127.048}, {"industry": "fruit", "sector": "horticulture", "trips_count": 30, "trailer_loads": 6.2449363700000005, "tonnes": 124.47032, "tonne_kms": 565126.56, "tonnes_per_trailer": 18.433336, "avg_trip_distance": 490.85764, "avg_trip_duration": 5.0750976, "total_trip_distance": 16250.177, "total_trip_duration": 168.02707, "total_freight_value": 404200.0, "trip_transport_costs": 89665.0, "cst_per_tonne": 720.0, "cst_per_tonne_km": 0.15866291272557861, "co2_tn": 50.438633}, {"industry": "vegetables", "sector": "horticulture", "trips_count": 19, "trailer_loads": 102.6418575, "tonnes": 2177.0432, "tonne_kms": 9863937.0, "tonnes_per_trailer": 17.105268, "avg_trip_distance": 902.2338, "avg_trip_duration": 9.32863, "total_trip_distance": 266970.6, "total_trip_duration": 2760.62, "total_freight_value": 7204914.0, "trip_transport_costs": 1467697.0, "cst_per_tonne": 674.0, "cst_per_tonne_km": 0.1487942067967863, "co2_tn": 825.8262}], "LGA_50080": [{"industry": "wood_product", "sector": "wood_product", "trips_count": 51, "trailer_loads": 908.9630119999995, "tonnes": 16566.668, "tonne_kms": 6059442.5, "tonnes_per_trailer": 22.803947, "avg_trip_distance": 251.37946, "avg_trip_duration": 2.7480695, "total_trip_distance": 221716.97, "total_trip_duration": 2427.8237, "total_freight_value": 5143336.0, "trip_transport_costs": 1226395.0, "cst_per_tonne": 74.0, "cst_per_tonne_km": 0.2023939735412179, "co2_tn": 658.216}], "LGA_51190": [{"industry": "livestock", "sector": "livestock", "trips_count": 6, "trailer_loads": 49.57576, "tonnes": 778.667, "tonne_kms": 30959.79, "tonnes_per_trailer": 14.666673, "avg_trip_distance": 41.174732, "avg_trip_duration": 0.4553013, "total_trip_distance": 1316.6743, "total_trip_duration": 14.465414, "total_freight_value": 3875440.0, "trip_transport_costs": 9981.0, "cst_per_tonne": 13.0, "cst_per_tonne_km": 0.32238187992337813, "co2_tn": 3.9030974}, {"industry": "waste", "sector": "waste", "trips_count": 29, "trailer_loads": 626.4000000000003, "tonnes": 6264.0, "tonne_kms": 87912.65, "tonnes_per_trailer": 10.0, "avg_trip_distance": 13.779412, "avg_trip_duration": 0.21469599, "total_trip_distance": 8791.265, "total_trip_duration": 136.97604, "total_freight_value": 626400.0, "trip_transport_costs": 81210.0, "cst_per_tonne": 13.0, "cst_per_tonne_km": 0.9237531557647912, "co2_tn": 20.838251}, {"industry": "wood_product", "sector": "wood_product", "trips_count": 159, "trailer_loads": 2147.9768779999977, "tonnes": 40550.0, "tonne_kms": 1533811.0, "tonnes_per_trailer": 23.433985, "avg_trip_distance": 31.45737, "avg_trip_duration": 0.34798312, "total_trip_distance": 55014.973, "total_trip_duration": 615.5353, "total_freight_value": 45480046.0, "trip_transport_costs": 420876.0, "cst_per_tonne": 10.0, "cst_per_tonne_km": 0.27439870446187153, "co2_tn": 161.54854}], "LGA_51260": [{"industry": "meat", "sector": "cold_food", "trips_count": 8, "trailer_loads": 12.020358, "tonnes": 216.36598, "tonne_kms": 19386.756, "tonnes_per_trailer": 17.999983, "avg_trip_distance": 64.394295, "avg_trip_duration": 0.7398639, "total_trip_distance": 1077.0419, "total_trip_duration": 12.35504, "total_freight_value": 7211678.0, "trip_transport_costs": 5417.0, "cst_per_tonne": 25.0, "cst_per_tonne_km": 0.27941645399328796, "co2_tn": 2.3808002}, {"industry": "grains", "sector": "cropping", "trips_count": 7, "trailer_loads": 103.68000000000002, "tonnes": 2592.0, "tonne_kms": 187196.52, "tonnes_per_trailer": 25.0, "avg_trip_distance": 70.02185, "avg_trip_duration": 0.7847863, "total_trip_distance": 4991.9067, "total_trip_duration": 55.908287, "total_freight_value": 1296000.0, "trip_transport_costs": 32560.0, "cst_per_tonne": 13.0, "cst_per_tonne_km": 0.17393625167218574, "co2_tn": 14.790192}], "LGA_51330": [{"industry": "fruit", "sector": "horticulture", "trips_count": 66, "trailer_loads": 62.135034428999994, "tonnes": 1241.9587, "tonne_kms": 159722.66, "tonnes_per_trailer": 19.469706, "avg_trip_distance": 33.16321, "avg_trip_duration": 0.35162994, "total_trip_distance": 5327.2314, "total_trip_duration": 56.263638, "total_freight_value": 4026559.0, "trip_transport_costs": 31687.0, "cst_per_tonne": 26.0, "cst_per_tonne_km": 0.19838668889406275, "co2_tn": 15.724438}, {"industry": "vegetables", "sector": "horticulture", "trips_count": 45, "trailer_loads": 279.1216282700001, "tonnes": 5345.2334, "tonne_kms": 705529.9, "tonnes_per_trailer": 19.88889, "avg_trip_distance": 61.19398, "avg_trip_duration": 0.6349235, "total_trip_distance": 24566.969, "total_trip_duration": 254.73148, "total_freight_value": 19947477.0, "trip_transport_costs": 144149.0, "cst_per_tonne": 27.0, "cst_per_tonne_km": 0.20431299645551082, "co2_tn": 72.33686}], "LGA_51400": [{"industry": "grains", "sector": "cropping", "trips_count": 6, "trailer_loads": 103.68, "tonnes": 2592.0, "tonne_kms": 118917.72, "tonnes_per_trailer": 25.0, "avg_trip_distance": 43.54128, "avg_trip_duration": 0.5187387, "total_trip_distance": 3171.1392, "total_trip_duration": 37.895184, "total_freight_value": 1296000.0, "trip_transport_costs": 23417.0, "cst_per_tonne": 9.0, "cst_per_tonne_km": 0.19691877575474326, "co2_tn": 9.493539}, {"industry": "livestock", "sector": "livestock", "trips_count": 26, "trailer_loads": 205.0, "tonnes": 4100.0, "tonne_kms": 207035.7, "tonnes_per_trailer": 20.0, "avg_trip_distance": 47.65812, "avg_trip_duration": 0.54142314, "total_trip_distance": 6901.19, "total_trip_duration": 78.65456, "total_freight_value": 8835500.0, "trip_transport_costs": 49155.0, "cst_per_tonne": 12.0, "cst_per_tonne_km": 0.23742518851952998, "co2_tn": 20.555386}], "LGA_51890": [], "LGA_52660": [{"industry": "wood_product", "sector": "wood_product", "trips_count": 107, "trailer_loads": 1402.1237942999996, "tonnes": 28142.506, "tonne_kms": 1253591.2, "tonnes_per_trailer": 20.14019, "avg_trip_distance": 33.649643, "avg_trip_duration": 0.36200443, "total_trip_distance": 41669.664, "total_trip_duration": 447.62033, "total_freight_value": 45280407.0, "trip_transport_costs": 303793.0, "cst_per_tonne": 11.0, "cst_per_tonne_km": 0.24233841946661516, "co2_tn": 122.94191}], "LGA_52730": [{"industry": "meat", "sector": "cold_food", "trips_count": 7, "trailer_loads": 6.089752, "tonnes": 109.6157, "tonne_kms": 35179.047, "tonnes_per_trailer": 18.000021, "avg_trip_distance": 223.29529, "avg_trip_duration": 2.6025574, "total_trip_distance": 1954.3915, "total_trip_duration": 22.781784, "total_freight_value": 3684044.0, "trip_transport_costs": 8944.0, "cst_per_tonne": 82.0, "cst_per_tonne_km": 0.25424152564792446, "co2_tn": 4.3169804}], "LGA_53570": [], "LGA_53990": [{"industry": "meat", "sector": "cold_food", "trips_count": 9, "trailer_loads": 51.75414000000001, "tonnes": 931.5748, "tonne_kms": 11115.2705, "tonnes_per_trailer": 18.000006, "avg_trip_distance": 8.862294, "avg_trip_duration": 0.107325435, "total_trip_distance": 617.515, "total_trip_duration": 7.3605223, "total_freight_value": 31011216.0, "trip_transport_costs": 6043.0, "cst_per_tonne": 6.0, "cst_per_tonne_km": 0.5436819313954965, "co2_tn": 1.3756117}, {"industry": "grains", "sector": "cropping", "trips_count": 9, "trailer_loads": 151.04160000000002, "tonnes": 3776.04, "tonne_kms": 88460.9, "tonnes_per_trailer": 25.0, "avg_trip_distance": 26.036325, "avg_trip_duration": 0.27751637, "total_trip_distance": 2532.692, "total_trip_duration": 27.445757, "total_freight_value": 1888020.0,