{"orig_lga": "LGA_52240", "orig_name": "Cranbrook (S)", "orig_state": "WA", "fetched_at": "2026-03-12T07:04:18.333899+00:00", "destinations": {"LGA_50080": [{"industry": "grains", "sector": "cropping", "trips_count": 20, "trailer_loads": 232.99528000000012, "tonnes": 5444.415, "tonne_kms": 591130.94, "tonnes_per_trailer": 22.900026, "avg_trip_distance": 92.50223, "avg_trip_duration": 0.95708376, "total_trip_distance": 17195.96, "total_trip_duration": 176.48184, "total_freight_value": 1928695.0, "trip_transport_costs": 103016.0, "cst_per_tonne": 19.0, "cst_per_tonne_km": 0.1742691939335432, "co2_tn": 50.731476}, {"industry": "wood_product", "sector": "wood_product", "trips_count": 184, "trailer_loads": 3446.0003149999975, "tonnes": 62816.652, "tonne_kms": 7794808.5, "tonnes_per_trailer": 22.527195, "avg_trip_distance": 84.73459, "avg_trip_duration": 0.92130446, "total_trip_distance": 285356.16, "total_trip_duration": 3093.0283, "total_freight_value": 19543350.0, "trip_transport_costs": 1708191.0, "cst_per_tonne": 27.0, "cst_per_tonne_km": 0.2191446963434342, "co2_tn": 849.44006}], "LGA_50280": [{"industry": "grains", "sector": "cropping", "trips_count": 11, "trailer_loads": 59.9082, "tonnes": 1430.9219, "tonne_kms": 381284.03, "tonnes_per_trailer": 23.181849, "avg_trip_distance": 197.74213, "avg_trip_duration": 2.0896366, "total_trip_distance": 10624.037, "total_trip_duration": 112.098236, "total_freight_value": 561859.0, "trip_transport_costs": 58980.0, "cst_per_tonne": 41.0, "cst_per_tonne_km": 0.1546886844485767, "co2_tn": 31.341522}], "LGA_51260": [{"industry": "grains", "sector": "cropping", "trips_count": 27, "trailer_loads": 107.61816000000009, "tonnes": 2516.8203, "tonne_kms": 600604.3, "tonnes_per_trailer": 23.074108, "avg_trip_distance": 176.08893, "avg_trip_duration": 1.8548135, "total_trip_distance": 16994.672, "total_trip_duration": 178.94849, "total_freight_value": 859045.0, "trip_transport_costs": 95266.0, "cst_per_tonne": 38.0, "cst_per_tonne_km": 0.15861743000721462, "co2_tn": 50.418205}], "LGA_51400": [{"industry": "grains", "sector": "cropping", "trips_count": 16, "trailer_loads": 53.42656, "tonnes": 1228.8126, "tonne_kms": 284835.2, "tonnes_per_trailer": 23.000036, "avg_trip_distance": 169.505, "avg_trip_duration": 1.8313853, "total_trip_distance": 8136.24, "total_trip_duration": 87.906494, "total_freight_value": 368643.0, "trip_transport_costs": 46227.0, "cst_per_tonne": 38.0, "cst_per_tonne_km": 0.16229529966122955, "co2_tn": 24.3927}], "LGA_52660": [{"industry": "grains", "sector": "cropping", "trips_count": 11, "trailer_loads": 36.730760000000004, "tonnes": 844.80865, "tonne_kms": 191178.53, "tonnes_per_trailer": 23.000036, "avg_trip_distance": 167.92142, "avg_trip_duration": 1.8082827, "total_trip_distance": 5541.407, "total_trip_duration": 59.673332, "total_freight_value": 253442.0, "trip_transport_costs": 31218.0, "cst_per_tonne": 37.0, "cst_per_tonne_km": 0.16329453915213082, "co2_tn": 16.416271}, {"industry": "wood_product", "sector": "wood_product", "trips_count": 239, "trailer_loads": 905.7681579000002, "tonnes": 18215.361, "tonne_kms": 3306860.8, "tonnes_per_trailer": 20.062767, "avg_trip_distance": 76.40862, "avg_trip_duration": 0.8523973, "total_trip_distance": 96927.81, "total_trip_duration": 1088.033, "total_freight_value": 27573028.0, "trip_transport_costs": 607343.0, "cst_per_tonne": 33.0, "cst_per_tonne_km": 0.18366135174198306, "co2_tn": 319.19254}], "LGA_53990": [{"industry": "grains", "sector": "cropping", "trips_count": 13, "trailer_loads": 62.77252, "tonnes": 1489.1754, "tonne_kms": 361428.66, "tonnes_per_trailer": 23.153883, "avg_trip_distance": 182.08125, "avg_trip_duration": 1.9601675, "total_trip_distance": 10041.642, "total_trip_duration": 107.71663, "total_freight_value": 560265.0, "trip_transport_costs": 56656.0, "cst_per_tonne": 38.0, "cst_per_tonne_km": 0.1567543603489952, "co2_tn": 30.063877}, {"industry": "livestock", "sector": "livestock", "trips_count": 29, "trailer_loads": 186.66663999999997, "tonnes": 2666.667, "tonne_kms": 627481.9, "tonnes_per_trailer": 13.724143, "avg_trip_distance": 219.18648, "avg_trip_duration": 2.37479, "total_trip_distance": 28823.102, "total_trip_duration": 312.4039, "total_freight_value": 17464000.0, "trip_transport_costs": 163982.0, "cst_per_tonne": 61.0, "cst_per_tonne_km": 0.2613341537940339, "co2_tn": 86.71509}], "LGA_54480": [{"industry": "grains", "sector": "cropping", "trips_count": 17, "trailer_loads": 529.4537, "tonnes": 12208.585, "tonne_kms": 1766931.9, "tonnes_per_trailer": 21.70589, "avg_trip_distance": 142.28581, "avg_trip_duration": 1.4661899, "total_trip_distance": 50968.77, "total_trip_duration": 525.0839, "total_freight_value": 4573742.0, "trip_transport_costs": 298137.0, "cst_per_tonne": 24.0, "cst_per_tonne_km": 0.16873159271756727, "co2_tn": 151.25162}], "LGA_54550": [{"industry": "grains", "sector": "cropping", "trips_count": 7, "trailer_loads": 207.30050000000003, "tonnes": 5035.688, "tonne_kms": 498218.6, "tonnes_per_trailer": 23.857155, "avg_trip_distance": 98.01598, "avg_trip_duration": 1.0092983, "total_trip_distance": 13780.606, "total_trip_duration": 142.03018, "total_freight_value": 1967787.0, "trip_transport_costs": 84070.0, "cst_per_tonne": 17.0, "cst_per_tonne_km": 0.16874181360685367, "co2_tn": 40.718758}, {"industry": "livestock", "sector": "livestock", "trips_count": 32, "trailer_loads": 198.0, "tonnes": 1980.0, "tonne_kms": 125767.86, "tonnes_per_trailer": 10.0, "avg_trip_distance": 64.10669, "avg_trip_duration": 0.6621063, "total_trip_distance": 8404.204, "total_trip_duration": 86.734634, "total_freight_value": 14040000.0, "trip_transport_costs": 55736.0, "cst_per_tonne": 28.0, "cst_per_tonne_km": 0.44316668634785067, "co2_tn": 24.828335}], "LGA_54900": [{"industry": "grains", "sector": "cropping", "trips_count": 20, "trailer_loads": 705.2677000000001, "tonnes": 17191.225, "tonne_kms": 4673670.5, "tonnes_per_trailer": 23.800007, "avg_trip_distance": 256.73743, "avg_trip_duration": 2.6386487, "total_trip_distance": 127663.56, "total_trip_duration": 1315.2299, "total_freight_value": 6546896.0, "trip_transport_costs": 706405.0, "cst_per_tonne": 41.0, "cst_per_tonne_km": 0.15114561138964547, "co2_tn": 377.20856}], "LGA_55180": [{"industry": "grains", "sector": "cropping", "trips_count": 18, "trailer_loads": 63.44405, "tonnes": 1459.2153, "tonne_kms": 220950.05, "tonnes_per_trailer": 23.000038, "avg_trip_distance": 112.533875, "avg_trip_duration": 1.2189399, "total_trip_distance": 6404.3496, "total_trip_duration": 69.365395, "total_freight_value": 437764.0, "trip_transport_costs": 37620.0, "cst_per_tonne": 26.0, "cst_per_tonne_km": 0.1702633037131979, "co2_tn": 18.995783}, {"industry": "wood_product", "sector": "wood_product", "trips_count": 10, "trailer_loads": 230.30284000000003, "tonnes": 5666.666, "tonne_kms": 731304.06, "tonnes_per_trailer": 23.800024, "avg_trip_distance": 113.081985, "avg_trip_duration": 1.2089319, "total_trip_distance": 19765.852, "total_trip_duration": 210.82361, "total_freight_value": 10213353.0, "trip_transport_costs": 116951.0, "cst_per_tonne": 21.0, "cst_per_tonne_km": 0.1599215561467037, "co2_tn": 58.349873}], "LGA_57210": [{"industry": "grains", "sector": "cropping", "trips_count": 12, "trailer_loads": 40.06992, "tonnes": 921.60944, "tonne_kms": 77911.64, "tonnes_per_trailer": 23.000036, "avg_trip_distance": 62.730793, "avg_trip_duration": 0.6660078, "total_trip_distance": 2258.3086, "total_trip_duration": 23.976282, "total_freight_value": 276482.0, "trip_transport_costs": 14321.0, "cst_per_tonne": 16.0, "cst_per_tonne_km": 0.18381466033738128, "co2_tn": 6.7240605}, {"industry": "livestock", "sector": "livestock", "trips_count": 40, "trailer_loads": 248.0, "tonnes": 2680.0, "tonne_kms": 224687.94, "tonnes_per_trailer": 10.75, "avg_trip_distance": 85.597855, "avg_trip_duration": 0.8841495, "total_trip_distance": 14077.096, "total_trip_duration": 145.45345, "total_freight_value": 16822000.0,