{"orig_lga": "LGA_51470", "orig_name": "Carnamah (S)", "orig_state": "WA", "fetched_at": "2026-03-12T06:58:16.097681+00:00", "destinations": {"LGA_57000": [{"industry": "grains", "sector": "cropping", "trips_count": 42, "trailer_loads": 1807.0339999999994, "tonnes": 44871.9, "tonne_kms": 4086870.5, "tonnes_per_trailer": 24.428566, "avg_trip_distance": 88.0406, "avg_trip_duration": 0.91092813, "total_trip_distance": 95379.33, "total_trip_duration": 986.7244, "total_freight_value": 18136855.0, "trip_transport_costs": 636588.0, "cst_per_tonne": 14.0, "cst_per_tonne_km": 0.15576427409384438, "co2_tn": 298.3361}]}}