{"orig_lga": "LGA_17950", "orig_name": "Warren (A)", "orig_state": "NSW", "fetched_at": "2026-03-12T07:50:35.278259+00:00", "destinations": {"LGA_11400": [{"industry": "grains", "sector": "cropping", "trips_count": 7, "trailer_loads": 67.3224, "tonnes": 1633.4072, "tonne_kms": 408941.84, "tonnes_per_trailer": 23.57149, "avg_trip_distance": 246.12195, "avg_trip_duration": 2.7362885, "total_trip_distance": 12799.378, "total_trip_duration": 142.3899, "total_freight_value": 606883.0, "trip_transport_costs": 67072.0, "cst_per_tonne": 41.0, "cst_per_tonne_km": 0.16401434133857207, "co2_tn": 34.37567}], "LGA_12150": [{"industry": "grains", "sector": "cropping", "trips_count": 85, "trailer_loads": 1129.0156799999986, "tonnes": 27874.104, "tonne_kms": 2958439.5, "tonnes_per_trailer": 24.070593, "avg_trip_distance": 85.557976, "avg_trip_duration": 0.9293555, "total_trip_distance": 71162.15, "total_trip_duration": 771.9654, "total_freight_value": 12977436.0, "trip_transport_costs": 457913.0, "cst_per_tonne": 16.0, "cst_per_tonne_km": 0.15478185117563603, "co2_tn": 211.12267}, {"industry": "waste", "sector": "waste", "trips_count": 10, "trailer_loads": 215.99999999999997, "tonnes": 2160.0, "tonne_kms": 205399.8, "tonnes_per_trailer": 10.0, "avg_trip_distance": 93.36355, "avg_trip_duration": 1.0305736, "total_trip_distance": 20539.98, "total_trip_duration": 226.7262, "total_freight_value": 216000.0, "trip_transport_costs": 101140.0, "cst_per_tonne": 47.0, "cst_per_tonne_km": 0.49240652965896464, "co2_tn": 45.300663}], "LGA_12350": [{"industry": "livestock", "sector": "livestock", "trips_count": 6, "trailer_loads": 36.0, "tonnes": 360.0, "tonne_kms": 134084.1, "tonnes_per_trailer": 10.0, "avg_trip_distance": 255.28964, "avg_trip_duration": 2.8619287, "total_trip_distance": 8467.0625, "total_trip_duration": 94.77264, "total_freight_value": 2520000.0, "trip_transport_costs": 49110.0, "cst_per_tonne": 136.0, "cst_per_tonne_km": 0.3662601708559297, "co2_tn": 25.740248}], "LGA_12900": [{"industry": "grains", "sector": "cropping", "trips_count": 43, "trailer_loads": 596.36954, "tonnes": 14770.204, "tonne_kms": 3700299.5, "tonnes_per_trailer": 24.34886, "avg_trip_distance": 176.32286, "avg_trip_duration": 1.9898317, "total_trip_distance": 100641.43, "total_trip_duration": 1142.1251, "total_freight_value": 7212213.0, "trip_transport_costs": 558224.0, "cst_per_tonne": 38.0, "cst_per_tonne_km": 0.15085914878968962, "co2_tn": 282.09244}, {"industry": "livestock", "sector": "livestock", "trips_count": 22, "trailer_loads": 124.0, "tonnes": 1640.0, "tonne_kms": 399925.8, "tonnes_per_trailer": 13.636364, "avg_trip_distance": 188.94246, "avg_trip_duration": 2.0927377, "total_trip_distance": 19717.31, "total_trip_duration": 218.51054, "total_freight_value": 7473000.0, "trip_transport_costs": 112945.0, "cst_per_tonne": 69.0, "cst_per_tonne_km": 0.2824149151520368, "co2_tn": 58.815155}], "LGA_13550": [{"industry": "grains", "sector": "cropping", "trips_count": 20, "trailer_loads": 202.65101000000007, "tonnes": 4515.147, "tonne_kms": 1437208.0, "tonnes_per_trailer": 22.550032, "avg_trip_distance": 230.15553, "avg_trip_duration": 2.5113072, "total_trip_distance": 40551.625, "total_trip_duration": 444.91336, "total_freight_value": 2044657.0, "trip_transport_costs": 232637.0, "cst_per_tonne": 52.0, "cst_per_tonne_km": 0.16186755736725086, "co2_tn": 122.48912}], "LGA_14920": [{"industry": "grains", "sector": "cropping", "trips_count": 57, "trailer_loads": 856.0656200000002, "tonnes": 20551.982, "tonne_kms": 6037742.5, "tonnes_per_trailer": 24.000004, "avg_trip_distance": 214.07872, "avg_trip_duration": 2.3180146, "total_trip_distance": 178656.78, "total_trip_duration": 1939.1182, "total_freight_value": 9271685.0, "trip_transport_costs": 946944.0, "cst_per_tonne": 46.0, "cst_per_tonne_km": 0.15683734622075352, "co2_tn": 483.1265}], "LGA_15300": [{"industry": "grains", "sector": "cropping", "trips_count": 6, "trailer_loads": 87.7262, "tonnes": 1998.8895, "tonne_kms": 710930.8, "tonnes_per_trailer": 23.66668, "avg_trip_distance": 271.068, "avg_trip_duration": 2.9822328, "total_trip_distance": 15694.126, "total_trip_duration": 173.08585, "total_freight_value": 953313.0, "trip_transport_costs": 97294.0, "cst_per_tonne": 49.0, "cst_per_tonne_km": 0.13685402496753157, "co2_tn": 51.9265}, {"industry": "fibre", "sector": "cropping", "trips_count": 9, "trailer_loads": 1147.203, "tonnes": 14340.06, "tonne_kms": 6137386.5, "tonnes_per_trailer": 12.50002, "avg_trip_distance": 283.42923, "avg_trip_duration": 3.0280256, "total_trip_distance": 248636.56, "total_trip_duration": 2657.1016, "total_freight_value": 42303240.0, "trip_transport_costs": 1516096.0, "cst_per_tonne": 106.0, "cst_per_tonne_km": 0.2470263222994022, "co2_tn": 816.1872}], "LGA_15750": [{"industry": "grains", "sector": "cropping", "trips_count": 27, "trailer_loads": 373.58593999999994, "tonnes": 9200.932, "tonne_kms": 3008147.0, "tonnes_per_trailer": 24.25927, "avg_trip_distance": 221.03441, "avg_trip_duration": 2.3798091, "total_trip_distance": 61434.605, "total_trip_duration": 655.53357, "total_freight_value": 3766044.0, "trip_transport_costs": 381288.0, "cst_per_tonne": 41.0, "cst_per_tonne_km": 0.12675174126771657, "co2_tn": 202.47685}, {"industry": "fibre", "sector": "cropping", "trips_count": 11, "trailer_loads": 1402.1370000000002, "tonnes": 17526.74, "tonne_kms": 5527816.0, "tonnes_per_trailer": 12.50002, "avg_trip_distance": 272.26514, "avg_trip_duration": 2.966169, "total_trip_distance": 222673.53, "total_trip_duration": 2428.126, "total_freight_value": 51703960.0, "trip_transport_costs": 1391168.0, "cst_per_tonne": 79.0, "cst_per_tonne_km": 0.2516668611188397, "co2_tn": 735.5643}], "LGA_15850": [{"industry": "fibre", "sector": "cropping", "trips_count": 26, "trailer_loads": 3314.1420000000016, "tonnes": 41426.84, "tonne_kms": 2984378.2, "tonnes_per_trailer": 12.50002, "avg_trip_distance": 71.79556, "avg_trip_duration": 0.7767406, "total_trip_distance": 164649.94, "total_trip_duration": 1778.0166, "total_freight_value": 122209360.0, "trip_transport_costs": 1032641.0, "cst_per_tonne": 25.0, "cst_per_tonne_km": 0.34601534177386867, "co2_tn": 451.73553}, {"industry": "grains", "sector": "cropping", "trips_count": 92, "trailer_loads": 1726.0575799999995, "tonnes": 43092.047, "tonne_kms": 3025147.8, "tonnes_per_trailer": 24.782608, "avg_trip_distance": 65.88524, "avg_trip_duration": 0.7172649, "total_trip_distance": 88617.91, "total_trip_duration": 969.08997, "total_freight_value": 16927138.0, "trip_transport_costs": 540913.0, "cst_per_tonne": 13.0, "cst_per_tonne_km": 0.17880557870203212, "co2_tn": 234.27213}], "LGA_16200": [{"industry": "grains", "sector": "cropping", "trips_count": 47, "trailer_loads": 559.5148900000005, "tonnes": 13948.26, "tonne_kms": 3173486.5, "tonnes_per_trailer": 24.74469, "avg_trip_distance": 147.1908, "avg_trip_duration": 1.6311322, "total_trip_distance": 78585.45, "total_trip_duration": 873.48846, "total_freight_value": 6129518.0, "trip_transport_costs": 460250.0, "cst_per_tonne": 33.0, "cst_per_tonne_km": 0.14502986572776871, "co2_tn": 235.98715}], "LGA_17310": [{"industry": "grains", "sector": "cropping", "trips_count": 8, "trailer_loads": 39.72368, "tonnes": 913.648, "tonne_kms": 371971.22, "tonnes_per_trailer": 23.000084, "avg_trip_distance": 295.1937, "avg_trip_duration": 3.257617, "total_trip_distance": 11502.444, "total_trip_duration": 127.00961, "total_freight_value": 274094.0, "trip_transport_costs": 60419.0, "cst_per_tonne": 66.0, "cst_per_tonne_km": 0.16243038880948366, "co2_tn": 30.906853}, {"industry": "livestock", "sector": "livestock", "trips_count": 29, "trailer_loads": 176.0, "tonnes": 1960.0, "tonne_kms": 746836.94, "tonnes_per_trailer": 11.034483, "avg_trip_distance": 267.33054, "avg_trip_duration": 2.9562576, "total_trip_distance": 47007.67, "total_trip_duration": 520.0936, "total_freight_value": 11782000.0, "trip_transport_costs": 250375.0, "cst_per_tonne": 128.0,