{"orig_lga": "LGA_13550", "orig_name": "Gunnedah (A)", "orig_state": "NSW", "fetched_at": "2026-03-12T07:15:42.043795+00:00", "destinations": {"LGA_10130": [{"industry": "livestock", "sector": "livestock", "trips_count": 17, "trailer_loads": 85.0, "tonnes": 1700.0, "tonne_kms": 424968.2, "tonnes_per_trailer": 20.0, "avg_trip_distance": 208.31775, "avg_trip_duration": 2.4393864, "total_trip_distance": 14165.606, "total_trip_duration": 165.87828, "total_freight_value": 3663500.0, "trip_transport_costs": 81235.0, "cst_per_tonne": 48.0, "cst_per_tonne_km": 0.19115610489722687, "co2_tn": 42.407272}], "LGA_12150": [], "LGA_12700": [{"industry": "grains", "sector": "cropping", "trips_count": 10, "trailer_loads": 42.35842, "tonnes": 1047.3312, "tonne_kms": 318763.16, "tonnes_per_trailer": 24.799994, "avg_trip_distance": 238.61989, "avg_trip_duration": 2.887559, "total_trip_distance": 8785.488, "total_trip_duration": 106.43643, "total_freight_value": 496919.0, "trip_transport_costs": 49938.0, "cst_per_tonne": 48.0, "cst_per_tonne_km": 0.15666205024160276, "co2_tn": 26.072477}], "LGA_13010": [{"industry": "livestock", "sector": "livestock", "trips_count": 6, "trailer_loads": 30.0, "tonnes": 600.0, "tonne_kms": 185388.2, "tonnes_per_trailer": 20.0, "avg_trip_distance": 257.4836, "avg_trip_duration": 2.9752548, "total_trip_distance": 6179.6064, "total_trip_duration": 71.40611, "total_freight_value": 1293000.0, "trip_transport_costs": 34830.0, "cst_per_tonne": 58.0, "cst_per_tonne_km": 0.18787812072134108, "co2_tn": 18.428217}], "LGA_13550": [{"industry": "grains", "sector": "cropping", "trips_count": 56, "trailer_loads": 1812.8075700000006, "tonnes": 42387.24, "tonne_kms": 1200843.6, "tonnes_per_trailer": 23.00001, "avg_trip_distance": 32.57143, "avg_trip_duration": 0.37575415, "total_trip_distance": 35723.184, "total_trip_duration": 414.81625, "total_freight_value": 19079265.0, "trip_transport_costs": 302674.0, "cst_per_tonne": 7.0, "cst_per_tonne_km": 0.2520509918614166, "co2_tn": 105.46557}, {"industry": "fibre", "sector": "cropping", "trips_count": 16, "trailer_loads": 6096.677000000001, "tonnes": 76208.56, "tonne_kms": 4346584.0, "tonnes_per_trailer": 12.500029, "avg_trip_distance": 45.51672, "avg_trip_duration": 0.50190526, "total_trip_distance": 233900.7, "total_trip_duration": 2652.2058, "total_freight_value": 224815190.0, "trip_transport_costs": 1626442.0, "cst_per_tonne": 21.0, "cst_per_tonne_km": 0.37418849887348316, "co2_tn": 695.3872}, {"industry": "food", "sector": "food", "trips_count": 6, "trailer_loads": 64.827804, "tonnes": 628.1548, "tonne_kms": 915.7536, "tonnes_per_trailer": 13.250024, "avg_trip_distance": 4.642857, "avg_trip_duration": 0.061815027, "total_trip_distance": 109.75878, "total_trip_duration": 1.7383878, "total_freight_value": 2873167.0, "trip_transport_costs": 4692.0, "cst_per_tonne": 7.0, "cst_per_tonne_km": 5.123114824223112, "co2_tn": 0.26633984}, {"industry": "livestock", "sector": "livestock", "trips_count": 81, "trailer_loads": 435.0, "tonnes": 8700.0, "tonne_kms": 275967.9, "tonnes_per_trailer": 20.0, "avg_trip_distance": 27.448473, "avg_trip_duration": 0.32026675, "total_trip_distance": 9575.208, "total_trip_duration": 112.05109, "total_freight_value": 18748500.0, "trip_transport_costs": 77501.0, "cst_per_tonne": 9.0, "cst_per_tonne_km": 0.2808336730261066, "co2_tn": 27.92412}, {"industry": "waste", "sector": "waste", "trips_count": 30, "trailer_loads": 648.0000000000003, "tonnes": 6480.0, "tonne_kms": 287392.1, "tonnes_per_trailer": 10.0, "avg_trip_distance": 43.54426, "avg_trip_duration": 0.4894991, "total_trip_distance": 28739.21, "total_trip_duration": 323.0694, "total_freight_value": 648000.0, "trip_transport_costs": 163474.0, "cst_per_tonne": 25.0, "cst_per_tonne_km": 0.5688191618278035, "co2_tn": 63.778214}], "LGA_13660": [{"industry": "grains", "sector": "cropping", "trips_count": 13, "trailer_loads": 239.00522000000004, "tonnes": 5928.6074, "tonne_kms": 1691668.4, "tonnes_per_trailer": 24.384588, "avg_trip_distance": 218.74348, "avg_trip_duration": 2.4283335, "total_trip_distance": 41071.31, "total_trip_duration": 453.51828, "total_freight_value": 2476812.0, "trip_transport_costs": 240037.0, "cst_per_tonne": 40.0, "cst_per_tonne_km": 0.14189389226848317, "co2_tn": 126.278145}, {"industry": "livestock", "sector": "livestock", "trips_count": 9, "trailer_loads": 50.0, "tonnes": 1000.0, "tonne_kms": 239781.3, "tonnes_per_trailer": 20.0, "avg_trip_distance": 195.80089, "avg_trip_duration": 2.1636434, "total_trip_distance": 7786.2085, "total_trip_duration": 86.059586, "total_freight_value": 2155000.0, "trip_transport_costs": 44746.0, "cst_per_tonne": 45.0, "cst_per_tonne_km": 0.18661336644141152, "co2_tn": 23.37598}], "LGA_14350": [{"industry": "livestock", "sector": "livestock", "trips_count": 9, "trailer_loads": 52.54545, "tonnes": 580.0, "tonne_kms": 239026.8, "tonnes_per_trailer": 11.333336, "avg_trip_distance": 326.54184, "avg_trip_duration": 3.7009687, "total_trip_distance": 17344.83, "total_trip_duration": 196.59705, "total_freight_value": 3978000.0, "trip_transport_costs": 87694.0, "cst_per_tonne": 151.0, "cst_per_tonne_km": 0.3668781191341321, "co2_tn": 45.124676}], "LGA_14920": [{"industry": "grains", "sector": "cropping", "trips_count": 97, "trailer_loads": 3188.460090000003, "tonnes": 76919.74, "tonne_kms": 4352270.5, "tonnes_per_trailer": 24.061867, "avg_trip_distance": 53.459026, "avg_trip_duration": 0.59415114, "total_trip_distance": 163716.52, "total_trip_duration": 1814.5355, "total_freight_value": 34736577.0, "trip_transport_costs": 939890.0, "cst_per_tonne": 12.0, "cst_per_tonne_km": 0.21595401941226622, "co2_tn": 389.34738}, {"industry": "food", "sector": "food", "trips_count": 6, "trailer_loads": 12.254756, "tonnes": 117.6043, "tonne_kms": 9942.248, "tonnes_per_trailer": 13.249993, "avg_trip_distance": 69.10879, "avg_trip_duration": 0.7740827, "total_trip_distance": 1039.8451, "total_trip_duration": 11.652474, "total_freight_value": 544713.0, "trip_transport_costs": 5238.0, "cst_per_tonne": 45.0, "cst_per_tonne_km": 0.5268414771755079, "co2_tn": 2.3036008}, {"industry": "livestock", "sector": "livestock", "trips_count": 60, "trailer_loads": 325.0, "tonnes": 6500.0, "tonne_kms": 517667.8, "tonnes_per_trailer": 20.0, "avg_trip_distance": 68.77249, "avg_trip_duration": 0.75039285, "total_trip_distance": 17748.436, "total_trip_duration": 193.76527, "total_freight_value": 14007500.0, "trip_transport_costs": 112101.0, "cst_per_tonne": 17.0, "cst_per_tonne_km": 0.2165504371610399, "co2_tn": 51.625042}], "LGA_15240": [{"industry": "grains", "sector": "cropping", "trips_count": 54, "trailer_loads": 274.31031, "tonnes": 6846.1265, "tonne_kms": 2690538.0, "tonnes_per_trailer": 24.962961, "avg_trip_distance": 361.14026, "avg_trip_duration": 4.240912, "total_trip_distance": 71908.76, "total_trip_duration": 835.2223, "total_freight_value": 3241868.0, "trip_transport_costs": 402666.0, "cst_per_tonne": 59.0, "cst_per_tonne_km": 0.14965992982499574, "co2_tn": 215.09561}, {"industry": "livestock", "sector": "livestock", "trips_count": 9, "trailer_loads": 76.51517, "tonnes": 1633.334, "tonne_kms": 542740.3, "tonnes_per_trailer": 20.888899, "avg_trip_distance": 258.95377, "avg_trip_duration": 3.0786576, "total_trip_distance": 15430.266, "total_trip_duration": 181.48775, "total_freight_value": 8081500.0, "trip_transport_costs": 93358.0, "cst_per_tonne": 57.0, "cst_per_tonne_km": 0.17201192361361817, "co2_tn": 50.022743}], "LGA_15300": [{"industry": "grains", "sector": "cropping", "trips_count": 45, "trailer_loads": 1160.1896300000003, "tonnes": 28063.402, "tonne_kms": 6016603.5, "tonnes_per_trailer": 24.200012, "avg_trip_distance": 205.27975, "avg_trip_duration": 2.3062444, "total_trip_distance": 165332.22, "total_trip_duration": 1859.5471, "total_freight_value": 12937198.0, "trip_transport_costs": 949494.0, "cst_per_tonne": 34.0, "cst_per_tonne_km": 0.1578122606963926, "co2_tn": 494.1092}, {"industry": "fibre",