{"orig_lga": "LGA_17420", "orig_name": "The Hills Shire (A)", "orig_state": "NSW", "fetched_at": "2026-03-12T07:47:01.013022+00:00", "destinations": {"LGA_10750": [{"industry": "meat", "sector": "cold_food", "trips_count": 11, "trailer_loads": 73.32123000000001, "tonnes": 953.17535, "tonne_kms": 21326.498, "tonnes_per_trailer": 12.999991, "avg_trip_distance": 21.909704, "avg_trip_duration": 0.34111682, "total_trip_distance": 1145.2769, "total_trip_duration": 17.799091, "total_freight_value": 5719052.0, "trip_transport_costs": 11076.0, "cst_per_tonne": 12.0, "cst_per_tonne_km": 0.5193662580900175, "co2_tn": 3.4660141}, {"industry": "vegetables", "sector": "horticulture", "trips_count": 123, "trailer_loads": 40.944197130000006, "tonnes": 609.549, "tonne_kms": 23383.578, "tonnes_per_trailer": 15.186986, "avg_trip_distance": 5.8662963, "avg_trip_duration": 0.08641755, "total_trip_distance": 1043.42, "total_trip_duration": 15.560886, "total_freight_value": 3725282.0, "trip_transport_costs": 8714.0, "cst_per_tonne": 14.0, "cst_per_tonne_km": 0.37264528790191626, "co2_tn": 3.2403104}, {"industry": "fruit", "sector": "horticulture", "trips_count": 129, "trailer_loads": 36.81335894000001, "tonnes": 633.94354, "tonne_kms": 27810.686, "tonnes_per_trailer": 17.790699, "avg_trip_distance": 7.047491, "avg_trip_duration": 0.10175343, "total_trip_distance": 1160.0522, "total_trip_duration": 16.67143, "total_freight_value": 2687573.0, "trip_transport_costs": 8845.0, "cst_per_tonne": 14.0, "cst_per_tonne_km": 0.31804049836475035, "co2_tn": 3.4411497}, {"industry": "waste", "sector": "waste", "trips_count": 64, "trailer_loads": 1382.3999999999992, "tonnes": 13824.0, "tonne_kms": 137829.17, "tonnes_per_trailer": 10.0, "avg_trip_distance": 9.789003, "avg_trip_duration": 0.15154849, "total_trip_distance": 13782.917, "total_trip_duration": 213.38028, "total_freight_value": 1382400.0, "trip_transport_costs": 151828.0, "cst_per_tonne": 11.0, "cst_per_tonne_km": 1.1015682683285366, "co2_tn": 32.41822}], "LGA_11650": [{"industry": "fruit", "sector": "horticulture", "trips_count": 19, "trailer_loads": 1.9034983, "tonnes": 38.003944, "tonne_kms": 3575.3447, "tonnes_per_trailer": 19.736853, "avg_trip_distance": 9.425448, "avg_trip_duration": 0.11095887, "total_trip_distance": 179.08351, "total_trip_duration": 2.1082184, "total_freight_value": 204353.0, "trip_transport_costs": 903.0, "cst_per_tonne": 24.0, "cst_per_tonne_km": 0.252454765072045, "co2_tn": 0.39968672}], "LGA_14000": [{"industry": "meat", "sector": "cold_food", "trips_count": 12, "trailer_loads": 252.22484000000003, "tonnes": 3278.9219, "tonne_kms": 72010.46, "tonnes_per_trailer": 12.999996, "avg_trip_distance": 21.528557, "avg_trip_duration": 0.37418637, "total_trip_distance": 4473.223, "total_trip_duration": 77.34975, "total_freight_value": 19673565.0, "trip_transport_costs": 40392.0, "cst_per_tonne": 12.0, "cst_per_tonne_km": 0.5609248131429259, "co2_tn": 12.601031}, {"industry": "waste", "sector": "waste", "trips_count": 241, "trailer_loads": 5205.600000000007, "tonnes": 52056.0, "tonne_kms": 714422.2, "tonnes_per_trailer": 10.0, "avg_trip_distance": 13.474579, "avg_trip_duration": 0.23379922, "total_trip_distance": 71442.22, "total_trip_duration": 1239.6035, "total_freight_value": 5205600.0, "trip_transport_costs": 681851.0, "cst_per_tonne": 13.0, "cst_per_tonne_km": 0.9544092430082264, "co2_tn": 173.28995}], "LGA_16260": [{"industry": "waste", "sector": "waste", "trips_count": 46, "trailer_loads": 993.6000000000007, "tonnes": 9936.0, "tonne_kms": 122128.125, "tonnes_per_trailer": 10.0, "avg_trip_distance": 12.067997, "avg_trip_duration": 0.18842478, "total_trip_distance": 12212.8125, "total_trip_duration": 190.68588, "total_freight_value": 993600.0, "trip_transport_costs": 120165.0, "cst_per_tonne": 12.0, "cst_per_tonne_km": 0.9839229081107185, "co2_tn": 28.546232}], "LGA_31000": [{"industry": "vegetables", "sector": "horticulture", "trips_count": 10, "trailer_loads": 2.9408144399999996, "tonnes": 44.55723, "tonne_kms": 39558.28, "tonnes_per_trailer": 15.399988, "avg_trip_distance": 88.75856, "avg_trip_duration": 0.9236048, "total_trip_distance": 1741.3055, "total_trip_duration": 18.092619, "total_freight_value": 293056.0, "trip_transport_costs": 9629.0, "cst_per_tonne": 216.0, "cst_per_tonne_km": 0.24341001156871672, "co2_tn": 5.1296773}, {"industry": "fruit", "sector": "horticulture", "trips_count": 53, "trailer_loads": 13.146251917000003, "tonnes": 215.86899, "tonne_kms": 197768.72, "tonnes_per_trailer": 18.018877, "avg_trip_distance": 108.92461, "avg_trip_duration": 1.1393248, "total_trip_distance": 8034.0317, "total_trip_duration": 84.01195, "total_freight_value": 899962.0, "trip_transport_costs": 44362.0, "cst_per_tonne": 206.0, "cst_per_tonne_km": 0.22431239344516551, "co2_tn": 23.67876}]}}