{"orig_lga": "LGA_12700", "orig_name": "Dungog (A)", "orig_state": "NSW", "fetched_at": "2026-03-12T07:06:09.028844+00:00", "destinations": {"LGA_15240": [{"industry": "waste", "sector": "waste", "trips_count": 8, "trailer_loads": 172.79999999999998, "tonnes": 1728.0, "tonne_kms": 124434.15, "tonnes_per_trailer": 10.0, "avg_trip_distance": 70.70122, "avg_trip_duration": 0.8524268, "total_trip_distance": 12443.414, "total_trip_duration": 150.02711, "total_freight_value": 172800.0, "trip_transport_costs": 65118.0, "cst_per_tonne": 38.0, "cst_per_tonne_km": 0.52331259816704, "co2_tn": 27.785467}, {"industry": "wood_product", "sector": "wood_product", "trips_count": 9, "trailer_loads": 55.723655, "tonnes": 1393.0917, "tonne_kms": 179691.52, "tonnes_per_trailer": 24.999994, "avg_trip_distance": 52.691204, "avg_trip_duration": 0.6551812, "total_trip_distance": 2761.5774, "total_trip_duration": 33.67318, "total_freight_value": 2786183.0, "trip_transport_costs": 24737.0, "cst_per_tonne": 18.0, "cst_per_tonne_km": 0.13766418874751837, "co2_tn": 13.300083}], "LGA_31000": [{"industry": "fruit", "sector": "horticulture", "trips_count": 6, "trailer_loads": 0.095723109, "tonnes": 1.9144622, "tonne_kms": 1493.9814, "tonnes_per_trailer": 20.000008, "avg_trip_distance": 7.759219, "avg_trip_duration": 0.08108731, "total_trip_distance": 46.555317, "total_trip_duration": 0.48652387, "total_freight_value": 6649.0, "trip_transport_costs": 264.0, "cst_per_tonne": 138.0, "cst_per_tonne_km": 0.1767768932449996, "co2_tn": 0.14522736}, {"industry": "wood_product", "sector": "wood_product", "trips_count": 8, "trailer_loads": 11.333339000000002, "tonnes": 283.3339, "tonne_kms": 218286.75, "tonnes_per_trailer": 25.000038, "avg_trip_distance": 342.32404, "avg_trip_duration": 3.5839481, "total_trip_distance": 5474.1006, "total_trip_duration": 57.380436, "total_freight_value": 496666.0, "trip_transport_costs": 30855.0, "cst_per_tonne": 109.0, "cst_per_tonne_km": 0.14135096316381288, "co2_tn": 16.993427}]}}