{"orig_lga": "LGA_14550", "orig_name": "Kyogle (A)", "orig_state": "NSW", "fetched_at": "2026-03-12T07:22:14.000652+00:00", "destinations": {"LGA_11730": [{"industry": "wood_product", "sector": "wood_product", "trips_count": 170, "trailer_loads": 864.1533880999998, "tonnes": 21176.238, "tonne_kms": 3576984.0, "tonnes_per_trailer": 24.835302, "avg_trip_distance": 66.66563, "avg_trip_duration": 0.78592724, "total_trip_distance": 93643.016, "total_trip_duration": 1156.5385, "total_freight_value": 43113375.0, "trip_transport_costs": 575556.0, "cst_per_tonne": 27.0, "cst_per_tonne_km": 0.1609054267410063, "co2_tn": 290.7915}], "LGA_16610": [{"industry": "livestock", "sector": "livestock", "trips_count": 27, "trailer_loads": 185.01815000000002, "tonnes": 3980.0, "tonne_kms": 185947.55, "tonnes_per_trailer": 20.70371, "avg_trip_distance": 40.283302, "avg_trip_duration": 0.49433213, "total_trip_distance": 7479.956, "total_trip_duration": 92.225845, "total_freight_value": 10795000.0, "trip_transport_costs": 46763.0, "cst_per_tonne": 12.0, "cst_per_tonne_km": 0.25148680418203045, "co2_tn": 18.48006}, {"industry": "wood_product", "sector": "wood_product", "trips_count": 84, "trailer_loads": 443.1161843000002, "tonnes": 10474.271, "tonne_kms": 661427.56, "tonnes_per_trailer": 24.464306, "avg_trip_distance": 31.811516, "avg_trip_duration": 0.3980336, "total_trip_distance": 21326.107, "total_trip_duration": 259.9272, "total_freight_value": 17241241.0, "trip_transport_costs": 135978.0, "cst_per_tonne": 13.0, "cst_per_tonne_km": 0.20558297518503638, "co2_tn": 58.21613}], "LGA_31000": [{"industry": "fruit", "sector": "horticulture", "trips_count": 45, "trailer_loads": 100.09886446000003, "tonnes": 1501.5239, "tonne_kms": 236360.02, "tonnes_per_trailer": 15.111107, "avg_trip_distance": 78.32008, "avg_trip_duration": 0.91978645, "total_trip_distance": 15756.183, "total_trip_duration": 183.84929, "total_freight_value": 9034636.0, "trip_transport_costs": 75238.0, "cst_per_tonne": 50.0, "cst_per_tonne_km": 0.31832018738165807, "co2_tn": 34.81972}, {"industry": "livestock", "sector": "livestock", "trips_count": 6, "trailer_loads": 143.23635, "tonnes": 3540.0, "tonne_kms": 530790.1, "tonnes_per_trailer": 23.500011, "avg_trip_distance": 146.10829, "avg_trip_duration": 1.7295601, "total_trip_distance": 21494.346, "total_trip_duration": 256.95697, "total_freight_value": 7038000.0, "trip_transport_costs": 102342.0, "cst_per_tonne": 29.0, "cst_per_tonne_km": 0.19281035194569016, "co2_tn": 47.66439}, {"industry": "wood_product", "sector": "wood_product", "trips_count": 242, "trailer_loads": 2610.0026586999957, "tonnes": 58678.54, "tonne_kms": 10854104.0, "tonnes_per_trailer": 23.859526, "avg_trip_distance": 150.14673, "avg_trip_duration": 1.7817326, "total_trip_distance": 500137.28, "total_trip_duration": 5979.3467, "total_freight_value": 114402701.0, "trip_transport_costs": 2300876.0, "cst_per_tonne": 39.0, "cst_per_tonne_km": 0.2119821368868503, "co2_tn": 1067.8273}], "LGA_33430": [{"industry": "wood_product", "sector": "wood_product", "trips_count": 48, "trailer_loads": 513.5921000000001, "tonnes": 10271.842, "tonne_kms": 1264553.9, "tonnes_per_trailer": 20.0, "avg_trip_distance": 118.7304, "avg_trip_duration": 1.5334421, "total_trip_distance": 66428.2, "total_trip_duration": 844.77344, "total_freight_value": 51359210.0, "trip_transport_costs": 314856.0, "cst_per_tonne": 31.0, "cst_per_tonne_km": 0.24898621589440736, "co2_tn": 140.62285}], "LGA_33620": [{"industry": "wood_product", "sector": "wood_product", "trips_count": 85, "trailer_loads": 734.3789159999997, "tonnes": 18359.5, "tonne_kms": 6997124.5, "tonnes_per_trailer": 25.000032, "avg_trip_distance": 336.7024, "avg_trip_duration": 3.7313244, "total_trip_distance": 269892.56, "total_trip_duration": 2985.3655, "total_freight_value": 36718948.0, "trip_transport_costs": 1229964.0, "cst_per_tonne": 67.0, "cst_per_tonne_km": 0.17578128062607126, "co2_tn": 608.7928}], "LGA_33960": [{"industry": "wood_product", "sector": "wood_product", "trips_count": 13, "trailer_loads": 258.33329000000003, "tonnes": 5733.338, "tonne_kms": 941570.7, "tonnes_per_trailer": 23.461563, "avg_trip_distance": 162.74112, "avg_trip_duration": 1.9112766, "total_trip_distance": 42288.117, "total_trip_duration": 494.05426, "total_freight_value": 20166671.0, "trip_transport_costs": 199091.0, "cst_per_tonne": 35.0, "cst_per_tonne_km": 0.21144522796341764, "co2_tn": 93.46124}], "LGA_34590": [{"industry": "livestock", "sector": "livestock", "trips_count": 9, "trailer_loads": 80.4727, "tonnes": 1880.0, "tonne_kms": 242015.3, "tonnes_per_trailer": 21.888905, "avg_trip_distance": 125.14452, "avg_trip_duration": 1.4601135, "total_trip_distance": 10377.088, "total_trip_duration": 120.84593, "total_freight_value": 5867000.0, "trip_transport_costs": 49783.0, "cst_per_tonne": 26.0, "cst_per_tonne_km": 0.2057010050097556, "co2_tn": 22.891794}], "LGA_36510": [{"industry": "livestock", "sector": "livestock", "trips_count": 16, "trailer_loads": 270.0, "tonnes": 6442.0, "tonne_kms": 506497.47, "tonnes_per_trailer": 20.625, "avg_trip_distance": 115.48133, "avg_trip_duration": 1.3073945, "total_trip_distance": 21898.123, "total_trip_duration": 239.90276, "total_freight_value": 11403640.0, "trip_transport_costs": 110233.0, "cst_per_tonne": 17.0, "cst_per_tonne_km": 0.21763875392774823, "co2_tn": 48.06212}], "LGA_36660": [{"industry": "livestock", "sector": "livestock", "trips_count": 17, "trailer_loads": 87.63635000000001, "tonnes": 1722.0, "tonne_kms": 241112.19, "tonnes_per_trailer": 19.76471, "avg_trip_distance": 125.19883, "avg_trip_duration": 1.4412283, "total_trip_distance": 10958.605, "total_trip_duration": 126.16264, "total_freight_value": 5709240.0, "trip_transport_costs": 55706.0, "cst_per_tonne": 32.0, "cst_per_tonne_km": 0.23103896572961377, "co2_tn": 26.504429}], "LGA_36720": [{"industry": "wood_product", "sector": "wood_product", "trips_count": 26, "trailer_loads": 167.5739451, "tonnes": 3764.349, "tonne_kms": 1038190.1, "tonnes_per_trailer": 23.653849, "avg_trip_distance": 217.41956, "avg_trip_duration": 2.4737637, "total_trip_distance": 45802.89, "total_trip_duration": 518.1462, "total_freight_value": 12628697.0, "trip_transport_costs": 208332.0, "cst_per_tonne": 55.0, "cst_per_tonne_km": 0.2006685368364753, "co2_tn": 101.061935}], "LGA_36910": [{"industry": "livestock", "sector": "livestock", "trips_count": 36, "trailer_loads": 200.54545000000002, "tonnes": 3958.0, "tonne_kms": 1055694.4, "tonnes_per_trailer": 19.944445, "avg_trip_distance": 256.58133, "avg_trip_duration": 2.8666644, "total_trip_distance": 49222.566, "total_trip_duration": 549.4012, "total_freight_value": 9777360.0, "trip_transport_costs": 233294.0, "cst_per_tonne": 59.0, "cst_per_tonne_km": 0.22098645937123138, "co2_tn": 114.96059}, {"industry": "wood_product", "sector": "wood_product", "trips_count": 38, "trailer_loads": 585.747467, "tonnes": 12632.29, "tonne_kms": 4046507.5, "tonnes_per_trailer": 23.684202, "avg_trip_distance": 204.96623, "avg_trip_duration": 2.3792262, "total_trip_distance": 183963.67, "total_trip_duration": 2161.3972, "total_freight_value": 21241869.0, "trip_transport_costs": 849809.0, "cst_per_tonne": 67.0, "cst_per_tonne_km": 0.21001052865542497, "co2_tn": 413.16736}]}}