{"orig_lga": "LGA_10250", "orig_name": "Ballina (A)", "orig_state": "NSW", "fetched_at": "2026-03-12T06:47:06.576745+00:00", "destinations": {"LGA_31000": [{"industry": "vegetables", "sector": "horticulture", "trips_count": 17, "trailer_loads": 22.616908680999998, "tonnes": 304.88895, "tonne_kms": 58714.953, "tonnes_per_trailer": 19.235283, "avg_trip_distance": 28.73053, "avg_trip_duration": 0.3068816, "total_trip_distance": 2913.5747, "total_trip_duration": 30.994516, "total_freight_value": 1181791.0, "trip_transport_costs": 16895.0, "cst_per_tonne": 55.0, "cst_per_tonne_km": 0.2877402983444613, "co2_tn": 8.575483}, {"industry": "fruit", "sector": "horticulture", "trips_count": 196, "trailer_loads": 63.72554982000005, "tonnes": 918.05457, "tonne_kms": 170883.88, "tonnes_per_trailer": 15.68878, "avg_trip_distance": 28.900759, "avg_trip_duration": 0.30936232, "total_trip_distance": 8030.3276, "total_trip_duration": 85.997185, "total_freight_value": 5684950.0, "trip_transport_costs": 45960.0, "cst_per_tonne": 50.0, "cst_per_tonne_km": 0.26895570002185426, "co2_tn": 23.296583}, {"industry": "nuts", "sector": "horticulture", "trips_count": 122, "trailer_loads": 148.37038492999994, "tonnes": 2670.6677, "tonne_kms": 472403.25, "tonnes_per_trailer": 18.000002, "avg_trip_distance": 60.369747, "avg_trip_duration": 0.651134, "total_trip_distance": 17527.71, "total_trip_duration": 188.12813, "total_freight_value": 80120035.0, "trip_transport_costs": 101939.0, "cst_per_tonne": 38.0, "cst_per_tonne_km": 0.2157885782452608, "co2_tn": 51.686447}], "LGA_33430": [{"industry": "fruit", "sector": "horticulture", "trips_count": 24, "trailer_loads": 2.5445840400000006, "tonnes": 38.80864, "tonne_kms": 5698.2676, "tonnes_per_trailer": 15.208332, "avg_trip_distance": 11.823744, "avg_trip_duration": 0.12399182, "total_trip_distance": 358.2921, "total_trip_duration": 3.754715, "total_freight_value": 204665.0, "trip_transport_costs": 1701.0, "cst_per_tonne": 44.0, "cst_per_tonne_km": 0.2985493131821019, "co2_tn": 0.8062779}], "LGA_33960": [], "LGA_34590": [{"industry": "fruit", "sector": "horticulture", "trips_count": 11, "trailer_loads": 0.8740142, "tonnes": 13.110223, "tonne_kms": 2250.532, "tonnes_per_trailer": 15.000011, "avg_trip_distance": 10.251035, "avg_trip_duration": 0.10978828, "total_trip_distance": 112.76138, "total_trip_duration": 1.207671, "total_freight_value": 58996.0, "trip_transport_costs": 615.0, "cst_per_tonne": 47.0, "cst_per_tonne_km": 0.27326765388668395, "co2_tn": 0.30383846}, {"industry": "nuts", "sector": "horticulture", "trips_count": 10, "trailer_loads": 7.895976999999999, "tonnes": 142.12749, "tonne_kms": 24997.568, "tonnes_per_trailer": 17.999987, "avg_trip_distance": 58.700172, "avg_trip_duration": 0.6265835, "total_trip_distance": 930.58136, "total_trip_duration": 9.950527, "total_freight_value": 4263827.0, "trip_transport_costs": 5398.0, "cst_per_tonne": 38.0, "cst_per_tonne_km": 0.21596092256629681, "co2_tn": 2.7338583}], "LGA_36910": [{"industry": "livestock", "sector": "livestock", "trips_count": 9, "trailer_loads": 45.0, "tonnes": 900.0, "tonne_kms": 333282.3, "tonnes_per_trailer": 20.0, "avg_trip_distance": 252.67685, "avg_trip_duration": 2.7004538, "total_trip_distance": 11370.458, "total_trip_duration": 121.52042, "total_freight_value": 1939500.0, "trip_transport_costs": 61767.0, "cst_per_tonne": 69.0, "cst_per_tonne_km": 0.18533081153327782, "co2_tn": 32.851627}]}}