{"orig_lga": "LGA_13450", "orig_name": "Griffith (C)", "orig_state": "NSW", "fetched_at": "2026-03-12T07:15:20.983404+00:00", "destinations": {"LGA_10650": [{"industry": "grains", "sector": "cropping", "trips_count": 13, "trailer_loads": 297.74309999999997, "tonnes": 7443.5723, "tonne_kms": 1410432.4, "tonnes_per_trailer": 24.999989, "avg_trip_distance": 126.04569, "avg_trip_duration": 1.4087183, "total_trip_distance": 28835.541, "total_trip_duration": 321.88297, "total_freight_value": 3704027.0, "trip_transport_costs": 187342.0, "cst_per_tonne": 25.0, "cst_per_tonne_km": 0.1328258412241982, "co2_tn": 94.97631}], "LGA_11600": [{"industry": "grains", "sector": "cropping", "trips_count": 12, "trailer_loads": 402.90729999999996, "tonnes": 10072.675, "tonne_kms": 426793.9, "tonnes_per_trailer": 24.999966, "avg_trip_distance": 39.15607, "avg_trip_duration": 0.433516, "total_trip_distance": 10947.28, "total_trip_duration": 122.2423, "total_freight_value": 5482400.0, "trip_transport_costs": 83674.0, "cst_per_tonne": 8.0, "cst_per_tonne_km": 0.19605354830859154, "co2_tn": 32.21103}, {"industry": "livestock", "sector": "livestock", "trips_count": 7, "trailer_loads": 40.0, "tonnes": 800.0, "tonne_kms": 35650.902, "tonnes_per_trailer": 20.0, "avg_trip_distance": 43.412144, "avg_trip_duration": 0.48913333, "total_trip_distance": 1782.5449, "total_trip_duration": 20.182917, "total_freight_value": 1724000.0, "trip_transport_costs": 10305.0, "cst_per_tonne": 13.0, "cst_per_tonne_km": 0.28906696238732577, "co2_tn": 3.9584503}], "LGA_12730": [{"industry": "grains", "sector": "cropping", "trips_count": 16, "trailer_loads": 2299.3896, "tonnes": 51621.133, "tonne_kms": 12077671.0, "tonnes_per_trailer": 24.437496, "avg_trip_distance": 140.59344, "avg_trip_duration": 1.5619103, "total_trip_distance": 272841.34, "total_trip_duration": 3086.1528, "total_freight_value": 90109061.0, "trip_transport_costs": 1743092.0, "cst_per_tonne": 34.0, "cst_per_tonne_km": 0.144323542038923, "co2_tn": 904.3313}], "LGA_12870": [{"industry": "grains", "sector": "cropping", "trips_count": 18, "trailer_loads": 506.47799999999995, "tonnes": 12661.945, "tonne_kms": 2529607.5, "tonnes_per_trailer": 24.999983, "avg_trip_distance": 166.89363, "avg_trip_duration": 1.8134767, "total_trip_distance": 54159.434, "total_trip_duration": 591.4342, "total_freight_value": 5181607.0, "trip_transport_costs": 339934.0, "cst_per_tonne": 27.0, "cst_per_tonne_km": 0.13438209063498488, "co2_tn": 173.98602}], "LGA_13450": [{"industry": "meat", "sector": "cold_food", "trips_count": 55, "trailer_loads": 12823.955979000006, "tonnes": 167031.81, "tonne_kms": 1296063.5, "tonnes_per_trailer": 14.181814, "avg_trip_distance": 7.6425676, "avg_trip_duration": 0.09374988, "total_trip_distance": 99528.52, "total_trip_duration": 1107.3737, "total_freight_value": 1016034085.0, "trip_transport_costs": 1227620.0, "cst_per_tonne": 7.0, "cst_per_tonne_km": 0.9471915099347964, "co2_tn": 219.05801}, {"industry": "grains", "sector": "cropping", "trips_count": 411, "trailer_loads": 18766.250699999993, "tonnes": 454082.12, "tonne_kms": 5705244.5, "tonnes_per_trailer": 22.827248, "avg_trip_distance": 18.11039, "avg_trip_duration": 0.2075085, "total_trip_distance": 192730.64, "total_trip_duration": 2152.5676, "total_freight_value": 383079376.0, "trip_transport_costs": 2112679.0, "cst_per_tonne": 5.0, "cst_per_tonne_km": 0.37030468329454236, "co2_tn": 498.3241}, {"industry": "viticulture", "sector": "horticulture", "trips_count": 21, "trailer_loads": 14484.622000000003, "tonnes": 289692.12, "tonne_kms": 3541797.0, "tonnes_per_trailer": 19.999964, "avg_trip_distance": 12.427662, "avg_trip_duration": 0.17727827, "total_trip_distance": 143031.67, "total_trip_duration": 2064.9453, "total_freight_value": 1158771116.0, "trip_transport_costs": 1644102.0, "cst_per_tonne": 6.0, "cst_per_tonne_km": 0.4642000872897289, "co2_tn": 390.47638}, {"industry": "waste", "sector": "waste", "trips_count": 69, "trailer_loads": 3131.999999999999, "tonnes": 31320.0, "tonne_kms": 277205.75, "tonnes_per_trailer": 10.0, "avg_trip_distance": 12.699729, "avg_trip_duration": 0.17450836, "total_trip_distance": 27720.576, "total_trip_duration": 353.77524, "total_freight_value": 3132000.0, "trip_transport_costs": 322986.0, "cst_per_tonne": 10.0, "cst_per_tonne_km": 1.1651504264509245, "co2_tn": 63.756626}], "LGA_13910": [{"industry": "grains", "sector": "cropping", "trips_count": 9, "trailer_loads": 234.72360000000003, "tonnes": 5868.085, "tonne_kms": 1373678.9, "tonnes_per_trailer": 24.999968, "avg_trip_distance": 160.52605, "avg_trip_duration": 1.7739466, "total_trip_distance": 36326.47, "total_trip_duration": 397.78998, "total_freight_value": 2790387.0, "trip_transport_costs": 203840.0, "cst_per_tonne": 35.0, "cst_per_tonne_km": 0.14839009685476437, "co2_tn": 104.41493}], "LGA_14750": [{"industry": "fibre", "sector": "cropping", "trips_count": 22, "trailer_loads": 1055.5314, "tonnes": 13194.15, "tonne_kms": 521107.7, "tonnes_per_trailer": 12.500005, "avg_trip_distance": 39.47785, "avg_trip_duration": 0.43985036, "total_trip_distance": 24583.209, "total_trip_duration": 276.1242, "total_freight_value": 38922620.0, "trip_transport_costs": 202745.0, "cst_per_tonne": 15.0, "cst_per_tonne_km": 0.38906559924244305, "co2_tn": 75.98002}, {"industry": "grains", "sector": "cropping", "trips_count": 89, "trailer_loads": 7411.0244599999905, "tonnes": 166465.11, "tonne_kms": 8432415.0, "tonnes_per_trailer": 22.820213, "avg_trip_distance": 28.483084, "avg_trip_duration": 0.31879488, "total_trip_distance": 304395.44, "total_trip_duration": 3332.0737, "total_freight_value": 281632785.0, "trip_transport_costs": 1883189.0, "cst_per_tonne": 11.0, "cst_per_tonne_km": 0.22332737130995436, "co2_tn": 750.3921}], "LGA_15560": [{"industry": "grains", "sector": "cropping", "trips_count": 16, "trailer_loads": 708.7634, "tonnes": 16483.49, "tonne_kms": 1364361.8, "tonnes_per_trailer": 23.374977, "avg_trip_distance": 79.42479, "avg_trip_duration": 0.8854081, "total_trip_distance": 31297.646, "total_trip_duration": 351.97635, "total_freight_value": 19401733.0, "trip_transport_costs": 224284.0, "cst_per_tonne": 14.0, "cst_per_tonne_km": 0.16438721881855883, "co2_tn": 101.62935}], "LGA_15800": [{"industry": "grains", "sector": "cropping", "trips_count": 14, "trailer_loads": 604.8957, "tonnes": 15122.373, "tonne_kms": 1144547.2, "tonnes_per_trailer": 24.999968, "avg_trip_distance": 64.56461, "avg_trip_duration": 0.72281927, "total_trip_distance": 28362.863, "total_trip_duration": 317.53943, "total_freight_value": 7072811.0, "trip_transport_costs": 191533.0, "cst_per_tonne": 13.0, "cst_per_tonne_km": 0.16734413645150886, "co2_tn": 86.30071}], "LGA_17350": [{"industry": "grains", "sector": "cropping", "trips_count": 13, "trailer_loads": 756.7749, "tonnes": 18919.37, "tonne_kms": 3273889.0, "tonnes_per_trailer": 24.99998, "avg_trip_distance": 139.74483, "avg_trip_duration": 1.5501993, "total_trip_distance": 67849.516, "total_trip_duration": 752.61584, "total_freight_value": 8049865.0, "trip_transport_costs": 440869.0, "cst_per_tonne": 23.0, "cst_per_tonne_km": 0.13466205664778572, "co2_tn": 221.82747}], "LGA_17750": [{"industry": "grains", "sector": "cropping", "trips_count": 6, "trailer_loads": 83.9376, "tonnes": 2098.44, "tonne_kms": 414721.75, "tonnes_per_trailer": 25.0, "avg_trip_distance": 137.66412, "avg_trip_duration": 1.5386252, "total_trip_distance": 9665.605, "total_trip_duration": 107.71576, "total_freight_value": 1049220.0, "trip_transport_costs": 58246.0, "cst_per_tonne": 28.0, "cst_per_tonne_km": 0.14044484108546876, "co2_tn": 29.498018}, {"industry": "livestock", "sector": "livestock", "trips_count": 6, "trailer_loads": 34.0909, "tonnes": 700.0, "tonne_kms": 143164.9, "tonnes_per_trailer": 20.666674, "avg_trip_distance": 104.18306, "avg_trip_duration": 1.1722467, "total_trip_distance": 3636.577, "total_trip_duration": 40.78432, "total_freight_value": 2313500.0,