{"orig_lga": "LGA_17850", "orig_name": "Walcha (A)", "orig_state": "NSW", "fetched_at": "2026-03-12T07:49:52.099135+00:00", "destinations": {"LGA_11730": [{"industry": "wood_product", "sector": "wood_product", "trips_count": 9, "trailer_loads": 998.8600899999999, "tonnes": 24971.479, "tonne_kms": 7553300.0, "tonnes_per_trailer": 24.999985, "avg_trip_distance": 276.38226, "avg_trip_duration": 3.1587842, "total_trip_distance": 202093.66, "total_trip_duration": 2324.1387, "total_freight_value": 49842953.0, "trip_transport_costs": 1137337.0, "cst_per_tonne": 46.0, "cst_per_tonne_km": 0.15057484315048453, "co2_tn": 602.01575}], "LGA_14920": [{"industry": "livestock", "sector": "livestock", "trips_count": 30, "trailer_loads": 155.0, "tonnes": 3100.0, "tonne_kms": 558217.2, "tonnes_per_trailer": 20.0, "avg_trip_distance": 157.41083, "avg_trip_duration": 1.8395872, "total_trip_distance": 20374.508, "total_trip_duration": 237.70558, "total_freight_value": 6680500.0, "trip_transport_costs": 113382.0, "cst_per_tonne": 37.0, "cst_per_tonne_km": 0.20311420163662777, "co2_tn": 56.859825}, {"industry": "wood_product", "sector": "wood_product", "trips_count": 74, "trailer_loads": 2707.398444999999, "tonnes": 54147.992, "tonne_kms": 7968485.0, "tonnes_per_trailer": 20.0, "avg_trip_distance": 115.87475, "avg_trip_duration": 1.4703567, "total_trip_distance": 354587.03, "total_trip_duration": 4391.6724, "total_freight_value": 81221992.0, "trip_transport_costs": 1837069.0, "cst_per_tonne": 34.0, "cst_per_tonne_km": 0.23054178025418265, "co2_tn": 864.482}], "LGA_15240": [{"industry": "livestock", "sector": "livestock", "trips_count": 14, "trailer_loads": 68.63635, "tonnes": 1400.0, "tonne_kms": 196372.1, "tonnes_per_trailer": 20.428576, "avg_trip_distance": 109.046455, "avg_trip_duration": 1.5014721, "total_trip_distance": 5610.578, "total_trip_duration": 76.953415, "total_freight_value": 4224500.0, "trip_transport_costs": 38773.0, "cst_per_tonne": 28.0, "cst_per_tonne_km": 0.19744449865147579, "co2_tn": 19.205538}, {"industry": "wood_product", "sector": "wood_product", "trips_count": 33, "trailer_loads": 693.550288, "tonnes": 17316.025, "tonne_kms": 2973182.5, "tonnes_per_trailer": 24.909094, "avg_trip_distance": 105.68694, "avg_trip_duration": 1.3451606, "total_trip_distance": 59136.72, "total_trip_duration": 748.30646, "total_freight_value": 34352023.0, "trip_transport_costs": 436806.0, "cst_per_tonne": 25.0, "cst_per_tonne_km": 0.14691544392225006, "co2_tn": 229.97481}], "LGA_17310": [{"industry": "livestock", "sector": "livestock", "trips_count": 120, "trailer_loads": 693.3635999999998, "tonnes": 8120.0, "tonne_kms": 955236.75, "tonnes_per_trailer": 12.050001, "avg_trip_distance": 103.65886, "avg_trip_duration": 1.3129612, "total_trip_distance": 72259.76, "total_trip_duration": 914.53784, "total_freight_value": 49096500.0, "trip_transport_costs": 387594.0, "cst_per_tonne": 48.0, "cst_per_tonne_km": 0.4057568774017279, "co2_tn": 178.20767}, {"industry": "wood_product", "sector": "wood_product", "trips_count": 17, "trailer_loads": 354.113775, "tonnes": 7307.7627, "tonne_kms": 764550.56, "tonnes_per_trailer": 22.058836, "avg_trip_distance": 93.18281, "avg_trip_duration": 1.3241528, "total_trip_distance": 34981.16, "total_trip_duration": 515.72723, "total_freight_value": 11525357.0, "trip_transport_costs": 190936.0, "cst_per_tonne": 26.0, "cst_per_tonne_km": 0.2497362981027983, "co2_tn": 83.59465}]}}