{"orig_lga": "LGA_11350", "orig_name": "Byron (A)", "orig_state": "NSW", "fetched_at": "2026-03-12T06:56:11.208176+00:00", "destinations": {"LGA_10250": [{"industry": "meat", "sector": "cold_food", "trips_count": 16, "trailer_loads": 94.844609, "tonnes": 1707.2004, "tonne_kms": 49277.016, "tonnes_per_trailer": 17.99998, "avg_trip_distance": 21.51309, "avg_trip_duration": 0.26012814, "total_trip_distance": 2737.612, "total_trip_duration": 32.728344, "total_freight_value": 29543145.0, "trip_transport_costs": 18100.0, "cst_per_tonne": 11.0, "cst_per_tonne_km": 0.36731162257825867, "co2_tn": 6.1099863}, {"industry": "waste", "sector": "waste", "trips_count": 43, "trailer_loads": 928.8000000000006, "tonnes": 9288.0, "tonne_kms": 311500.94, "tonnes_per_trailer": 10.0, "avg_trip_distance": 32.92822, "avg_trip_duration": 0.3935816, "total_trip_distance": 31150.094, "total_trip_duration": 372.3282, "total_freight_value": 928800.0, "trip_transport_costs": 193569.0, "cst_per_tonne": 21.0, "cst_per_tonne_km": 0.6214089835830149, "co2_tn": 69.75006}], "LGA_11350": [{"industry": "meat", "sector": "cold_food", "trips_count": 19, "trailer_loads": 146.51136799999998, "tonnes": 2138.6184, "tonne_kms": 24724.87, "tonnes_per_trailer": 17.210522, "avg_trip_distance": 8.140883, "avg_trip_duration": 0.12111958, "total_trip_distance": 1773.3851, "total_trip_duration": 26.961962, "total_freight_value": 22604528.0, "trip_transport_costs": 17671.0, "cst_per_tonne": 8.0, "cst_per_tonne_km": 0.7146993992400584, "co2_tn": 4.158785}], "LGA_11730": [{"industry": "meat", "sector": "cold_food", "trips_count": 8, "trailer_loads": 33.537434000000005, "tonnes": 603.67377, "tonne_kms": 71270.4, "tonnes_per_trailer": 17.999962, "avg_trip_distance": 100.23842, "avg_trip_duration": 1.0799005, "total_trip_distance": 3959.4668, "total_trip_duration": 41.746273, "total_freight_value": 10194034.0, "trip_transport_costs": 18825.0, "cst_per_tonne": 31.0, "cst_per_tonne_km": 0.2641296388960079, "co2_tn": 8.695272}], "LGA_14850": [{"industry": "meat", "sector": "cold_food", "trips_count": 16, "trailer_loads": 39.106663999999995, "tonnes": 703.9182, "tonne_kms": 26806.47, "tonnes_per_trailer": 17.999954, "avg_trip_distance": 24.470234, "avg_trip_duration": 0.3208163, "total_trip_distance": 1489.2484, "total_trip_duration": 19.388348, "total_freight_value": 11586909.0, "trip_transport_costs": 9211.0, "cst_per_tonne": 13.0, "cst_per_tonne_km": 0.343626399205135, "co2_tn": 3.349098}, {"industry": "waste", "sector": "waste", "trips_count": 8, "trailer_loads": 172.79999999999998, "tonnes": 1728.0, "tonne_kms": 83330.86, "tonnes_per_trailer": 10.0, "avg_trip_distance": 47.347076, "avg_trip_duration": 0.6210757, "total_trip_distance": 8333.086, "total_trip_duration": 109.30932, "total_freight_value": 172800.0, "trip_transport_costs": 48427.0, "cst_per_tonne": 28.0, "cst_per_tonne_km": 0.5811440417762402, "co2_tn": 18.828527}], "LGA_16610": [{"industry": "meat", "sector": "cold_food", "trips_count": 8, "trailer_loads": 22.937443, "tonnes": 412.87427, "tonne_kms": 28878.74, "tonnes_per_trailer": 17.99997, "avg_trip_distance": 45.308132, "avg_trip_duration": 0.5259617, "total_trip_distance": 1604.3745, "total_trip_duration": 19.707293, "total_freight_value": 6970818.0, "trip_transport_costs": 8553.0, "cst_per_tonne": 21.0, "cst_per_tonne_km": 0.29616413978269174, "co2_tn": 3.5891504}, {"industry": "sugar", "sector": "cropping", "trips_count": 8, "trailer_loads": 823.928, "tonnes": 22246.0, "tonne_kms": 1108543.2, "tonnes_per_trailer": 26.999931, "avg_trip_distance": 49.70808, "avg_trip_duration": 0.56563663, "total_trip_distance": 34315.93, "total_trip_duration": 391.61484, "total_freight_value": 1334760.0, "trip_transport_costs": 211839.0, "cst_per_tonne": 10.0, "cst_per_tonne_km": 0.1910966930868507, "co2_tn": 86.18228}], "LGA_17550": [{"industry": "waste", "sector": "waste", "trips_count": 41, "trailer_loads": 885.6000000000006, "tonnes": 8856.0, "tonne_kms": 261448.56, "tonnes_per_trailer": 10.0, "avg_trip_distance": 28.985428, "avg_trip_duration": 0.3297205, "total_trip_distance": 26144.855, "total_trip_duration": 297.40787, "total_freight_value": 885600.0, "trip_transport_costs": 168349.0, "cst_per_tonne": 19.0, "cst_per_tonne_km": 0.6439093635874718, "co2_tn": 58.270912}], "LGA_31000": [{"industry": "meat", "sector": "cold_food", "trips_count": 9, "trailer_loads": 1086.2087900000001, "tonnes": 19551.748, "tonne_kms": 3108803.8, "tonnes_per_trailer": 18.000011, "avg_trip_distance": 119.3451, "avg_trip_duration": 1.2860852, "total_trip_distance": 160935.44, "total_trip_duration": 1713.605, "total_freight_value": 309177226.0, "trip_transport_costs": 774485.0, "cst_per_tonne": 40.0, "cst_per_tonne_km": 0.24912638331318557, "co2_tn": 370.25714}, {"industry": "vegetables", "sector": "horticulture", "trips_count": 17, "trailer_loads": 1.5129948, "tonnes": 22.588776, "tonne_kms": 3514.0808, "tonnes_per_trailer": 16.235292, "avg_trip_distance": 11.286114, "avg_trip_duration": 0.11907985, "total_trip_distance": 191.86394, "total_trip_duration": 2.0243573, "total_freight_value": 154624.0, "trip_transport_costs": 1001.0, "cst_per_tonne": 44.0, "cst_per_tonne_km": 0.2849564759727362, "co2_tn": 0.48586163}, {"industry": "fruit", "sector": "horticulture", "trips_count": 188, "trailer_loads": 26.00609039, "tonnes": 458.28494, "tonne_kms": 72135.1, "tonnes_per_trailer": 16.781914, "avg_trip_distance": 14.834255, "avg_trip_duration": 0.15905753, "total_trip_distance": 3289.9858, "total_trip_duration": 35.21679, "total_freight_value": 1866707.0, "trip_transport_costs": 17355.0, "cst_per_tonne": 38.0, "cst_per_tonne_km": 0.24059233762890772, "co2_tn": 8.463523}, {"industry": "nuts", "sector": "horticulture", "trips_count": 127, "trailer_loads": 57.54828959999997, "tonnes": 1035.8693, "tonne_kms": 174573.61, "tonnes_per_trailer": 18.0, "avg_trip_distance": 33.347443, "avg_trip_duration": 0.36366072, "total_trip_distance": 7118.3066, "total_trip_duration": 77.56044, "total_freight_value": 31076070.0, "trip_transport_costs": 39344.0, "cst_per_tonne": 38.0, "cst_per_tonne_km": 0.22536988356805007, "co2_tn": 19.579817}, {"industry": "wood_product", "sector": "wood_product", "trips_count": 8, "trailer_loads": 7.050552000000001, "tonnes": 176.264, "tonne_kms": 29354.611, "tonnes_per_trailer": 25.000034, "avg_trip_distance": 86.79574, "avg_trip_duration": 0.94336975, "total_trip_distance": 782.80444, "total_trip_duration": 8.538271, "total_freight_value": 272528.0, "trip_transport_costs": 4559.0, "cst_per_tonne": 26.0, "cst_per_tonne_km": 0.15530203173432697, "co2_tn": 2.3184633}]}}