{"orig_lga": "LGA_14300", "orig_name": "Junee (A)", "orig_state": "NSW", "fetched_at": "2026-03-12T07:19:12.178083+00:00", "destinations": {"LGA_10800": [{"industry": "grains", "sector": "cropping", "trips_count": 16, "trailer_loads": 553.7363, "tonnes": 13633.965, "tonne_kms": 1748976.6, "tonnes_per_trailer": 23.999998, "avg_trip_distance": 128.0838, "avg_trip_duration": 1.4674314, "total_trip_distance": 48241.598, "total_trip_duration": 550.3917, "total_freight_value": 5526678.0, "trip_transport_costs": 288563.0, "cst_per_tonne": 21.0, "cst_per_tonne_km": 0.16498947846769393, "co2_tn": 142.4976}], "LGA_12000": [{"industry": "grains", "sector": "cropping", "trips_count": 45, "trailer_loads": 1742.78178, "tonnes": 43352.023, "tonne_kms": 2067823.8, "tonnes_per_trailer": 24.6, "avg_trip_distance": 48.3859, "avg_trip_duration": 0.5542902, "total_trip_distance": 55535.855, "total_trip_duration": 636.0072, "total_freight_value": 20168282.0, "trip_transport_costs": 402735.0, "cst_per_tonne": 9.0, "cst_per_tonne_km": 0.1947628281473004, "co2_tn": 165.41664}], "LGA_12870": [{"industry": "grains", "sector": "cropping", "trips_count": 10, "trailer_loads": 318.35169999999994, "tonnes": 7958.8013, "tonne_kms": 1574376.2, "tonnes_per_trailer": 25.00002, "avg_trip_distance": 186.44188, "avg_trip_duration": 2.0805638, "total_trip_distance": 41985.418, "total_trip_duration": 469.25854, "total_freight_value": 3181318.0, "trip_transport_costs": 241168.0, "cst_per_tonne": 30.0, "cst_per_tonne_km": 0.15318322060184947, "co2_tn": 124.50624}], "LGA_12900": [{"industry": "grains", "sector": "cropping", "trips_count": 6, "trailer_loads": 24.272280000000002, "tonnes": 558.2628, "tonne_kms": 109907.9, "tonnes_per_trailer": 23.000015, "avg_trip_distance": 115.882416, "avg_trip_duration": 1.3188682, "total_trip_distance": 3476.4722, "total_trip_duration": 39.566044, "total_freight_value": 167479.0, "trip_transport_costs": 19309.0, "cst_per_tonne": 35.0, "cst_per_tonne_km": 0.17568367212789188, "co2_tn": 9.697913}, {"industry": "livestock", "sector": "livestock", "trips_count": 7, "trailer_loads": 40.0, "tonnes": 500.0, "tonne_kms": 118381.96, "tonnes_per_trailer": 12.857142, "avg_trip_distance": 229.32884, "avg_trip_duration": 2.539358, "total_trip_distance": 6421.2075, "total_trip_duration": 71.10202, "total_freight_value": 2531000.0, "trip_transport_costs": 36289.0, "cst_per_tonne": 73.0, "cst_per_tonne_km": 0.3065405307805619, "co2_tn": 19.124187}], "LGA_13340": [], "LGA_13450": [], "LGA_13510": [{"industry": "grains", "sector": "cropping", "trips_count": 19, "trailer_loads": 908.9944, "tonnes": 22620.15, "tonne_kms": 1156109.2, "tonnes_per_trailer": 24.578955, "avg_trip_distance": 50.451008, "avg_trip_duration": 0.5710581, "total_trip_distance": 31884.424, "total_trip_duration": 355.53955, "total_freight_value": 9990379.0, "trip_transport_costs": 221604.0, "cst_per_tonne": 10.0, "cst_per_tonne_km": 0.1916810237352947, "co2_tn": 92.543045}, {"industry": "livestock", "sector": "livestock", "trips_count": 26, "trailer_loads": 156.0, "tonnes": 1560.0, "tonne_kms": 114177.72, "tonnes_per_trailer": 10.0, "avg_trip_distance": 73.19085, "avg_trip_duration": 0.82872564, "total_trip_distance": 8029.624, "total_trip_duration": 90.960266, "total_freight_value": 10920000.0, "trip_transport_costs": 50749.0, "cst_per_tonne": 33.0, "cst_per_tonne_km": 0.444469955323554, "co2_tn": 22.968933}], "LGA_14300": [{"industry": "grains", "sector": "cropping", "trips_count": 46, "trailer_loads": 1391.03264, "tonnes": 34558.28, "tonne_kms": 708925.06, "tonnes_per_trailer": 24.608692, "avg_trip_distance": 19.872974, "avg_trip_duration": 0.23022655, "total_trip_distance": 25703.926, "total_trip_duration": 297.4299, "total_freight_value": 15162580.0, "trip_transport_costs": 204273.0, "cst_per_tonne": 6.0, "cst_per_tonne_km": 0.28814418333349723, "co2_tn": 61.717884}, {"industry": "livestock", "sector": "livestock", "trips_count": 59, "trailer_loads": 372.0, "tonnes": 3720.0, "tonne_kms": 86836.2, "tonnes_per_trailer": 10.0, "avg_trip_distance": 23.8581, "avg_trip_duration": 0.30366752, "total_trip_distance": 6722.85, "total_trip_duration": 86.34033, "total_freight_value": 26040000.0, "trip_transport_costs": 57415.0, "cst_per_tonne": 15.0, "cst_per_tonne_km": 0.661184726807853, "co2_tn": 18.466137}, {"industry": "waste", "sector": "waste", "trips_count": 17, "trailer_loads": 367.2000000000001, "tonnes": 3672.0, "tonne_kms": 30085.344, "tonnes_per_trailer": 10.0, "avg_trip_distance": 8.0442095, "avg_trip_duration": 0.11984246, "total_trip_distance": 3008.5344, "total_trip_duration": 44.82108, "total_freight_value": 367200.0, "trip_transport_costs": 37213.0, "cst_per_tonne": 10.0, "cst_per_tonne_km": 1.2369161352574085, "co2_tn": 7.199948}], "LGA_14750": [{"industry": "grains", "sector": "cropping", "trips_count": 8, "trailer_loads": 313.05288, "tonnes": 7818.241, "tonne_kms": 1244208.9, "tonnes_per_trailer": 24.750029, "avg_trip_distance": 135.17596, "avg_trip_duration": 1.6051677, "total_trip_distance": 33221.46, "total_trip_duration": 392.59866, "total_freight_value": 3150924.0, "trip_transport_costs": 198522.0, "cst_per_tonne": 25.0, "cst_per_tonne_km": 0.15955690258021388, "co2_tn": 100.06062}], "LGA_17350": [{"industry": "grains", "sector": "cropping", "trips_count": 48, "trailer_loads": 1862.16374, "tonnes": 46328.484, "tonne_kms": 2225702.0, "tonnes_per_trailer": 24.583344, "avg_trip_distance": 46.006744, "avg_trip_duration": 0.52128613, "total_trip_distance": 77150.62, "total_trip_duration": 883.79004, "total_freight_value": 19870181.0, "trip_transport_costs": 473448.0, "cst_per_tonne": 10.0, "cst_per_tonne_km": 0.21271864148306144, "co2_tn": 190.29195}, {"industry": "livestock", "sector": "livestock", "trips_count": 8, "trailer_loads": 40.0, "tonnes": 800.0, "tonne_kms": 53119.8, "tonnes_per_trailer": 20.0, "avg_trip_distance": 56.543373, "avg_trip_duration": 0.638834, "total_trip_distance": 1867.48, "total_trip_duration": 21.079556, "total_freight_value": 1724000.0, "trip_transport_costs": 12110.0, "cst_per_tonne": 15.0, "cst_per_tonne_km": 0.2279807034791421, "co2_tn": 5.357617}], "LGA_17750": [{"industry": "meat", "sector": "cold_food", "trips_count": 8, "trailer_loads": 22.716547, "tonnes": 408.89832, "tonne_kms": 17051.281, "tonnes_per_trailer": 18.000004, "avg_trip_distance": 36.97712, "avg_trip_duration": 0.42702413, "total_trip_distance": 947.29346, "total_trip_duration": 11.308747, "total_freight_value": 13902564.0, "trip_transport_costs": 5600.0, "cst_per_tonne": 14.0, "cst_per_tonne_km": 0.32841654714936225, "co2_tn": 2.1031005}, {"industry": "grains", "sector": "cropping", "trips_count": 16, "trailer_loads": 974.9670800000001, "tonnes": 24180.49, "tonne_kms": 910962.8, "tonnes_per_trailer": 23.125023, "avg_trip_distance": 54.221794, "avg_trip_duration": 0.61183584, "total_trip_distance": 31355.338, "total_trip_duration": 371.6301, "total_freight_value": 9617110.0, "trip_transport_costs": 208106.0, "cst_per_tonne": 9.0, "cst_per_tonne_km": 0.2284465562449208, "co2_tn": 78.71075}, {"industry": "livestock", "sector": "livestock", "trips_count": 31, "trailer_loads": 191.96965, "tonnes": 3933.333, "tonne_kms": 162528.19, "tonnes_per_trailer": 20.516134, "avg_trip_distance": 43.94428, "avg_trip_duration": 0.4998628, "total_trip_distance": 7941.6577, "total_trip_duration": 90.03288, "total_freight_value": 12635500.0, "trip_transport_costs": 46082.0, "cst_per_tonne": 12.0, "cst_per_tonne_km": 0.28353400022306235, "co2_tn": 17.568857}], "LGA_24900": [], "LGA_26170": [{"industry": "grains", "sector": "cropping", "trips_count": 8, "trailer_loads": 32.363040000000005, "tonnes": 744.35046, "tonne_kms": 501612.25, "tonnes_per_trailer": 23.000015, "avg_trip_distance": 574.1907, "avg_trip_duration": 6.130023, "total_trip_distance": 14540.171, "total_trip_duration": 155.45068, "total_freight_value": 223305.0, "trip_transport_costs": 81913.0, "cst_per_tonne": 110.0,