{"orig_lga": "LGA_15800", "orig_name": "Narrandera (A)", "orig_state": "NSW", "fetched_at": "2026-03-12T07:33:45.012852+00:00", "destinations": {"LGA_10650": [{"industry": "grains", "sector": "cropping", "trips_count": 38, "trailer_loads": 1151.2565, "tonnes": 28734.58, "tonne_kms": 5606963.0, "tonnes_per_trailer": 24.894718, "avg_trip_distance": 117.47971, "avg_trip_duration": 1.2841982, "total_trip_distance": 119297.82, "total_trip_duration": 1307.1659, "total_freight_value": 14010960.0, "trip_transport_costs": 762017.0, "cst_per_tonne": 27.0, "cst_per_tonne_km": 0.1359055602389219, "co2_tn": 384.9664}], "LGA_12000": [{"industry": "grains", "sector": "cropping", "trips_count": 102, "trailer_loads": 2791.405300000001, "tonnes": 69699.23, "tonne_kms": 4485957.5, "tonnes_per_trailer": 24.921558, "avg_trip_distance": 59.72523, "avg_trip_duration": 0.6637517, "total_trip_distance": 162566.27, "total_trip_duration": 1804.948, "total_freight_value": 29275722.0, "trip_transport_costs": 901256.0, "cst_per_tonne": 13.0, "cst_per_tonne_km": 0.20090601964030777, "co2_tn": 384.1416}], "LGA_12730": [{"industry": "grains", "sector": "cropping", "trips_count": 20, "trailer_loads": 508.8729999999999, "tonnes": 12651.604, "tonne_kms": 2983884.8, "tonnes_per_trailer": 24.699978, "avg_trip_distance": 125.54656, "avg_trip_duration": 1.3782179, "total_trip_distance": 61359.047, "total_trip_duration": 678.0827, "total_freight_value": 5136835.0, "trip_transport_costs": 393296.0, "cst_per_tonne": 31.0, "cst_per_tonne_km": 0.13180683479711305, "co2_tn": 201.97621}], "LGA_12870": [{"industry": "grains", "sector": "cropping", "trips_count": 64, "trailer_loads": 1760.1880999999998, "tonnes": 43918.773, "tonne_kms": 4593844.5, "tonnes_per_trailer": 24.874985, "avg_trip_distance": 87.36523, "avg_trip_duration": 0.9635723, "total_trip_distance": 130653.71, "total_trip_duration": 1442.998, "total_freight_value": 19461672.0, "trip_transport_costs": 760073.0, "cst_per_tonne": 17.0, "cst_per_tonne_km": 0.16545465055737135, "co2_tn": 351.67273}], "LGA_12900": [{"industry": "livestock", "sector": "livestock", "trips_count": 6, "trailer_loads": 31.0, "tonnes": 560.0, "tonne_kms": 151137.52, "tonnes_per_trailer": 18.333334, "avg_trip_distance": 181.15425, "avg_trip_duration": 1.9190935, "total_trip_distance": 4377.906, "total_trip_duration": 46.375134, "total_freight_value": 1497500.0, "trip_transport_costs": 26936.0, "cst_per_tonne": 48.0, "cst_per_tonne_km": 0.17822059924782901, "co2_tn": 14.183211}], "LGA_13450": [{"industry": "grains", "sector": "cropping", "trips_count": 47, "trailer_loads": 2101.882899999999, "tonnes": 52117.59, "tonne_kms": 4138771.2, "tonnes_per_trailer": 24.148935, "avg_trip_distance": 86.0345, "avg_trip_duration": 0.9528071, "total_trip_distance": 109988.52, "total_trip_duration": 1241.8281, "total_freight_value": 21728085.0, "trip_transport_costs": 709253.0, "cst_per_tonne": 14.0, "cst_per_tonne_km": 0.17136812024069945, "co2_tn": 316.05652}, {"industry": "food", "sector": "food", "trips_count": 16, "trailer_loads": 77.62956899999998, "tonnes": 749.6488, "tonne_kms": 72512.875, "tonnes_per_trailer": 13.25, "avg_trip_distance": 73.24654, "avg_trip_duration": 0.8601345, "total_trip_distance": 7505.0923, "total_trip_duration": 87.97296, "total_freight_value": 3444087.0, "trip_transport_costs": 37593.0, "cst_per_tonne": 50.0, "cst_per_tonne_km": 0.5184349098080427, "co2_tn": 16.755112}], "LGA_13510": [{"industry": "grains", "sector": "cropping", "trips_count": 24, "trailer_loads": 682.5759999999999, "tonnes": 16869.215, "tonne_kms": 2468056.2, "tonnes_per_trailer": 24.24999, "avg_trip_distance": 139.85951, "avg_trip_duration": 1.5511148, "total_trip_distance": 84405.15, "total_trip_duration": 933.6882, "total_freight_value": 6767414.0, "trip_transport_costs": 431969.0, "cst_per_tonne": 26.0, "cst_per_tonne_km": 0.17502387241256404, "co2_tn": 208.10619}, {"industry": "livestock", "sector": "livestock", "trips_count": 9, "trailer_loads": 53.0, "tonnes": 580.0, "tonne_kms": 106494.2, "tonnes_per_trailer": 11.111111, "avg_trip_distance": 176.88019, "avg_trip_duration": 1.9575818, "total_trip_distance": 8795.871, "total_trip_duration": 97.28861, "total_freight_value": 3575500.0, "trip_transport_costs": 42294.0, "cst_per_tonne": 73.0, "cst_per_tonne_km": 0.39715193564673196, "co2_tn": 20.486017}], "LGA_13910": [{"industry": "grains", "sector": "cropping", "trips_count": 19, "trailer_loads": 437.2026, "tonnes": 10883.251, "tonne_kms": 1965697.6, "tonnes_per_trailer": 24.789465, "avg_trip_distance": 151.30849, "avg_trip_duration": 1.6616639, "total_trip_distance": 67234.14, "total_trip_duration": 739.49493, "total_freight_value": 5121916.0, "trip_transport_costs": 334540.0, "cst_per_tonne": 31.0, "cst_per_tonne_km": 0.17018905604395873, "co2_tn": 162.44873}], "LGA_14300": [{"industry": "grains", "sector": "cropping", "trips_count": 15, "trailer_loads": 300.3549, "tonnes": 7337.095, "tonne_kms": 938917.7, "tonnes_per_trailer": 23.93332, "avg_trip_distance": 118.0491, "avg_trip_duration": 1.3332905, "total_trip_distance": 33980.65, "total_trip_duration": 377.41425, "total_freight_value": 3041433.0, "trip_transport_costs": 172196.0, "cst_per_tonne": 23.0, "cst_per_tonne_km": 0.18339800511999088, "co2_tn": 81.057}, {"industry": "livestock", "sector": "livestock", "trips_count": 11, "trailer_loads": 66.0, "tonnes": 660.0, "tonne_kms": 74778.0, "tonnes_per_trailer": 10.0, "avg_trip_distance": 113.3, "avg_trip_duration": 1.3092333, "total_trip_distance": 6544.246, "total_trip_duration": 75.83687, "total_freight_value": 4620000.0, "trip_transport_costs": 34253.0, "cst_per_tonne": 52.0, "cst_per_tonne_km": 0.45806298557793557, "co2_tn": 16.01076}], "LGA_14750": [{"industry": "grains", "sector": "cropping", "trips_count": 99, "trailer_loads": 2711.380359999999, "tonnes": 65325.914, "tonne_kms": 4081891.0, "tonnes_per_trailer": 23.232315, "avg_trip_distance": 58.17075, "avg_trip_duration": 0.6586343, "total_trip_distance": 153955.44, "total_trip_duration": 1741.6301, "total_freight_value": 38048931.0, "trip_transport_costs": 858991.0, "cst_per_tonne": 13.0, "cst_per_tonne_km": 0.21043955298728273, "co2_tn": 361.07437}, {"industry": "livestock", "sector": "livestock", "trips_count": 24, "trailer_loads": 226.36369, "tonnes": 4700.0, "tonne_kms": 149859.8, "tonnes_per_trailer": 20.916666, "avg_trip_distance": 32.469784, "avg_trip_duration": 0.38499773, "total_trip_distance": 7194.1904, "total_trip_duration": 85.29128, "total_freight_value": 17776000.0, "trip_transport_costs": 45576.0, "cst_per_tonne": 10.0, "cst_per_tonne_km": 0.30412731657282366, "co2_tn": 16.127478}], "LGA_15560": [{"industry": "grains", "sector": "cropping", "trips_count": 20, "trailer_loads": 438.5622999999999, "tonnes": 10659.566, "tonne_kms": 1271530.9, "tonnes_per_trailer": 23.599968, "avg_trip_distance": 99.40337, "avg_trip_duration": 1.0777087, "total_trip_distance": 40888.234, "total_trip_duration": 448.92874, "total_freight_value": 4078974.0, "trip_transport_costs": 221982.0, "cst_per_tonne": 21.0, "cst_per_tonne_km": 0.17457824311242393, "co2_tn": 103.46213}], "LGA_15800": [{"industry": "grains", "sector": "cropping", "trips_count": 154, "trailer_loads": 4281.039019999996, "tonnes": 106424.73, "tonne_kms": 3270603.8, "tonnes_per_trailer": 24.636349, "avg_trip_distance": 31.474224, "avg_trip_duration": 0.35505232, "total_trip_distance": 118059.06, "total_trip_duration": 1322.6068, "total_freight_value": 44140110.0, "trip_transport_costs": 799814.0, "cst_per_tonne": 8.0, "cst_per_tonne_km": 0.24454635957095722, "co2_tn": 279.97147}], "LGA_17350": [{"industry": "grains", "sector": "cropping", "trips_count": 42, "trailer_loads": 1394.6421999999995, "tonnes": 34608.363, "tonne_kms": 4499377.5, "tonnes_per_trailer": 24.428555, "avg_trip_distance": 104.89367, "avg_trip_duration": 1.1678754, "total_trip_distance": 128186.01, "total_trip_duration": 1422.34, "total_freight_value": 14116159.0,