{"orig_lga": "LGA_43080", "orig_name": "Karoonda East Murray (DC)", "orig_state": "SA", "fetched_at": "2026-03-12T07:19:27.878035+00:00", "destinations": {"LGA_31000": [{"industry": "vegetables", "sector": "horticulture", "trips_count": 13, "trailer_loads": 5.644819200000001, "tonnes": 120.40329, "tonne_kms": 233000.84, "tonnes_per_trailer": 21.307707, "avg_trip_distance": 322.44095, "avg_trip_duration": 3.4691865, "total_trip_distance": 5926.016, "total_trip_duration": 63.78811, "total_freight_value": 480369.0, "trip_transport_costs": 34543.0, "cst_per_tonne": 287.0, "cst_per_tonne_km": 0.148250576647066, "co2_tn": 18.58747}], "LGA_40220": [{"industry": "grains", "sector": "cropping", "trips_count": 26, "trailer_loads": 272.78080999999986, "tonnes": 6696.965, "tonne_kms": 872386.5, "tonnes_per_trailer": 24.538488, "avg_trip_distance": 119.34142, "avg_trip_duration": 1.283177, "total_trip_distance": 23720.758, "total_trip_duration": 257.40625, "total_freight_value": 2415057.0, "trip_transport_costs": 141332.0, "cst_per_tonne": 21.0, "cst_per_tonne_km": 0.16200633012425272, "co2_tn": 70.52801}], "LGA_42250": [{"industry": "grains", "sector": "cropping", "trips_count": 17, "trailer_loads": 173.63119999999992, "tonnes": 3993.5215, "tonne_kms": 1633645.8, "tonnes_per_trailer": 23.00002, "avg_trip_distance": 348.63736, "avg_trip_duration": 3.7264197, "total_trip_distance": 41673.656, "total_trip_duration": 445.47058, "total_freight_value": 1198056.0, "trip_transport_costs": 240472.0, "cst_per_tonne": 60.0, "cst_per_tonne_km": 0.14719948763849966, "co2_tn": 129.69592}], "LGA_43650": [{"industry": "grains", "sector": "cropping", "trips_count": 37, "trailer_loads": 429.35117, "tonnes": 10733.776, "tonne_kms": 2090776.0, "tonnes_per_trailer": 25.00002, "avg_trip_distance": 177.14787, "avg_trip_duration": 1.9223924, "total_trip_distance": 55299.0, "total_trip_duration": 600.87103, "total_freight_value": 4169130.0, "trip_transport_costs": 317348.0, "cst_per_tonne": 30.0, "cst_per_tonne_km": 0.15178458953294474, "co2_tn": 164.57281}], "LGA_43920": [{"industry": "grains", "sector": "cropping", "trips_count": 10, "trailer_loads": 155.57172, "tonnes": 3889.2927, "tonne_kms": 795567.8, "tonnes_per_trailer": 25.000008, "avg_trip_distance": 191.02536, "avg_trip_duration": 2.120801, "total_trip_distance": 20824.406, "total_trip_duration": 234.26425, "total_freight_value": 1432456.0, "trip_transport_costs": 120442.0, "cst_per_tonne": 31.0, "cst_per_tonne_km": 0.15139074337432737, "co2_tn": 62.46156}], "LGA_45040": [{"industry": "grains", "sector": "cropping", "trips_count": 21, "trailer_loads": 254.27037999999993, "tonnes": 6234.209, "tonne_kms": 497704.56, "tonnes_per_trailer": 24.428612, "avg_trip_distance": 87.77904, "avg_trip_duration": 0.937257, "total_trip_distance": 13502.92, "total_trip_duration": 145.46283, "total_freight_value": 2250446.0, "trip_transport_costs": 86543.0, "cst_per_tonne": 14.0, "cst_per_tonne_km": 0.17388466839714492, "co2_tn": 40.19701}], "LGA_45890": [{"industry": "grains", "sector": "cropping", "trips_count": 48, "trailer_loads": 254.91876999999997, "tonnes": 6115.2734, "tonne_kms": 1121001.1, "tonnes_per_trailer": 24.166681, "avg_trip_distance": 167.25099, "avg_trip_duration": 1.9114633, "total_trip_distance": 30491.244, "total_trip_duration": 349.789, "total_freight_value": 3045463.0, "trip_transport_costs": 179852.0, "cst_per_tonne": 29.0, "cst_per_tonne_km": 0.16043883377831553, "co2_tn": 91.94089}, {"industry": "vegetables", "sector": "horticulture", "trips_count": 70, "trailer_loads": 120.26393645999998, "tonnes": 2483.7366, "tonne_kms": 376631.12, "tonnes_per_trailer": 20.642853, "avg_trip_distance": 44.411915, "avg_trip_duration": 0.5115967, "total_trip_distance": 12152.947, "total_trip_duration": 138.66173, "total_freight_value": 9920064.0, "trip_transport_costs": 72495.0, "cst_per_tonne": 29.0, "cst_per_tonne_km": 0.19248184620693154, "co2_tn": 36.205853}], "LGA_47630": [{"industry": "grains", "sector": "cropping", "trips_count": 54, "trailer_loads": 241.1385799999999, "tonnes": 5889.4453, "tonne_kms": 1239143.6, "tonnes_per_trailer": 24.444473, "avg_trip_distance": 168.42027, "avg_trip_duration": 1.8559747, "total_trip_distance": 31952.898, "total_trip_duration": 351.85745, "total_freight_value": 3061899.0, "trip_transport_costs": 187322.0, "cst_per_tonne": 32.0, "cst_per_tonne_km": 0.15117055630087245, "co2_tn": 97.25368}, {"industry": "livestock", "sector": "livestock", "trips_count": 23, "trailer_loads": 138.0, "tonnes": 1380.0, "tonne_kms": 299512.56, "tonnes_per_trailer": 10.0, "avg_trip_distance": 217.03809, "avg_trip_duration": 2.3619907, "total_trip_distance": 19507.473, "total_trip_duration": 212.33899, "total_freight_value": 9660000.0, "trip_transport_costs": 111957.0, "cst_per_tonne": 81.0, "cst_per_tonne_km": 0.3737973566647664, "co2_tn": 58.494232}], "LGA_47800": [{"industry": "grains", "sector": "cropping", "trips_count": 154, "trailer_loads": 847.09503, "tonnes": 20772.496, "tonne_kms": 1615372.6, "tonnes_per_trailer": 24.571459, "avg_trip_distance": 67.67237, "avg_trip_duration": 0.7437398, "total_trip_distance": 43855.87, "total_trip_duration": 480.3028, "total_freight_value": 10258208.0, "trip_transport_costs": 284674.0, "cst_per_tonne": 14.0, "cst_per_tonne_km": 0.1762278311273597, "co2_tn": 131.12766}]}}