{"orig_lga": "LGA_45540", "orig_name": "Peterborough (DC)", "orig_state": "SA", "fetched_at": "2026-03-12T07:37:01.572489+00:00", "destinations": {"LGA_40220": [{"industry": "grains", "sector": "cropping", "trips_count": 11, "trailer_loads": 115.06789999999998, "tonnes": 2673.1497, "tonne_kms": 899639.44, "tonnes_per_trailer": 23.363571, "avg_trip_distance": 245.95699, "avg_trip_duration": 2.7697008, "total_trip_distance": 21685.17, "total_trip_duration": 243.97275, "total_freight_value": 826881.0, "trip_transport_costs": 129609.0, "cst_per_tonne": 48.0, "cst_per_tonne_km": 0.1440676530844197, "co2_tn": 67.80177}]}}