{"orig_lga": "LGA_44550", "orig_name": "Mount Barker (DC)", "orig_state": "SA", "fetched_at": "2026-03-12T07:31:13.203041+00:00", "destinations": {"LGA_31000": [{"industry": "fruit", "sector": "horticulture", "trips_count": 15, "trailer_loads": 89.60536822000002, "tonnes": 1764.2465, "tonne_kms": 3681258.5, "tonnes_per_trailer": 14.533331, "avg_trip_distance": 246.93027, "avg_trip_duration": 2.6447449, "total_trip_distance": 102070.06, "total_trip_duration": 1092.8771, "total_freight_value": 7101501.0, "trip_transport_costs": 588797.0, "cst_per_tonne": 334.0, "cst_per_tonne_km": 0.15994449111326697, "co2_tn": 318.46536}], "LGA_40120": [{"industry": "grains", "sector": "cropping", "trips_count": 7, "trailer_loads": 90.72000000000003, "tonnes": 2268.0, "tonne_kms": 56414.88, "tonnes_per_trailer": 25.0, "avg_trip_distance": 24.797749, "avg_trip_duration": 0.32549775, "total_trip_distance": 2256.5952, "total_trip_duration": 29.620296, "total_freight_value": 1134000.0, "trip_transport_costs": 15905.0, "cst_per_tonne": 7.0, "cst_per_tonne_km": 0.2819339673903069, "co2_tn": 5.10624}, {"industry": "livestock", "sector": "livestock", "trips_count": 20, "trailer_loads": 306.0, "tonnes": 6300.0, "tonne_kms": 89874.6, "tonnes_per_trailer": 13.75, "avg_trip_distance": 24.074955, "avg_trip_duration": 0.32724246, "total_trip_distance": 5117.2803, "total_trip_duration": 65.98054, "total_freight_value": 17640000.0, "trip_transport_costs": 42265.0, "cst_per_tonne": 7.0, "cst_per_tonne_km": 0.4702680418969611, "co2_tn": 11.582246}], "LGA_40220": [{"industry": "grains", "sector": "cropping", "trips_count": 16, "trailer_loads": 228.29980000000006, "tonnes": 5707.4946, "tonne_kms": 237068.92, "tonnes_per_trailer": 25.0, "avg_trip_distance": 39.215275, "avg_trip_duration": 0.47475427, "total_trip_distance": 8805.618, "total_trip_duration": 108.17974, "total_freight_value": 2853749.0, "trip_transport_costs": 54344.0, "cst_per_tonne": 10.0, "cst_per_tonne_km": 0.2292332568304405, "co2_tn": 20.720966}, {"industry": "livestock", "sector": "livestock", "trips_count": 7, "trailer_loads": 111.4, "tonnes": 2660.0, "tonne_kms": 46491.78, "tonnes_per_trailer": 21.428572, "avg_trip_distance": 35.052013, "avg_trip_duration": 0.42695808, "total_trip_distance": 1963.7206, "total_trip_duration": 25.094095, "total_freight_value": 4533500.0, "trip_transport_costs": 15975.0, "cst_per_tonne": 6.0, "cst_per_tonne_km": 0.3436045005980557, "co2_tn": 4.6520147}], "LGA_42250": [], "LGA_43650": [{"industry": "grains", "sector": "cropping", "trips_count": 6, "trailer_loads": 41.93032, "tonnes": 1048.2579, "tonne_kms": 90381.11, "tonnes_per_trailer": 25.0, "avg_trip_distance": 79.57094, "avg_trip_duration": 0.97832793, "total_trip_distance": 2410.1628, "total_trip_duration": 29.70745, "total_freight_value": 506058.0, "trip_transport_costs": 15641.0, "cst_per_tonne": 15.0, "cst_per_tonne_km": 0.1730594929418671, "co2_tn": 7.2731247}], "LGA_43920": [{"industry": "grains", "sector": "cropping", "trips_count": 15, "trailer_loads": 100.45280000000001, "tonnes": 2511.3193, "tonne_kms": 206250.83, "tonnes_per_trailer": 25.0, "avg_trip_distance": 79.83364, "avg_trip_duration": 1.0154555, "total_trip_distance": 5500.022, "total_trip_duration": 70.08065, "total_freight_value": 1255660.0, "trip_transport_costs": 36192.0, "cst_per_tonne": 14.0, "cst_per_tonne_km": 0.1754771896086326, "co2_tn": 16.657059}], "LGA_44210": [], "LGA_44550": [{"industry": "grains", "sector": "cropping", "trips_count": 19, "trailer_loads": 690.5630000000001, "tonnes": 17264.104, "tonne_kms": 143403.58, "tonnes_per_trailer": 25.000032, "avg_trip_distance": 10.113154, "avg_trip_duration": 0.14380628, "total_trip_distance": 5254.9614, "total_trip_duration": 77.569176, "total_freight_value": 8632042.0, "trip_transport_costs": 68661.0, "cst_per_tonne": 4.0, "cst_per_tonne_km": 0.47879214289811906, "co2_tn": 12.972417}, {"industry": "waste", "sector": "waste", "trips_count": 93, "trailer_loads": 2008.7999999999965, "tonnes": 20088.0, "tonne_kms": 145273.61, "tonnes_per_trailer": 10.0, "avg_trip_distance": 7.100372, "avg_trip_duration": 0.10802094, "total_trip_distance": 14527.361, "total_trip_duration": 221.01083, "total_freight_value": 2008800.0, "trip_transport_costs": 194306.0, "cst_per_tonne": 10.0, "cst_per_tonne_km": 1.33751771626702, "co2_tn": 34.354603}], "LGA_45040": [{"industry": "grains", "sector": "cropping", "trips_count": 26, "trailer_loads": 397.399, "tonnes": 9934.975, "tonne_kms": 560791.8, "tonnes_per_trailer": 25.0, "avg_trip_distance": 51.69441, "avg_trip_duration": 0.54589003, "total_trip_distance": 14954.448, "total_trip_duration": 157.67834, "total_freight_value": 4967488.0, "trip_transport_costs": 102110.0, "cst_per_tonne": 10.0, "cst_per_tonne_km": 0.1820825455736053, "co2_tn": 44.249214}], "LGA_45340": [{"industry": "meat", "sector": "cold_food", "trips_count": 18, "trailer_loads": 826.5353, "tonnes": 10744.96, "tonne_kms": 379629.2, "tonnes_per_trailer": 13.000001, "avg_trip_distance": 35.06821, "avg_trip_duration": 0.45272, "total_trip_distance": 29202.246, "total_trip_duration": 376.65158, "total_freight_value": 64469740.0, "trip_transport_costs": 183112.0, "cst_per_tonne": 17.0, "cst_per_tonne_km": 0.4823448193771982, "co2_tn": 66.09316}, {"industry": "grains", "sector": "cropping", "trips_count": 7, "trailer_loads": 54.205400000000004, "tonnes": 1355.135, "tonne_kms": 64402.242, "tonnes_per_trailer": 25.0, "avg_trip_distance": 50.065815, "avg_trip_duration": 0.6275579, "total_trip_distance": 1717.3932, "total_trip_duration": 21.480137, "total_freight_value": 677568.0, "trip_transport_costs": 12756.0, "cst_per_tonne": 9.0, "cst_per_tonne_km": 0.198067842831559, "co2_tn": 5.1786256}], "LGA_45890": [{"industry": "meat", "sector": "cold_food", "trips_count": 17, "trailer_loads": 225.53208000000006, "tonnes": 2945.8062, "tonne_kms": 150221.58, "tonnes_per_trailer": 13.294125, "avg_trip_distance": 49.376274, "avg_trip_duration": 0.6722665, "total_trip_distance": 8063.892, "total_trip_duration": 109.45531, "total_freight_value": 19074839.0, "trip_transport_costs": 57568.0, "cst_per_tonne": 20.0, "cst_per_tonne_km": 0.3832192567286804, "co2_tn": 23.702969}, {"industry": "vegetables", "sector": "horticulture", "trips_count": 26, "trailer_loads": 2.327044115, "tonnes": 47.18587, "tonne_kms": 2738.8193, "tonnes_per_trailer": 20.30768, "avg_trip_distance": 4.098086, "avg_trip_duration": 0.057769537, "total_trip_distance": 106.55023, "total_trip_duration": 1.502008, "total_freight_value": 216446.0, "trip_transport_costs": 704.0, "cst_per_tonne": 15.0, "cst_per_tonne_km": 0.25687273875028066, "co2_tn": 0.28850165}, {"industry": "fruit", "sector": "horticulture", "trips_count": 7, "trailer_loads": 55.5119459, "tonnes": 634.5664, "tonne_kms": 28894.07, "tonnes_per_trailer": 15.857142, "avg_trip_distance": 18.53471, "avg_trip_duration": 0.25995365, "total_trip_distance": 2525.502, "total_trip_duration": 35.393982, "total_freight_value": 3258639.0, "trip_transport_costs": 15243.0, "cst_per_tonne": 24.0, "cst_per_tonne_km": 0.5275399933327495, "co2_tn": 5.778696}, {"industry": "wood_product", "sector": "wood_product", "trips_count": 7, "trailer_loads": 59.333227, "tonnes": 1483.3324, "tonne_kms": 109410.36, "tonnes_per_trailer": 25.00003, "avg_trip_distance": 59.19859, "avg_trip_duration": 0.8338757, "total_trip_distance": 3180.3386, "total_trip_duration": 44.992302, "total_freight_value": 2076671.0, "trip_transport_costs": 20889.0, "cst_per_tonne": 14.0, "cst_per_tonne_km": 0.19092753171590746, "co2_tn": 9.245355}], "LGA_47800": [{"industry": "grains", "sector": "cropping", "trips_count": 8, "trailer_loads": 87.60484, "tonnes": 2190.1208, "tonne_kms": 202441.25, "tonnes_per_trailer": 25.0, "avg_trip_distance": 85.999245, "avg_trip_duration": 0.89769137, "total_trip_distance": 5398.4336, "total_trip_duration": 56.174034, "total_freight_value": 1107259.0, "trip_transport_costs": 33303.0, "cst_per_tonne": 15.0,