{"orig_lga": "LGA_48130", "orig_name": "Wakefield (DC)", "orig_state": "SA", "fetched_at": "2026-03-12T07:49:49.609876+00:00", "destinations": {"LGA_40120": [{"industry": "grains", "sector": "cropping", "trips_count": 8, "trailer_loads": 140.60480000000004, "tonnes": 3233.92, "tonne_kms": 499946.25, "tonnes_per_trailer": 23.000069, "avg_trip_distance": 150.94995, "avg_trip_duration": 1.7207235, "total_trip_distance": 14120.862, "total_trip_duration": 160.95694, "total_freight_value": 970176.0, "trip_transport_costs": 84453.0, "cst_per_tonne": 26.0, "cst_per_tonne_km": 0.1689244572307148, "co2_tn": 42.4496}, {"industry": "livestock", "sector": "livestock", "trips_count": 13, "trailer_loads": 78.0, "tonnes": 780.0, "tonne_kms": 103988.4, "tonnes_per_trailer": 10.0, "avg_trip_distance": 133.31847, "avg_trip_duration": 1.5496666, "total_trip_distance": 6815.407, "total_trip_duration": 79.10447, "total_freight_value": 7620000.0, "trip_transport_costs": 41389.0, "cst_per_tonne": 53.0, "cst_per_tonne_km": 0.39801345261622095, "co2_tn": 20.446348}], "LGA_40220": [{"industry": "grains", "sector": "cropping", "trips_count": 42, "trailer_loads": 887.0386000000002, "tonnes": 21051.178, "tonne_kms": 3941298.0, "tonnes_per_trailer": 23.476246, "avg_trip_distance": 189.53249, "avg_trip_duration": 2.1311955, "total_trip_distance": 111066.65, "total_trip_duration": 1258.6302, "total_freight_value": 7139863.0, "trip_transport_costs": 644032.0, "cst_per_tonne": 31.0, "cst_per_tonne_km": 0.16340602495814038, "co2_tn": 330.7249}], "LGA_40310": [{"industry": "grains", "sector": "cropping", "trips_count": 7, "trailer_loads": 123.02920000000003, "tonnes": 2829.68, "tonne_kms": 378936.6, "tonnes_per_trailer": 23.000069, "avg_trip_distance": 130.75797, "avg_trip_duration": 1.4848101, "total_trip_distance": 8766.378, "total_trip_duration": 99.782394, "total_freight_value": 848904.0, "trip_transport_costs": 58635.0, "cst_per_tonne": 21.0, "cst_per_tonne_km": 0.15473460846970524, "co2_tn": 28.601582}], "LGA_41140": [{"industry": "grains", "sector": "cropping", "trips_count": 18, "trailer_loads": 581.2488, "tonnes": 14425.772, "tonne_kms": 624933.25, "tonnes_per_trailer": 24.666681, "avg_trip_distance": 45.524612, "avg_trip_duration": 0.53506523, "total_trip_distance": 16816.934, "total_trip_duration": 197.65233, "total_freight_value": 5490734.0, "trip_transport_costs": 127395.0, "cst_per_tonne": 9.0, "cst_per_tonne_km": 0.20385361687878265, "co2_tn": 50.680313}], "LGA_42110": [{"industry": "grains", "sector": "cropping", "trips_count": 11, "trailer_loads": 215.78930000000005, "tonnes": 5113.533, "tonne_kms": 513230.38, "tonnes_per_trailer": 23.545506, "avg_trip_distance": 99.58909, "avg_trip_duration": 1.1179698, "total_trip_distance": 13528.486, "total_trip_duration": 153.05598, "total_freight_value": 1774568.0, "trip_transport_costs": 87737.0, "cst_per_tonne": 17.0, "cst_per_tonne_km": 0.1709514866602912, "co2_tn": 41.65068}], "LGA_43650": [{"industry": "grains", "sector": "cropping", "trips_count": 64, "trailer_loads": 2174.6104800000003, "tonnes": 54259.824, "tonne_kms": 4144435.2, "tonnes_per_trailer": 24.906261, "avg_trip_distance": 76.90503, "avg_trip_duration": 0.8754809, "total_trip_distance": 104898.99, "total_trip_duration": 1193.028, "total_freight_value": 24482177.0, "trip_transport_costs": 702677.0, "cst_per_tonne": 13.0, "cst_per_tonne_km": 0.16954698816496808, "co2_tn": 319.72754}], "LGA_43920": [{"industry": "grains", "sector": "cropping", "trips_count": 16, "trailer_loads": 458.211, "tonnes": 11082.183, "tonne_kms": 630382.5, "tonnes_per_trailer": 24.312513, "avg_trip_distance": 55.26654, "avg_trip_duration": 0.60777175, "total_trip_distance": 16195.178, "total_trip_duration": 177.74187, "total_freight_value": 4596091.0, "trip_transport_costs": 116747.0, "cst_per_tonne": 11.0, "cst_per_tonne_km": 0.1852006287477246, "co2_tn": 49.77724}, {"industry": "livestock", "sector": "livestock", "trips_count": 23, "trailer_loads": 126.0, "tonnes": 2012.0, "tonne_kms": 111382.96, "tonnes_per_trailer": 16.26087, "avg_trip_distance": 48.849247, "avg_trip_duration": 0.5196571, "total_trip_distance": 4182.929, "total_trip_duration": 44.49394, "total_freight_value": 7930640.0, "trip_transport_costs": 30532.0, "cst_per_tonne": 15.0, "cst_per_tonne_km": 0.2741191464292956, "co2_tn": 12.836255}], "LGA_44210": [{"industry": "grains", "sector": "cropping", "trips_count": 12, "trailer_loads": 317.18010000000004, "tonnes": 7718.6006, "tonne_kms": 1146006.5, "tonnes_per_trailer": 24.000027, "avg_trip_distance": 150.67264, "avg_trip_duration": 1.7420986, "total_trip_distance": 29487.363, "total_trip_duration": 340.73718, "total_freight_value": 2943930.0, "trip_transport_costs": 181409.0, "cst_per_tonne": 24.0, "cst_per_tonne_km": 0.15829677988028426, "co2_tn": 90.52928}], "LGA_45040": [{"industry": "grains", "sector": "cropping", "trips_count": 30, "trailer_loads": 706.4626000000002, "tonnes": 16888.271, "tonne_kms": 3345603.0, "tonnes_per_trailer": 23.533382, "avg_trip_distance": 202.9939, "avg_trip_duration": 2.2511725, "total_trip_distance": 93696.42, "total_trip_duration": 1045.9562, "total_freight_value": 5803660.0, "trip_transport_costs": 538026.0, "cst_per_tonne": 32.0, "cst_per_tonne_km": 0.1608159136409789, "co2_tn": 278.52213}, {"industry": "livestock", "sector": "livestock", "trips_count": 14, "trailer_loads": 119.0, "tonnes": 2142.0, "tonne_kms": 379675.6, "tonnes_per_trailer": 18.0, "avg_trip_distance": 149.01006, "avg_trip_duration": 1.6580222, "total_trip_distance": 14062.06, "total_trip_duration": 157.0508, "total_freight_value": 7861140.0, "trip_transport_costs": 81534.0, "cst_per_tonne": 38.0, "cst_per_tonne_km": 0.21474585244710143, "co2_tn": 41.765625}], "LGA_45120": [{"industry": "grains", "sector": "cropping", "trips_count": 46, "trailer_loads": 1227.7477999999999, "tonnes": 30414.389, "tonne_kms": 2524244.2, "tonnes_per_trailer": 24.69566, "avg_trip_distance": 79.96853, "avg_trip_duration": 0.8430779, "total_trip_distance": 66723.55, "total_trip_duration": 705.9698, "total_freight_value": 12475185.0, "trip_transport_costs": 424943.0, "cst_per_tonne": 14.0, "cst_per_tonne_km": 0.16834465333271903, "co2_tn": 198.53056}], "LGA_45890": [{"industry": "meat", "sector": "cold_food", "trips_count": 51, "trailer_loads": 1473.6466100000007, "tonnes": 20487.82, "tonne_kms": 1961098.4, "tonnes_per_trailer": 13.58823, "avg_trip_distance": 92.75328, "avg_trip_duration": 0.99006426, "total_trip_distance": 91756.79, "total_trip_duration": 981.01483, "total_freight_value": 205853547.0, "trip_transport_costs": 571325.0, "cst_per_tonne": 28.0, "cst_per_tonne_km": 0.2913293130350039, "co2_tn": 273.12228}, {"industry": "grains", "sector": "cropping", "trips_count": 66, "trailer_loads": 17057.165308000003, "tonnes": 393940.78, "tonne_kms": 37945888.0, "tonnes_per_trailer": 23.727266, "avg_trip_distance": 113.657265, "avg_trip_duration": 1.2614386, "total_trip_distance": 1069665.4, "total_trip_duration": 12233.187, "total_freight_value": 131909710.0, "trip_transport_costs": 6742164.0, "cst_per_tonne": 17.0, "cst_per_tonne_km": 0.17767838367054284, "co2_tn": 3211.7236}, {"industry": "livestock", "sector": "livestock", "trips_count": 18, "trailer_loads": 110.0, "tonnes": 2200.0, "tonne_kms": 213365.0, "tonnes_per_trailer": 20.0, "avg_trip_distance": 83.293915, "avg_trip_duration": 0.8985974, "total_trip_distance": 6497.197, "total_trip_duration": 70.55226, "total_freight_value": 3300000.0, "trip_transport_costs": 41769.0, "cst_per_tonne": 19.0, "cst_per_tonne_km": 0.19576461070048679, "co2_tn": 19.855856}], "LGA_46450": [{"industry": "grains", "sector": "cropping", "trips_count": 21, "trailer_loads": 552.0403999999999, "tonnes": 13730.717, "tonne_kms": 1367893.2, "tonnes_per_trailer": 24.809544, "avg_trip_distance": 94.4866, "avg_trip_duration": 0.99662393, "total_trip_distance": 29965.578, "total_trip_duration": 315.50735, "total_freight_value": 5907449.0,