{"orig_lga": "LGA_48340", "orig_name": "Wattle Range (DC)", "orig_state": "SA", "fetched_at": "2026-03-12T07:51:05.442251+00:00", "destinations": {"LGA_10750": [{"industry": "vegetables", "sector": "horticulture", "trips_count": 12, "trailer_loads": 421.64238499999993, "tonnes": 8811.133, "tonne_kms": 10798794.0, "tonnes_per_trailer": 20.500027, "avg_trip_distance": 870.8809, "avg_trip_duration": 9.158324, "total_trip_distance": 344497.56, "total_trip_duration": 3628.2322, "total_freight_value": 38348566.0, "trip_transport_costs": 1871947.0, "cst_per_tonne": 212.0, "cst_per_tonne_km": 0.17334778874142068, "co2_tn": 1016.6969}], "LGA_21370": [{"industry": "livestock", "sector": "livestock", "trips_count": 6, "trailer_loads": 27.272699999999997, "tonnes": 600.0, "tonne_kms": 287141.28, "tonnes_per_trailer": 22.000023, "avg_trip_distance": 362.55215, "avg_trip_duration": 3.963689, "total_trip_distance": 8701.252, "total_trip_duration": 95.12854, "total_freight_value": 3708000.0, "trip_transport_costs": 47983.0, "cst_per_tonne": 80.0, "cst_per_tonne_km": 0.16710706727176222, "co2_tn": 25.710625}], "LGA_21750": [{"industry": "grains", "sector": "cropping", "trips_count": 9, "trailer_loads": 35.27828999999999, "tonnes": 811.4003, "tonne_kms": 267419.0, "tonnes_per_trailer": 22.999992, "avg_trip_distance": 287.0843, "avg_trip_duration": 3.2318306, "total_trip_distance": 7751.2754, "total_trip_duration": 87.25943, "total_freight_value": 243420.0, "trip_transport_costs": 43270.0, "cst_per_tonne": 53.0, "cst_per_tonne_km": 0.16180468833261194, "co2_tn": 22.994545}, {"industry": "livestock", "sector": "livestock", "trips_count": 6, "trailer_loads": 68.2, "tonnes": 1580.0, "tonne_kms": 535792.6, "tonnes_per_trailer": 20.833334, "avg_trip_distance": 298.42987, "avg_trip_duration": 3.3798702, "total_trip_distance": 15454.904, "total_trip_duration": 174.68875, "total_freight_value": 2805500.0, "trip_transport_costs": 85951.0, "cst_per_tonne": 54.0, "cst_per_tonne_km": 0.16041894400725468, "co2_tn": 45.84949}], "LGA_21830": [{"industry": "grains", "sector": "cropping", "trips_count": 15, "trailer_loads": 58.79714999999998, "tonnes": 1352.334, "tonne_kms": 406820.12, "tonnes_per_trailer": 22.999992, "avg_trip_distance": 252.42828, "avg_trip_duration": 2.8697622, "total_trip_distance": 11799.196, "total_trip_duration": 134.35522, "total_freight_value": 405700.0, "trip_transport_costs": 66348.0, "cst_per_tonne": 49.0, "cst_per_tonne_km": 0.16308809282861036, "co2_tn": 35.041176}], "LGA_22410": [{"industry": "grains", "sector": "cropping", "trips_count": 19, "trailer_loads": 141.67753000000002, "tonnes": 3440.0222, "tonne_kms": 424516.6, "tonnes_per_trailer": 23.631575, "avg_trip_distance": 119.806915, "avg_trip_duration": 1.3171, "total_trip_distance": 11700.834, "total_trip_duration": 129.26195, "total_freight_value": 1485607.0, "trip_transport_costs": 70207.0, "cst_per_tonne": 20.0, "cst_per_tonne_km": 0.16538090057751165, "co2_tn": 34.700184}, {"industry": "livestock", "sector": "livestock", "trips_count": 7, "trailer_loads": 34.54545, "tonnes": 700.0, "tonne_kms": 107989.3, "tonnes_per_trailer": 20.285717, "avg_trip_distance": 127.23118, "avg_trip_duration": 1.4192986, "total_trip_distance": 3562.4731, "total_trip_duration": 39.740364, "total_freight_value": 1911000.0, "trip_transport_costs": 20931.0, "cst_per_tonne": 30.0, "cst_per_tonne_km": 0.19382928122216983, "co2_tn": 10.565341}, {"industry": "wood_product", "sector": "wood_product", "trips_count": 196, "trailer_loads": 10751.629819999998, "tonnes": 204300.02, "tonne_kms": 34172132.0, "tonnes_per_trailer": 20.678576, "avg_trip_distance": 159.36058, "avg_trip_duration": 1.8041676, "total_trip_distance": 1215022.8, "total_trip_duration": 13753.326, "total_freight_value": 96970015.0, "trip_transport_costs": 7070696.0, "cst_per_tonne": 35.0, "cst_per_tonne_km": 0.20691408819396542, "co2_tn": 3586.655}], "LGA_22750": [{"industry": "wood_product", "sector": "wood_product", "trips_count": 18, "trailer_loads": 908.6791999999998, "tonnes": 16784.705, "tonne_kms": 6539241.5, "tonnes_per_trailer": 18.777782, "avg_trip_distance": 360.97925, "avg_trip_duration": 4.099285, "total_trip_distance": 276533.3, "total_trip_duration": 3136.5776, "total_freight_value": 24673471.0, "trip_transport_costs": 1381005.0, "cst_per_tonne": 82.0, "cst_per_tonne_km": 0.21118735531698324, "co2_tn": 710.04034}], "LGA_22980": [], "LGA_24600": [{"industry": "vegetables", "sector": "horticulture", "trips_count": 15, "trailer_loads": 26.262353300000004, "tonnes": 525.24695, "tonne_kms": 229930.89, "tonnes_per_trailer": 19.999992, "avg_trip_distance": 255.38347, "avg_trip_duration": 2.787891, "total_trip_distance": 7664.363, "total_trip_duration": 83.81984, "total_freight_value": 1575740.0, "trip_transport_costs": 41962.0, "cst_per_tonne": 80.0, "cst_per_tonne_km": 0.18249772759797114, "co2_tn": 22.682556}, {"industry": "wood_product", "sector": "wood_product", "trips_count": 22, "trailer_loads": 150.0, "tonnes": 3000.0, "tonne_kms": 1258773.2, "tonnes_per_trailer": 20.0, "avg_trip_distance": 361.43027, "avg_trip_duration": 4.0460763, "total_trip_distance": 41959.11, "total_trip_duration": 469.229, "total_freight_value": 15000000.0, "trip_transport_costs": 231393.0, "cst_per_tonne": 77.0, "cst_per_tonne_km": 0.18382396623557898, "co2_tn": 124.332504}], "LGA_25490": [{"industry": "grains", "sector": "cropping", "trips_count": 20, "trailer_loads": 150.7177200000001, "tonnes": 3673.8662, "tonne_kms": 814708.9, "tonnes_per_trailer": 23.799995, "avg_trip_distance": 216.33214, "avg_trip_duration": 2.3798432, "total_trip_distance": 22387.656, "total_trip_duration": 246.36172, "total_freight_value": 1620560.0, "trip_transport_costs": 126730.0, "cst_per_tonne": 34.0, "cst_per_tonne_km": 0.1555528454153715, "co2_tn": 66.20833}, {"industry": "livestock", "sector": "livestock", "trips_count": 11, "trailer_loads": 101.8364, "tonnes": 2280.0, "tonne_kms": 527650.25, "tonnes_per_trailer": 20.636358, "avg_trip_distance": 195.83238, "avg_trip_duration": 2.154387, "total_trip_distance": 15708.68, "total_trip_duration": 174.63582, "total_freight_value": 5521500.0, "trip_transport_costs": 88906.0, "cst_per_tonne": 39.0, "cst_per_tonne_km": 0.16849396140601658, "co2_tn": 46.49625}], "LGA_25900": [{"industry": "wood_product", "sector": "wood_product", "trips_count": 9, "trailer_loads": 60.0, "tonnes": 1200.0, "tonne_kms": 504555.4, "tonnes_per_trailer": 20.0, "avg_trip_distance": 364.01126, "avg_trip_duration": 4.062487, "total_trip_distance": 16818.514, "total_trip_duration": 187.758, "total_freight_value": 6000000.0, "trip_transport_costs": 92693.0, "cst_per_tonne": 77.0, "cst_per_tonne_km": 0.1837121519746995, "co2_tn": 49.818893}], "LGA_26260": [{"industry": "livestock", "sector": "livestock", "trips_count": 96, "trailer_loads": 637.0, "tonnes": 6620.0, "tonne_kms": 1091787.6, "tonnes_per_trailer": 10.520833, "avg_trip_distance": 162.43608, "avg_trip_duration": 1.7858326, "total_trip_distance": 70322.2, "total_trip_duration": 772.4639, "total_freight_value": 43917500.0, "trip_transport_costs": 407887.0, "cst_per_tonne": 62.0, "cst_per_tonne_km": 0.3735959872103675, "co2_tn": 207.29802}], "LGA_26890": [{"industry": "grains", "sector": "cropping", "trips_count": 8, "trailer_loads": 198.3242, "tonnes": 4958.1045, "tonne_kms": 996323.94, "tonnes_per_trailer": 25.0, "avg_trip_distance": 182.50183, "avg_trip_duration": 1.9401975, "total_trip_distance": 25876.695, "total_trip_duration": 271.39374, "total_freight_value": 2209165.0, "trip_transport_costs": 147863.0, "cst_per_tonne": 30.0, "cst_per_tonne_km": 0.14840898502090466, "co2_tn": 77.16731}], "LGA_27260": [{"industry": "vegetables", "sector": "horticulture", "trips_count": 15, "trailer_loads": 450.577426, "tonnes": 9414.262, "tonne_kms": 4130336.0, "tonnes_per_trailer": 20.46668, "avg_trip_distance": 344.8618, "avg_trip_duration": 3.7382002, "total_trip_distance": 131789.05, "total_trip_duration": 1420.6221,