{"orig_lga": "LGA_46450", "orig_name": "Port Pirie City and Dists (M)", "orig_state": "SA", "fetched_at": "2026-03-12T07:38:58.495754+00:00", "destinations": {"LGA_40220": [{"industry": "grains", "sector": "cropping", "trips_count": 8, "trailer_loads": 49.01632, "tonnes": 1127.376, "tonne_kms": 316021.8, "tonnes_per_trailer": 23.000013, "avg_trip_distance": 229.00131, "avg_trip_duration": 2.4665365, "total_trip_distance": 9160.053, "total_trip_duration": 98.66147, "total_freight_value": 338213.0, "trip_transport_costs": 50970.0, "cst_per_tonne": 45.0, "cst_per_tonne_km": 0.16128549936673675, "co2_tn": 27.109713}], "LGA_40430": [{"industry": "chemicals", "sector": "chemicals", "trips_count": 9, "trailer_loads": 17.25273, "tonnes": 414.0657, "tonne_kms": 32305.633, "tonnes_per_trailer": 24.00002, "avg_trip_distance": 52.75416, "avg_trip_duration": 0.5852393, "total_trip_distance": 736.05774, "total_trip_duration": 8.152363, "total_freight_value": 351956.0, "trip_transport_costs": 5254.0, "cst_per_tonne": 13.0, "cst_per_tonne_km": 0.16262066926971425, "co2_tn": 2.3690093}], "LGA_41010": [{"industry": "chemicals", "sector": "chemicals", "trips_count": 8, "trailer_loads": 6.523601, "tonnes": 156.56651, "tonne_kms": 85518.586, "tonnes_per_trailer": 24.00001, "avg_trip_distance": 222.70465, "avg_trip_duration": 2.2898664, "total_trip_distance": 1781.6372, "total_trip_duration": 18.318932, "total_freight_value": 133081.0, "trip_transport_costs": 11255.0, "cst_per_tonne": 72.0, "cst_per_tonne_km": 0.13160381620260006, "co2_tn": 5.8773675}], "LGA_41190": [{"industry": "chemicals", "sector": "chemicals", "trips_count": 9, "trailer_loads": 11.087482, "tonnes": 266.0997, "tonne_kms": 84770.914, "tonnes_per_trailer": 24.00001, "avg_trip_distance": 196.22896, "avg_trip_duration": 2.0547628, "total_trip_distance": 1766.0605, "total_trip_duration": 18.492867, "total_freight_value": 226185.0, "trip_transport_costs": 10889.0, "cst_per_tonne": 41.0, "cst_per_tonne_km": 0.1284566017171095, "co2_tn": 5.8397884}, {"industry": "grains", "sector": "cropping", "trips_count": 11, "trailer_loads": 266.72249999999997, "tonnes": 6668.064, "tonne_kms": 2301083.5, "tonnes_per_trailer": 25.00001, "avg_trip_distance": 320.90945, "avg_trip_duration": 3.3131835, "total_trip_distance": 46038.547, "total_trip_duration": 475.3331, "total_freight_value": 2580743.0, "trip_transport_costs": 281542.0, "cst_per_tonne": 42.0, "cst_per_tonne_km": 0.1223517511220801, "co2_tn": 151.6445}], "LGA_41960": [{"industry": "chemicals", "sector": "chemicals", "trips_count": 7, "trailer_loads": 5.631457, "tonnes": 135.15489, "tonne_kms": 36528.58, "tonnes_per_trailer": 23.999989, "avg_trip_distance": 108.716, "avg_trip_duration": 1.1450446, "total_trip_distance": 761.012, "total_trip_duration": 8.015312, "total_freight_value": 114882.0, "trip_transport_costs": 4759.0, "cst_per_tonne": 35.0, "cst_per_tonne_km": 0.1302709492974037, "co2_tn": 2.51949}], "LGA_42110": [{"industry": "chemicals", "sector": "chemicals", "trips_count": 8, "trailer_loads": 7.611796999999999, "tonnes": 182.68329, "tonne_kms": 24068.018, "tonnes_per_trailer": 24.00001, "avg_trip_distance": 67.496666, "avg_trip_duration": 0.7400688, "total_trip_distance": 640.21484, "total_trip_duration": 7.0475397, "total_freight_value": 155281.0, "trip_transport_costs": 3885.0, "cst_per_tonne": 21.0, "cst_per_tonne_km": 0.16141071104332808, "co2_tn": 1.9351907}, {"industry": "grains", "sector": "cropping", "trips_count": 11, "trailer_loads": 101.34335999999996, "tonnes": 2423.2979, "tonne_kms": 278392.44, "tonnes_per_trailer": 23.363647, "avg_trip_distance": 94.78355, "avg_trip_duration": 1.0307355, "total_trip_distance": 7592.9473, "total_trip_duration": 82.84161, "total_freight_value": 773189.0, "trip_transport_costs": 46526.0, "cst_per_tonne": 19.0, "cst_per_tonne_km": 0.16712382948227986, "co2_tn": 22.709877}], "LGA_43220": [{"industry": "chemicals", "sector": "chemicals", "trips_count": 7, "trailer_loads": 10.243199, "tonnes": 245.8366, "tonne_kms": 65488.43, "tonnes_per_trailer": 23.999983, "avg_trip_distance": 159.27542, "avg_trip_duration": 1.6933671, "total_trip_distance": 1364.3423, "total_trip_duration": 14.460676, "total_freight_value": 208961.0, "trip_transport_costs": 8548.0, "cst_per_tonne": 35.0, "cst_per_tonne_km": 0.1305282373577083, "co2_tn": 4.5207005}], "LGA_43920": [], "LGA_44830": [{"industry": "chemicals", "sector": "chemicals", "trips_count": 18, "trailer_loads": 28.160086000000014, "tonnes": 675.8424, "tonne_kms": 45589.566, "tonnes_per_trailer": 24.000017, "avg_trip_distance": 51.471157, "avg_trip_duration": 0.5770505, "total_trip_distance": 1350.943, "total_trip_duration": 15.177405, "total_freight_value": 574466.0, "trip_transport_costs": 8651.0, "cst_per_tonne": 13.0, "cst_per_tonne_km": 0.18976413062854727, "co2_tn": 3.8147604}], "LGA_45040": [{"industry": "grains", "sector": "cropping", "trips_count": 9, "trailer_loads": 55.14336, "tonnes": 1268.298, "tonne_kms": 372631.72, "tonnes_per_trailer": 23.000013, "avg_trip_distance": 240.02043, "avg_trip_duration": 2.5644522, "total_trip_distance": 10800.92, "total_trip_duration": 115.400345, "total_freight_value": 380489.0, "trip_transport_costs": 59771.0, "cst_per_tonne": 47.0, "cst_per_tonne_km": 0.16040345868679826, "co2_tn": 31.96153}], "LGA_45120": [{"industry": "chemicals", "sector": "chemicals", "trips_count": 7, "trailer_loads": 12.857709999999999, "tonnes": 308.58472, "tonne_kms": 20787.32, "tonnes_per_trailer": 23.999975, "avg_trip_distance": 43.33999, "avg_trip_duration": 0.49403986, "total_trip_distance": 562.7585, "total_trip_duration": 6.393516, "total_freight_value": 262297.0, "trip_transport_costs": 3805.0, "cst_per_tonne": 12.0, "cst_per_tonne_km": 0.18305909209039317, "co2_tn": 1.6996427}, {"industry": "grains", "sector": "cropping", "trips_count": 30, "trailer_loads": 750.6488799999997, "tonnes": 18384.688, "tonne_kms": 650137.06, "tonnes_per_trailer": 24.533358, "avg_trip_distance": 34.540424, "avg_trip_duration": 0.37680283, "total_trip_distance": 17565.447, "total_trip_duration": 191.63269, "total_freight_value": 7625062.0, "trip_transport_costs": 139627.0, "cst_per_tonne": 8.0, "cst_per_tonne_km": 0.21476478790938608, "co2_tn": 52.3021}], "LGA_46450": [{"industry": "chemicals", "sector": "chemicals", "trips_count": 16, "trailer_loads": 232.0812, "tonnes": 5569.9565, "tonne_kms": 30031.732, "tonnes_per_trailer": 23.999996, "avg_trip_distance": 19.661905, "avg_trip_duration": 0.23604698, "total_trip_distance": 998.9719, "total_trip_duration": 17.664581, "total_freight_value": 4734463.0, "trip_transport_costs": 20063.0, "cst_per_tonne": 4.0, "cst_per_tonne_km": 0.6680481670852452, "co2_tn": 2.9226432}, {"industry": "grains", "sector": "cropping", "trips_count": 54, "trailer_loads": 1233.7285200000013, "tonnes": 30806.463, "tonne_kms": 606811.75, "tonnes_per_trailer": 24.888903, "avg_trip_distance": 19.702126, "avg_trip_duration": 0.2220865, "total_trip_distance": 17872.213, "total_trip_duration": 203.81796, "total_freight_value": 12796412.0, "trip_transport_costs": 167618.0, "cst_per_tonne": 5.0, "cst_per_tonne_km": 0.276227217425525, "co2_tn": 49.855976}, {"industry": "waste", "sector": "waste", "trips_count": 52, "trailer_loads": 1162.0800000000004, "tonnes": 11620.8, "tonne_kms": 61561.297, "tonnes_per_trailer": 10.0, "avg_trip_distance": 4.269705, "avg_trip_duration": 0.08090482, "total_trip_distance": 5496.192, "total_trip_duration": 99.17018, "total_freight_value": 1162080.0, "trip_transport_costs": 101961.0, "cst_per_tonne": 9.0, "cst_per_tonne_km": 1.6562455721691773, "co2_tn": 14.939467}], "LGA_47800": [{"industry": "grains", "sector": "cropping", "trips_count": 18, "trailer_loads": 251.7077799999999, "tonnes": 6098.387, "tonne_kms": 1783960.6, "tonnes_per_trailer": 23.94448, "avg_trip_distance": 284.32993, "avg_trip_duration": 3.0509691, "total_trip_distance": 49246.69, "total_trip_duration": 530.77765, "total_freight_value": 2836405.0,