{"orig_lga": "LGA_56460", "orig_name": "Narrogin (S)", "orig_state": "WA", "fetched_at": "2026-03-16T09:04:21.906041+00:00", "destinations": {"LGA_50080": [{"commodity": "Hay", "industry": "grains", "sector": "cropping", "trips_count": 6, "trailer_loads": 90.05579999999999, "tonnes": 2071.284, "tonne_kms": 555549.75, "tonnes_per_trailer": 23.000006, "avg_trip_distance": 243.98322, "avg_trip_duration": 2.560332, "total_trip_distance": 16102.893, "total_trip_duration": 168.98192, "total_freight_value": 621384.0, "trip_transport_costs": 89523.0, "cst_per_tonne": 43.0, "cst_per_tonne_km": 0.16114249155622426, "co2_tn": 47.647457}], "LGA_51260": [{"commodity": "Hay", "industry": "grains", "sector": "cropping", "trips_count": 13, "trailer_loads": 195.12089999999998, "tonnes": 4487.7812, "tonne_kms": 1083393.0, "tonnes_per_trailer": 23.000006, "avg_trip_distance": 219.59927, "avg_trip_duration": 2.3962839, "total_trip_distance": 31402.695, "total_trip_duration": 342.66858, "total_freight_value": 1346332.0, "trip_transport_costs": 176461.0, "cst_per_tonne": 39.0, "cst_per_tonne_km": 0.16287779872325878, "co2_tn": 92.9922}], "LGA_51330": [], "LGA_53010": [{"commodity": "Wheat", "industry": "grains", "sector": "cropping", "trips_count": 11, "trailer_loads": 166.8576, "tonnes": 4171.451, "tonne_kms": 389883.75, "tonnes_per_trailer": 25.00007, "avg_trip_distance": 88.98876, "avg_trip_duration": 0.91459095, "total_trip_distance": 10396.899, "total_trip_duration": 106.50283, "total_freight_value": 1710296.0, "trip_transport_costs": 64238.0, "cst_per_tonne": 15.0, "cst_per_tonne_km": 0.16476186461429207, "co2_tn": 30.74392}, {"commodity": "Oats", "industry": "grains", "sector": "cropping", "trips_count": 12, "trailer_loads": 312.7343999999999, "tonnes": 5316.4917, "tonne_kms": 491137.97, "tonnes_per_trailer": 17.000023, "avg_trip_distance": 89.16811, "avg_trip_duration": 0.9233238, "total_trip_distance": 19260.312, "total_trip_duration": 199.43794, "total_freight_value": 1727856.0, "trip_transport_costs": 119204.0, "cst_per_tonne": 22.0, "cst_per_tonne_km": 0.24271000157319592, "co2_tn": 56.994125}], "LGA_53640": [{"commodity": "Oats", "industry": "grains", "sector": "cropping", "trips_count": 17, "trailer_loads": 443.0403999999998, "tonnes": 7531.697, "tonne_kms": 1510214.1, "tonnes_per_trailer": 17.000023, "avg_trip_distance": 193.54277, "avg_trip_duration": 2.0230653, "total_trip_distance": 59224.086, "total_trip_duration": 619.058, "total_freight_value": 2447796.0, "trip_transport_costs": 335721.0, "cst_per_tonne": 45.0, "cst_per_tonne_km": 0.22230040066545198, "co2_tn": 175.22252}], "LGA_53990": [{"commodity": "Hay", "industry": "grains", "sector": "cropping", "trips_count": 13, "trailer_loads": 195.12089999999998, "tonnes": 4487.7812, "tonne_kms": 818455.06, "tonnes_per_trailer": 23.000006, "avg_trip_distance": 165.89746, "avg_trip_duration": 1.798299, "total_trip_distance": 23723.336, "total_trip_duration": 257.15674, "total_freight_value": 1346332.0, "trip_transport_costs": 136740.0, "cst_per_tonne": 30.0, "cst_per_tonne_km": 0.16707029807149615, "co2_tn": 70.4843}, {"commodity": "Sheep", "industry": "livestock", "sector": "livestock", "trips_count": 10, "trailer_loads": 60.0, "tonnes": 600.0, "tonne_kms": 105809.76, "tonnes_per_trailer": 10.0, "avg_trip_distance": 176.3496, "avg_trip_duration": 1.89169, "total_trip_distance": 7053.984, "total_trip_duration": 75.6676, "total_freight_value": 4200000.0, "trip_transport_costs": 40545.0, "cst_per_tonne": 68.0, "cst_per_tonne_km": 0.3831922415258989, "co2_tn": 20.855644}], "LGA_54550": [], "LGA_54760": [{"commodity": "Wheat", "industry": "grains", "sector": "cropping", "trips_count": 6, "trailer_loads": 140.8993, "tonnes": 3522.4873, "tonne_kms": 516900.88, "tonnes_per_trailer": 25.000042, "avg_trip_distance": 141.0525, "avg_trip_duration": 1.4607631, "total_trip_distance": 13784.023, "total_trip_duration": 142.75693, "total_freight_value": 1444221.0, "trip_transport_costs": 80273.0, "cst_per_tonne": 23.0, "cst_per_tonne_km": 0.15529724105256398, "co2_tn": 40.721478}, {"commodity": "Oats", "industry": "grains", "sector": "cropping", "trips_count": 11, "trailer_loads": 286.6731999999999, "tonnes": 4873.4507, "tonne_kms": 910375.25, "tonnes_per_trailer": 17.000023, "avg_trip_distance": 180.30803, "avg_trip_duration": 1.868399, "total_trip_distance": 35700.992, "total_trip_duration": 369.943, "total_freight_value": 1583868.0, "trip_transport_costs": 202971.0, "cst_per_tonne": 42.0, "cst_per_tonne_km": 0.2229531989349996, "co2_tn": 105.52455}], "LGA_54900": [{"commodity": "Wheat", "industry": "grains", "sector": "cropping", "trips_count": 7, "trailer_loads": 141.0241, "tonnes": 3525.6082, "tonne_kms": 642032.1, "tonnes_per_trailer": 25.000053, "avg_trip_distance": 179.32724, "avg_trip_duration": 1.8477076, "total_trip_distance": 17120.857, "total_trip_duration": 176.11978, "total_freight_value": 1445500.0, "trip_transport_costs": 97372.0, "cst_per_tonne": 28.0, "cst_per_tonne_km": 0.1516622879815496, "co2_tn": 50.541058}, {"commodity": "Oats", "industry": "grains", "sector": "cropping", "trips_count": 26, "trailer_loads": 677.5911999999997, "tonnes": 11519.065, "tonne_kms": 1956028.6, "tonnes_per_trailer": 17.000023, "avg_trip_distance": 163.90385, "avg_trip_duration": 1.6795136, "total_trip_distance": 76707.01, "total_trip_duration": 786.0123, "total_freight_value": 3743688.0, "trip_transport_costs": 438219.0, "cst_per_tonne": 38.0, "cst_per_tonne_km": 0.22403483377016659, "co2_tn": 226.32967}], "LGA_56460": [{"commodity": "Barley", "industry": "grains", "sector": "cropping", "trips_count": 6, "trailer_loads": 167.482, "tonnes": 4187.045, "tonne_kms": 97288.625, "tonnes_per_trailer": 24.999989, "avg_trip_distance": 19.679625, "avg_trip_duration": 0.22213487, "total_trip_distance": 2668.644, "total_trip_duration": 30.196875, "total_freight_value": 1423598.0, "trip_transport_costs": 24654.0, "cst_per_tonne": 6.0, "cst_per_tonne_km": 0.253412817483159, "co2_tn": 7.8845687}, {"commodity": "Oats", "industry": "grains", "sector": "cropping", "trips_count": 20, "trailer_loads": 521.2239999999998, "tonnes": 8860.819, "tonne_kms": 148357.14, "tonnes_per_trailer": 17.000023, "avg_trip_distance": 16.16091, "avg_trip_duration": 0.18388614, "total_trip_distance": 6522.8057, "total_trip_duration": 74.81949, "total_freight_value": 2879760.0, "trip_transport_costs": 65873.0, "cst_per_tonne": 7.0, "cst_per_tonne_km": 0.4440164611944657, "co2_tn": 18.1326}, {"commodity": "Sheep", "industry": "livestock", "sector": "livestock", "trips_count": 29, "trailer_loads": 216.0, "tonnes": 2160.0, "tonne_kms": 38832.66, "tonnes_per_trailer": 10.0, "avg_trip_distance": 18.861311, "avg_trip_duration": 0.22191264, "total_trip_distance": 3219.12, "total_trip_duration": 38.838398, "total_freight_value": 15120000.0, "trip_transport_costs": 28930.0, "cst_per_tonne": 13.0, "cst_per_tonne_km": 0.7449879258632366, "co2_tn": 8.278893}], "LGA_57210": [{"commodity": "Sheep", "industry": "livestock", "sector": "livestock", "trips_count": 22, "trailer_loads": 132.0, "tonnes": 1320.0, "tonne_kms": 321271.5, "tonnes_per_trailer": 10.0, "avg_trip_distance": 243.3875, "avg_trip_duration": 2.5377629, "total_trip_distance": 21418.1, "total_trip_duration": 223.32314, "total_freight_value": 9240000.0, "trip_transport_costs": 119069.0, "cst_per_tonne": 90.0, "cst_per_tonne_km": 0.37061752032062445, "co2_tn": 63.288727}], "LGA_57700": [{"commodity": "Sheep or Goats", "industry": "livestock", "sector": "livestock", "trips_count": 12, "trailer_loads": 72.0, "tonnes": 720.0, "tonne_kms": 124488.836, "tonnes_per_trailer": 10.0, "avg_trip_distance": 172.90117, "avg_trip_duration": 1.8428792, "total_trip_distance": 8299.256, "total_trip_duration": 88.4582, "total_freight_value": 5040000.0, "trip_transport_costs": 47859.0, "cst_per_tonne": 66.0, "cst_per_tonne_km": 0.38444643803087003, "co2_tn": 24.61346}], "LGA_59170": [{"commodity": "Oats", "industry": "grains",