{"orig_lga": "LGA_56790", "orig_name": "Northampton (S)", "orig_state": "WA", "fetched_at": "2026-03-16T09:05:53.657955+00:00", "destinations": {"LGA_52520": [{"commodity": "Wheat", "industry": "grains", "sector": "cropping", "trips_count": 19, "trailer_loads": 1036.2164999999998, "tonnes": 25905.398, "tonne_kms": 10174808.0, "tonnes_per_trailer": 25.0, "avg_trip_distance": 377.81558, "avg_trip_duration": 3.9635427, "total_trip_distance": 254683.05, "total_trip_duration": 2678.263, "total_freight_value": 10621211.0, "trip_transport_costs": 1431341.0, "cst_per_tonne": 55.0, "cst_per_tonne_km": 0.14067500804591349, "co2_tn": 771.22736}], "LGA_53800": [{"commodity": "Wheat", "industry": "grains", "sector": "cropping", "trips_count": 95, "trailer_loads": 5476.360200000001, "tonnes": 136908.86, "tonne_kms": 17753028.0, "tonnes_per_trailer": 24.999979, "avg_trip_distance": 131.89088, "avg_trip_duration": 1.409941, "total_trip_distance": 428319.72, "total_trip_duration": 4605.32, "total_freight_value": 56132668.0, "trip_transport_costs": 2674123.0, "cst_per_tonne": 20.0, "cst_per_tonne_km": 0.15062909612011857, "co2_tn": 1321.8115}], "LGA_55880": [{"commodity": "Wheat", "industry": "grains", "sector": "cropping", "trips_count": 12, "trailer_loads": 729.0832, "tonnes": 18227.055, "tonne_kms": 10096210.0, "tonnes_per_trailer": 24.999973, "avg_trip_distance": 511.78766, "avg_trip_duration": 5.30648, "total_trip_distance": 208925.6, "total_trip_duration": 2163.3374, "total_freight_value": 7473098.0, "trip_transport_costs": 1298476.0, "cst_per_tonne": 71.0, "cst_per_tonne_km": 0.1286102540272538, "co2_tn": 682.17737}], "LGA_57000": [{"commodity": "Wheat", "industry": "grains", "sector": "cropping", "trips_count": 39, "trailer_loads": 1922.5476000000006, "tonnes": 48063.617, "tonne_kms": 14658568.0, "tonnes_per_trailer": 24.999989, "avg_trip_distance": 303.7655, "avg_trip_duration": 3.195711, "total_trip_distance": 390895.16, "total_trip_duration": 4114.374, "total_freight_value": 19706115.0, "trip_transport_costs": 2152170.0, "cst_per_tonne": 45.0, "cst_per_tonne_km": 0.14681992247693038, "co2_tn": 1155.8994}]}}