{"orig_lga": "LGA_45540", "orig_name": "Peterborough (DC)", "orig_state": "SA", "fetched_at": "2026-03-16T09:07:39.707422+00:00", "destinations": {"LGA_40220": [{"commodity": "Hay", "industry": "grains", "sector": "cropping", "trips_count": 9, "trailer_loads": 101.76929999999999, "tonnes": 2340.6836, "tonne_kms": 793828.1, "tonnes_per_trailer": 22.999903, "avg_trip_distance": 249.14375, "avg_trip_duration": 2.8102682, "total_trip_distance": 19001.703, "total_trip_duration": 213.88339, "total_freight_value": 702206.0, "trip_transport_costs": 114518.0, "cst_per_tonne": 49.0, "cst_per_tonne_km": 0.14426092289144768, "co2_tn": 59.860462}]}}