{"orig_lga": "LGA_64010", "orig_name": "Launceston (C)", "orig_state": "TAS", "fetched_at": "2026-03-16T08:52:53.432308+00:00", "destinations": {"LGA_61210": [{"commodity": "Harvested Softwood", "industry": "wood_product", "sector": "wood_product", "trips_count": 6, "trailer_loads": 49.99998000000001, "tonnes": 1000.002, "tonne_kms": 263340.22, "tonnes_per_trailer": 20.000048, "avg_trip_distance": 243.83351, "avg_trip_duration": 2.7258132, "total_trip_distance": 8778.007, "total_trip_duration": 98.12927, "total_freight_value": 1500000.0, "trip_transport_costs": 49504.0, "cst_per_tonne": 50.0, "cst_per_tonne_km": 0.1879837918646589, "co2_tn": 26.121357}], "LGA_61610": [], "LGA_62610": [], "LGA_62810": [{"commodity": "Export Logs", "industry": "wood_product", "sector": "wood_product", "trips_count": 33, "trailer_loads": 346.66662399999996, "tonnes": 8666.67, "tonne_kms": 1940846.9, "tonnes_per_trailer": 25.00001, "avg_trip_distance": 197.08247, "avg_trip_duration": 2.2306886, "total_trip_distance": 50724.95, "total_trip_duration": 573.12427, "total_freight_value": 12133328.0, "trip_transport_costs": 294145.0, "cst_per_tonne": 34.0, "cst_per_tonne_km": 0.15155499497667135, "co2_tn": 154.2091}], "LGA_64010": [{"commodity": "Household Waste", "industry": "waste", "sector": "waste", "trips_count": 185, "trailer_loads": 7544.879999999997, "tonnes": 75448.8, "tonne_kms": 483548.62, "tonnes_per_trailer": 10.0, "avg_trip_distance": 6.723667, "avg_trip_duration": 0.121782705, "total_trip_distance": 47181.098, "total_trip_duration": 858.79846, "total_freight_value": 7544880.0, "trip_transport_costs": 714609.0, "cst_per_tonne": 9.0, "cst_per_tonne_km": 1.4778421425781991, "co2_tn": 120.185555}], "LGA_64210": [], "LGA_64610": []}}