{"orig_lga": "LGA_41140", "orig_name": "Clare and Gilbert Valleys (DC)", "orig_state": "SA", "fetched_at": "2026-03-16T08:30:49.758988+00:00", "destinations": {"LGA_40220": [{"commodity": "Hay", "industry": "grains", "sector": "cropping", "trips_count": 16, "trailer_loads": 1167.3275, "tonnes": 26848.6, "tonne_kms": 5199346.5, "tonnes_per_trailer": 23.000065, "avg_trip_distance": 191.50734, "avg_trip_duration": 2.1945024, "total_trip_distance": 150705.7, "total_trip_duration": 1729.6074, "total_freight_value": 8054565.0, "trip_transport_costs": 872985.0, "cst_per_tonne": 33.0, "cst_per_tonne_km": 0.1679029127747112, "co2_tn": 449.0354}], "LGA_40310": [{"commodity": "Wine Grapes", "industry": "viticulture", "sector": "horticulture", "trips_count": 12, "trailer_loads": 173.03279999999998, "tonnes": 3460.6677, "tonne_kms": 320483.8, "tonnes_per_trailer": 20.000069, "avg_trip_distance": 89.023285, "avg_trip_duration": 1.0320414, "total_trip_distance": 10682.794, "total_trip_duration": 123.84497, "total_freight_value": 13842720.0, "trip_transport_costs": 67348.0, "cst_per_tonne": 19.0, "cst_per_tonne_km": 0.21014378121135605, "co2_tn": 31.835989}], "LGA_42110": [], "LGA_42250": [{"commodity": "Hay", "industry": "grains", "sector": "cropping", "trips_count": 8, "trailer_loads": 549.3303999999999, "tonnes": 12634.64, "tonne_kms": 6988077.0, "tonnes_per_trailer": 23.000074, "avg_trip_distance": 549.3999, "avg_trip_duration": 5.861122, "total_trip_distance": 196011.62, "total_trip_duration": 2090.8198, "total_freight_value": 3790384.0, "trip_transport_costs": 1135858.0, "cst_per_tonne": 90.0, "cst_per_tonne_km": 0.16254221632610802, "co2_tn": 586.6125}], "LGA_43650": [{"commodity": "Canola", "industry": "grains", "sector": "cropping", "trips_count": 6, "trailer_loads": 166.89299999999997, "tonnes": 4172.3257, "tonne_kms": 285179.3, "tonnes_per_trailer": 25.000015, "avg_trip_distance": 64.512726, "avg_trip_duration": 0.7113333, "total_trip_distance": 6404.141, "total_trip_duration": 70.81145, "total_freight_value": 2912286.0, "trip_transport_costs": 46245.0, "cst_per_tonne": 11.0, "cst_per_tonne_km": 0.16216094317522595, "co2_tn": 20.235699}, {"commodity": "Barley", "industry": "grains", "sector": "cropping", "trips_count": 10, "trailer_loads": 303.86690000000004, "tonnes": 7596.671, "tonne_kms": 455369.5, "tonnes_per_trailer": 24.999996, "avg_trip_distance": 56.475487, "avg_trip_duration": 0.64221144, "total_trip_distance": 10482.872, "total_trip_duration": 119.83031, "total_freight_value": 2582869.0, "trip_transport_costs": 77795.0, "cst_per_tonne": 10.0, "cst_per_tonne_km": 0.17083853915611388, "co2_tn": 33.049797}, {"commodity": "Wheat", "industry": "grains", "sector": "cropping", "trips_count": 16, "trailer_loads": 828.0608000000001, "tonnes": 20701.502, "tonne_kms": 1247637.5, "tonnes_per_trailer": 24.999987, "avg_trip_distance": 64.64411, "avg_trip_duration": 0.7269357, "total_trip_distance": 28797.307, "total_trip_duration": 327.88968, "total_freight_value": 8487611.0, "trip_transport_costs": 213004.0, "cst_per_tonne": 10.0, "cst_per_tonne_km": 0.17072577757899932, "co2_tn": 90.65167}], "LGA_43920": [], "LGA_44210": [], "LGA_45040": [{"commodity": "Hay", "industry": "grains", "sector": "cropping", "trips_count": 16, "trailer_loads": 1098.6607999999999, "tonnes": 25269.28, "tonne_kms": 4998416.5, "tonnes_per_trailer": 23.000074, "avg_trip_distance": 196.41776, "avg_trip_duration": 2.2181618, "total_trip_distance": 139313.4, "total_trip_duration": 1569.6976, "total_freight_value": 7580768.0, "trip_transport_costs": 816310.0, "cst_per_tonne": 32.0, "cst_per_tonne_km": 0.16331380820180752, "co2_tn": 420.50174}], "LGA_47800": [{"commodity": "Wheat", "industry": "grains", "sector": "cropping", "trips_count": 9, "trailer_loads": 350.88210000000004, "tonnes": 8772.052, "tonne_kms": 1955399.5, "tonnes_per_trailer": 25.000004, "avg_trip_distance": 220.39603, "avg_trip_duration": 2.4726229, "total_trip_distance": 52143.984, "total_trip_duration": 586.12146, "total_freight_value": 3596541.0, "trip_transport_costs": 297450.0, "cst_per_tonne": 34.0, "cst_per_tonne_km": 0.15211745852637787, "co2_tn": 155.21938}], "LGA_48130": [{"commodity": "Wheat", "industry": "grains", "sector": "cropping", "trips_count": 8, "trailer_loads": 229.93390000000002, "tonnes": 5748.347, "tonne_kms": 378834.25, "tonnes_per_trailer": 24.999994, "avg_trip_distance": 64.75172, "avg_trip_duration": 0.7382892, "total_trip_distance": 10102.246, "total_trip_duration": 114.92845, "total_freight_value": 2356820.0, "trip_transport_costs": 67887.0, "cst_per_tonne": 12.0, "cst_per_tonne_km": 0.17920023601804416, "co2_tn": 30.185196}, {"commodity": "Hay", "industry": "grains", "sector": "cropping", "trips_count": 18, "trailer_loads": 5434.775999999998, "tonnes": 124999.91, "tonne_kms": 5879267.0, "tonnes_per_trailer": 23.000013, "avg_trip_distance": 46.86841, "avg_trip_duration": 0.5249573, "total_trip_distance": 170413.53, "total_trip_duration": 1908.7448, "total_freight_value": 37499940.0, "trip_transport_costs": 1240963.0, "cst_per_tonne": 10.0, "cst_per_tonne_km": 0.21107448627843403, "co2_tn": 506.90814}, {"commodity": "Household Waste", "industry": "waste", "sector": "waste", "trips_count": 13, "trailer_loads": 280.8, "tonnes": 2808.0, "tonne_kms": 103842.87, "tonnes_per_trailer": 10.0, "avg_trip_distance": 36.308693, "avg_trip_duration": 0.4187958, "total_trip_distance": 10384.286, "total_trip_duration": 119.7756, "total_freight_value": 280800.0, "trip_transport_costs": 62841.0, "cst_per_tonne": 22.0, "cst_per_tonne_km": 0.6051567184365921, "co2_tn": 23.142904}]}}