{"orig_lga": "LGA_40430", "orig_name": "Barunga West (DC)", "orig_state": "SA", "fetched_at": "2026-03-16T08:18:14.828707+00:00", "destinations": {"LGA_40220": [{"commodity": "Hay", "industry": "grains", "sector": "cropping", "trips_count": 8, "trailer_loads": 161.9448, "tonnes": 3724.7283, "tonne_kms": 867866.3, "tonnes_per_trailer": 22.999985, "avg_trip_distance": 224.60307, "avg_trip_duration": 2.4883833, "total_trip_distance": 25155.545, "total_trip_duration": 278.69894, "total_freight_value": 1117416.0, "trip_transport_costs": 142711.0, "cst_per_tonne": 38.0, "cst_per_tonne_km": 0.16443865769288632, "co2_tn": 74.717476}], "LGA_42110": [{"commodity": "Hay", "industry": "grains", "sector": "cropping", "trips_count": 8, "trailer_loads": 161.9448, "tonnes": 3724.7283, "tonne_kms": 504882.22, "tonnes_per_trailer": 22.999985, "avg_trip_distance": 129.52698, "avg_trip_duration": 1.3965294, "total_trip_distance": 13934.413, "total_trip_duration": 150.35733, "total_freight_value": 1117416.0, "trip_transport_costs": 84892.0, "cst_per_tonne": 23.0, "cst_per_tonne_km": 0.16814311069828106, "co2_tn": 42.13322}], "LGA_45040": [{"commodity": "Hay", "industry": "grains", "sector": "cropping", "trips_count": 12, "trailer_loads": 242.91719999999998, "tonnes": 5587.092, "tonne_kms": 1323141.1, "tonnes_per_trailer": 22.999985, "avg_trip_distance": 228.28523, "avg_trip_duration": 2.5131097, "total_trip_distance": 38351.918, "total_trip_duration": 422.20242, "total_freight_value": 1676124.0, "trip_transport_costs": 216844.0, "cst_per_tonne": 39.0, "cst_per_tonne_km": 0.1638859846736398, "co2_tn": 113.83513}], "LGA_45890": [], "LGA_48130": [{"commodity": "Hay", "industry": "grains", "sector": "cropping", "trips_count": 18, "trailer_loads": 1661.2363999999995, "tonnes": 38208.465, "tonne_kms": 2984111.8, "tonnes_per_trailer": 23.00001, "avg_trip_distance": 71.02237, "avg_trip_duration": 0.77593726, "total_trip_distance": 72697.79, "total_trip_duration": 799.1095, "total_freight_value": 11462552.0, "trip_transport_costs": 516643.0, "cst_per_tonne": 14.0, "cst_per_tonne_km": 0.1731311859056028, "co2_tn": 231.3435}, {"commodity": "Barley", "industry": "grains", "sector": "cropping", "trips_count": 44, "trailer_loads": 1656.2161000000015, "tonnes": 41405.383, "tonne_kms": 2088064.8, "tonnes_per_trailer": 25.000006, "avg_trip_distance": 52.67115, "avg_trip_duration": 0.56657666, "total_trip_distance": 50654.19, "total_trip_duration": 547.829, "total_freight_value": 14077844.0, "trip_transport_costs": 381310.0, "cst_per_tonne": 9.0, "cst_per_tonne_km": 0.18261429999525428, "co2_tn": 155.69807}, {"commodity": "Wheat", "industry": "grains", "sector": "cropping", "trips_count": 44, "trailer_loads": 1692.6599000000012, "tonnes": 42316.49, "tonne_kms": 1727753.1, "tonnes_per_trailer": 25.0, "avg_trip_distance": 43.067944, "avg_trip_duration": 0.4652045, "total_trip_distance": 44282.82, "total_trip_duration": 481.03574, "total_freight_value": 17349768.0, "trip_transport_costs": 343547.0, "cst_per_tonne": 8.0, "cst_per_tonne_km": 0.19884036302567823, "co2_tn": 133.27652}]}}