{"orig_lga": "LGA_22250", "orig_name": "Gannawarra (S)", "orig_state": "VIC", "fetched_at": "2026-03-12T07:09:26.258352+00:00", "destinations": {"LGA_10650": [{"industry": "grains", "sector": "cropping", "trips_count": 40, "trailer_loads": 783.1004400000002, "tonnes": 19555.229, "tonne_kms": 4411144.5, "tonnes_per_trailer": 24.899988, "avg_trip_distance": 161.93117, "avg_trip_duration": 1.8759066, "total_trip_distance": 108708.43, "total_trip_duration": 1254.4038, "total_freight_value": 9192975.0, "trip_transport_costs": 647608.0, "cst_per_tonne": 33.0, "cst_per_tonne_km": 0.14681181950545588, "co2_tn": 333.99246}], "LGA_12730": [{"industry": "grains", "sector": "cropping", "trips_count": 27, "trailer_loads": 580.7324499999999, "tonnes": 14473.775, "tonne_kms": 1819621.9, "tonnes_per_trailer": 24.703684, "avg_trip_distance": 98.27531, "avg_trip_duration": 1.1207068, "total_trip_distance": 45458.816, "total_trip_duration": 514.95465, "total_freight_value": 7245654.0, "trip_transport_costs": 286951.0, "cst_per_tonne": 20.0, "cst_per_tonne_km": 0.15769818490148194, "co2_tn": 138.6215}], "LGA_15520": [{"industry": "grains", "sector": "cropping", "trips_count": 24, "trailer_loads": 629.7161000000001, "tonnes": 15687.24, "tonne_kms": 1514492.1, "tonnes_per_trailer": 24.583317, "avg_trip_distance": 87.38545, "avg_trip_duration": 0.99323875, "total_trip_distance": 40471.32, "total_trip_duration": 457.76727, "total_freight_value": 6397287.0, "trip_transport_costs": 252957.0, "cst_per_tonne": 16.0, "cst_per_tonne_km": 0.1670242599991312, "co2_tn": 120.35836}, {"industry": "livestock", "sector": "livestock", "trips_count": 16, "trailer_loads": 103.0, "tonnes": 2044.0, "tonne_kms": 159914.9, "tonnes_per_trailer": 19.625, "avg_trip_distance": 71.27331, "avg_trip_duration": 0.80963963, "total_trip_distance": 5241.401, "total_trip_duration": 59.782738, "total_freight_value": 4622980.0, "trip_transport_costs": 34571.0, "cst_per_tonne": 17.0, "cst_per_tonne_km": 0.21618236017539205, "co2_tn": 15.771917}], "LGA_20740": [{"industry": "grains", "sector": "cropping", "trips_count": 8, "trailer_loads": 44.53024, "tonnes": 1024.192, "tonne_kms": 427999.6, "tonnes_per_trailer": 22.999922, "avg_trip_distance": 387.6808, "avg_trip_duration": 4.1629176, "total_trip_distance": 12405.785, "total_trip_duration": 133.21336, "total_freight_value": 307258.0, "trip_transport_costs": 67625.0, "cst_per_tonne": 66.0, "cst_per_tonne_km": 0.15800305684431507, "co2_tn": 36.51478}], "LGA_20830": [], "LGA_21270": [{"industry": "grains", "sector": "cropping", "trips_count": 82, "trailer_loads": 1833.5951599999987, "tonnes": 45771.277, "tonne_kms": 3830521.0, "tonnes_per_trailer": 24.841448, "avg_trip_distance": 81.24708, "avg_trip_duration": 0.88247305, "total_trip_distance": 102183.875, "total_trip_duration": 1107.7938, "total_freight_value": 17963185.0, "trip_transport_costs": 646371.0, "cst_per_tonne": 14.0, "cst_per_tonne_km": 0.16874242010932197, "co2_tn": 301.48212}, {"industry": "livestock", "sector": "livestock", "trips_count": 8, "trailer_loads": 33.0909, "tonnes": 556.0, "tonne_kms": 70510.61, "tonnes_per_trailer": 17.500006, "avg_trip_distance": 105.15373, "avg_trip_duration": 1.1388605, "total_trip_distance": 2747.8853, "total_trip_duration": 29.682701, "total_freight_value": 2639120.0, "trip_transport_costs": 16316.0, "cst_per_tonne": 29.0, "cst_per_tonne_km": 0.23139094117166867, "co2_tn": 8.091316}], "LGA_21370": [{"industry": "grains", "sector": "cropping", "trips_count": 29, "trailer_loads": 363.4655600000001, "tonnes": 8897.384, "tonne_kms": 767935.1, "tonnes_per_trailer": 23.82754, "avg_trip_distance": 98.10214, "avg_trip_duration": 1.0917226, "total_trip_distance": 21165.281, "total_trip_duration": 235.16885, "total_freight_value": 3580241.0, "trip_transport_costs": 133493.0, "cst_per_tonne": 15.0, "cst_per_tonne_km": 0.17383311504554588, "co2_tn": 62.62077}, {"industry": "livestock", "sector": "livestock", "trips_count": 41, "trailer_loads": 1158.6363500000007, "tonnes": 28416.0, "tonne_kms": 3490159.0, "tonnes_per_trailer": 22.365856, "avg_trip_distance": 105.3172, "avg_trip_duration": 1.1879053, "total_trip_distance": 94538.32, "total_trip_duration": 1050.1084, "total_freight_value": 48925620.0, "trip_transport_costs": 566927.0, "cst_per_tonne": 20.0, "cst_per_tonne_km": 0.16243575843007238, "co2_tn": 279.45023}], "LGA_21830": [{"industry": "grains", "sector": "cropping", "trips_count": 8, "trailer_loads": 44.53024, "tonnes": 1024.192, "tonne_kms": 366355.53, "tonnes_per_trailer": 22.999922, "avg_trip_distance": 318.93143, "avg_trip_duration": 3.4983544, "total_trip_distance": 10627.477, "total_trip_duration": 116.58401, "total_freight_value": 307258.0, "trip_transport_costs": 58573.0, "cst_per_tonne": 57.0, "cst_per_tonne_km": 0.15988155812527396, "co2_tn": 31.34074}], "LGA_22250": [{"industry": "grains", "sector": "cropping", "trips_count": 209, "trailer_loads": 3604.4333900000033, "tonnes": 89721.14, "tonne_kms": 2099654.0, "tonnes_per_trailer": 24.674627, "avg_trip_distance": 23.512634, "avg_trip_duration": 0.27536073, "total_trip_distance": 61505.934, "total_trip_duration": 719.33734, "total_freight_value": 40436424.0, "trip_transport_costs": 538904.0, "cst_per_tonne": 6.0, "cst_per_tonne_km": 0.25666346581686794, "co2_tn": 171.77403}, {"industry": "livestock", "sector": "livestock", "trips_count": 10, "trailer_loads": 16.0, "tonnes": 288.0, "tonne_kms": 9619.866, "tonnes_per_trailer": 18.0, "avg_trip_distance": 25.682667, "avg_trip_duration": 0.29454333, "total_trip_distance": 365.98065, "total_trip_duration": 4.1944113, "total_freight_value": 1056960.0, "trip_transport_costs": 2927.0, "cst_per_tonne": 10.0, "cst_per_tonne_km": 0.304229300901465, "co2_tn": 1.0690272}, {"industry": "waste", "sector": "waste", "trips_count": 35, "trailer_loads": 1187.9999999999995, "tonnes": 11880.0, "tonne_kms": 141621.27, "tonnes_per_trailer": 10.0, "avg_trip_distance": 8.722435, "avg_trip_duration": 0.10854768, "total_trip_distance": 11553.927, "total_trip_duration": 142.90019, "total_freight_value": 1188000.0, "trip_transport_costs": 130269.0, "cst_per_tonne": 11.0, "cst_per_tonne_km": 0.9198391444856612, "co2_tn": 30.081703}], "LGA_22830": [{"industry": "grains", "sector": "cropping", "trips_count": 7, "trailer_loads": 38.96396, "tonnes": 896.16797, "tonne_kms": 166064.28, "tonnes_per_trailer": 22.999922, "avg_trip_distance": 171.9092, "avg_trip_duration": 1.9473165, "total_trip_distance": 4813.4575, "total_trip_duration": 54.524864, "total_freight_value": 268851.0, "trip_transport_costs": 27867.0, "cst_per_tonne": 31.0, "cst_per_tonne_km": 0.16780590434483483, "co2_tn": 14.288464}, {"industry": "livestock", "sector": "livestock", "trips_count": 7, "trailer_loads": 46.0, "tonnes": 860.0, "tonne_kms": 134954.5, "tonnes_per_trailer": 18.571428, "avg_trip_distance": 141.15155, "avg_trip_duration": 1.6146472, "total_trip_distance": 4767.9434, "total_trip_duration": 54.771645, "total_freight_value": 2144000.0, "trip_transport_costs": 28242.0, "cst_per_tonne": 33.0, "cst_per_tonne_km": 0.20927361817431994, "co2_tn": 14.185853}], "LGA_23940": [{"industry": "grains", "sector": "cropping", "trips_count": 56, "trailer_loads": 710.5800800000002, "tonnes": 17619.768, "tonne_kms": 1202848.1, "tonnes_per_trailer": 24.535696, "avg_trip_distance": 62.195587, "avg_trip_duration": 0.6864839, "total_trip_distance": 30661.78, "total_trip_duration": 336.56543, "total_freight_value": 8275515.0, "trip_transport_costs": 207577.0, "cst_per_tonne": 12.0, "cst_per_tonne_km": 0.1725716443385575, "co2_tn": 92.22242}], "LGA_24900": [{"industry": "grains", "sector": "cropping", "trips_count": 26, "trailer_loads": 315.0243400000001, "tonnes": 7786.5425, "tonne_kms": 1399643.9, "tonnes_per_trailer": 24.384588, "avg_trip_distance": 170.9744, "avg_trip_duration": 1.9071883, "total_trip_distance": 37512.66, "total_trip_duration": 418.28302, "total_freight_value": 4129251.0, "trip_transport_costs": 217779.0,