{"orig_lga": "LGA_27630", "orig_name": "Yarriambiack (S)", "orig_state": "VIC", "fetched_at": "2026-03-12T07:58:14.547403+00:00", "destinations": {"LGA_10650": [{"industry": "grains", "sector": "cropping", "trips_count": 88, "trailer_loads": 1980.8687699999998, "tonnes": 49389.367, "tonne_kms": 16988984.0, "tonnes_per_trailer": 24.840906, "avg_trip_distance": 298.93536, "avg_trip_duration": 3.353131, "total_trip_distance": 454125.8, "total_trip_duration": 5094.8955, "total_freight_value": 21942091.0, "trip_transport_costs": 2528846.0, "cst_per_tonne": 51.0, "cst_per_tonne_km": 0.14885211885684277, "co2_tn": 1348.4805}], "LGA_12730": [{"industry": "grains", "sector": "cropping", "trips_count": 36, "trailer_loads": 687.4472499999996, "tonnes": 17072.709, "tonne_kms": 4544798.5, "tonnes_per_trailer": 24.66666, "avg_trip_distance": 176.61436, "avg_trip_duration": 1.9545203, "total_trip_distance": 122257.15, "total_trip_duration": 1349.8193, "total_freight_value": 7019745.0, "trip_transport_costs": 692132.0, "cst_per_tonne": 41.0, "cst_per_tonne_km": 0.1522910572288367, "co2_tn": 361.20007}], "LGA_15520": [{"industry": "grains", "sector": "cropping", "trips_count": 41, "trailer_loads": 1120.4764999999995, "tonnes": 27841.703, "tonne_kms": 6167031.5, "tonnes_per_trailer": 24.560978, "avg_trip_distance": 222.72656, "avg_trip_duration": 2.4759755, "total_trip_distance": 165549.89, "total_trip_duration": 1829.8995, "total_freight_value": 10323474.0, "trip_transport_costs": 940056.0, "cst_per_tonne": 34.0, "cst_per_tonne_km": 0.15243256986135673, "co2_tn": 489.93887}], "LGA_20260": [{"industry": "grains", "sector": "cropping", "trips_count": 24, "trailer_loads": 537.0010699999999, "tonnes": 13312.884, "tonne_kms": 2486581.8, "tonnes_per_trailer": 24.500008, "avg_trip_distance": 168.91591, "avg_trip_duration": 1.881362, "total_trip_distance": 66845.805, "total_trip_duration": 743.2963, "total_freight_value": 5510828.0, "trip_transport_costs": 384364.0, "cst_per_tonne": 29.0, "cst_per_tonne_km": 0.15457525577422324, "co2_tn": 197.51828}, {"industry": "livestock", "sector": "livestock", "trips_count": 8, "trailer_loads": 246.0, "tonnes": 2460.0, "tonne_kms": 326956.25, "tonnes_per_trailer": 10.0, "avg_trip_distance": 120.25787, "avg_trip_duration": 1.3681375, "total_trip_distance": 21797.084, "total_trip_duration": 246.0022, "total_freight_value": 17220000.0, "trip_transport_costs": 130487.0, "cst_per_tonne": 53.0, "cst_per_tonne_km": 0.3990969388882782, "co2_tn": 64.54747}], "LGA_20570": [{"industry": "grains", "sector": "cropping", "trips_count": 9, "trailer_loads": 331.5584, "tonnes": 8251.144, "tonne_kms": 1718680.5, "tonnes_per_trailer": 24.555553, "avg_trip_distance": 211.31161, "avg_trip_duration": 2.3322244, "total_trip_distance": 46107.703, "total_trip_duration": 510.22772, "total_freight_value": 3089008.0, "trip_transport_costs": 262390.0, "cst_per_tonne": 32.0, "cst_per_tonne_km": 0.15266965011003353, "co2_tn": 136.49652}, {"industry": "livestock", "sector": "livestock", "trips_count": 6, "trailer_loads": 53.0, "tonnes": 570.0, "tonne_kms": 104301.03, "tonnes_per_trailer": 11.333333, "avg_trip_distance": 178.72691, "avg_trip_duration": 1.9926751, "total_trip_distance": 6441.938, "total_trip_duration": 71.96167, "total_freight_value": 3690300.0, "trip_transport_costs": 37240.0, "cst_per_tonne": 65.0, "cst_per_tonne_km": 0.3570422582223689, "co2_tn": 19.104973}], "LGA_21270": [{"industry": "grains", "sector": "cropping", "trips_count": 213, "trailer_loads": 5044.048419999999, "tonnes": 125239.23, "tonne_kms": 11233387.0, "tonnes_per_trailer": 24.69484, "avg_trip_distance": 86.10402, "avg_trip_duration": 0.94000465, "total_trip_distance": 300364.03, "total_trip_duration": 3281.5112, "total_freight_value": 49964924.0, "trip_transport_costs": 1883358.0, "cst_per_tonne": 15.0, "cst_per_tonne_km": 0.16765719160010675, "co2_tn": 887.48517}], "LGA_21370": [{"industry": "grains", "sector": "cropping", "trips_count": 45, "trailer_loads": 1372.5245499999992, "tonnes": 33821.41, "tonne_kms": 7879444.0, "tonnes_per_trailer": 23.844421, "avg_trip_distance": 222.25859, "avg_trip_duration": 2.435237, "total_trip_distance": 213385.05, "total_trip_duration": 2354.9988, "total_freight_value": 12182136.0, "trip_transport_costs": 1203489.0, "cst_per_tonne": 36.0, "cst_per_tonne_km": 0.15273779611008245, "co2_tn": 630.42065}], "LGA_21750": [{"industry": "grains", "sector": "cropping", "trips_count": 21, "trailer_loads": 198.57180000000005, "tonnes": 4567.142, "tonne_kms": 1474402.8, "tonnes_per_trailer": 22.999958, "avg_trip_distance": 290.7232, "avg_trip_duration": 3.2412043, "total_trip_distance": 42736.312, "total_trip_duration": 476.45703, "total_freight_value": 1370145.0, "trip_transport_costs": 237905.0, "cst_per_tonne": 52.0, "cst_per_tonne_km": 0.16135692088923803, "co2_tn": 126.480095}], "LGA_21830": [{"industry": "grains", "sector": "cropping", "trips_count": 61, "trailer_loads": 2181.713940000002, "tonnes": 53994.492, "tonne_kms": 13799695.0, "tonnes_per_trailer": 24.049171, "avg_trip_distance": 247.06503, "avg_trip_duration": 2.7521682, "total_trip_distance": 372231.38, "total_trip_duration": 4184.4556, "total_freight_value": 20701526.0, "trip_transport_costs": 2099932.0, "cst_per_tonne": 39.0, "cst_per_tonne_km": 0.15217233518481976, "co2_tn": 1103.7073}], "LGA_22250": [{"industry": "grains", "sector": "cropping", "trips_count": 62, "trailer_loads": 1547.0747399999989, "tonnes": 38185.203, "tonne_kms": 6027537.0, "tonnes_per_trailer": 24.161276, "avg_trip_distance": 156.04065, "avg_trip_duration": 1.6981622, "total_trip_distance": 163260.4, "total_trip_duration": 1775.1761, "total_freight_value": 13842733.0, "trip_transport_costs": 947931.0, "cst_per_tonne": 25.0, "cst_per_tonne_km": 0.15726665478227778, "co2_tn": 481.69464}], "LGA_22410": [{"industry": "grains", "sector": "cropping", "trips_count": 16, "trailer_loads": 232.47820000000013, "tonnes": 5585.014, "tonne_kms": 1365963.8, "tonnes_per_trailer": 23.499973, "avg_trip_distance": 229.31638, "avg_trip_duration": 2.4891958, "total_trip_distance": 37965.043, "total_trip_duration": 411.86935, "total_freight_value": 1897180.0, "trip_transport_costs": 212568.0, "cst_per_tonne": 38.0, "cst_per_tonne_km": 0.1556175749968429, "co2_tn": 111.73396}], "LGA_22620": [{"industry": "grains", "sector": "cropping", "trips_count": 25, "trailer_loads": 949.61346, "tonnes": 23740.324, "tonne_kms": 4961453.0, "tonnes_per_trailer": 24.999992, "avg_trip_distance": 204.43806, "avg_trip_duration": 2.2605407, "total_trip_distance": 132305.42, "total_trip_duration": 1468.3931, "total_freight_value": 10505775.0, "trip_transport_costs": 753126.0, "cst_per_tonne": 32.0, "cst_per_tonne_km": 0.15179554348088026, "co2_tn": 391.01962}], "LGA_22750": [{"industry": "grains", "sector": "cropping", "trips_count": 17, "trailer_loads": 569.53622, "tonnes": 14219.484, "tonne_kms": 4087906.8, "tonnes_per_trailer": 24.882345, "avg_trip_distance": 275.06604, "avg_trip_duration": 3.0634387, "total_trip_distance": 109188.05, "total_trip_duration": 1219.034, "total_freight_value": 5587138.0, "trip_transport_costs": 610700.0, "cst_per_tonne": 43.0, "cst_per_tonne_km": 0.1493918782229591, "co2_tn": 323.4346}], "LGA_22830": [{"industry": "grains", "sector": "cropping", "trips_count": 15, "trailer_loads": 169.98676000000003, "tonnes": 4041.6362, "tonne_kms": 1197634.5, "tonnes_per_trailer": 23.533302, "avg_trip_distance": 271.29413, "avg_trip_duration": 3.0195603, "total_trip_distance": 33654.445, "total_trip_duration": 375.3262, "total_freight_value": 1458837.0, "trip_transport_costs": 187958.0, "cst_per_tonne": 47.0, "cst_per_tonne_km": 0.1569412617382432, "co2_tn": 99.602806}], "LGA_22980": [{"industry": "grains", "sector": "cropping", "trips_count": 167, "trailer_loads": 4402.940839999998, "tonnes": 109554.39, "tonne_kms": 8003054.0, "tonnes_per_trailer": 24.712585, "avg_trip_distance": 70.945404, "avg_trip_duration": 0.78058165,