{"orig_lga": "LGA_27450", "orig_name": "Yarra Ranges (S)", "orig_state": "VIC", "fetched_at": "2026-03-12T07:58:01.544954+00:00", "destinations": {"LGA_21180": [{"industry": "fruit", "sector": "horticulture", "trips_count": 7, "trailer_loads": 200.82974330000002, "tonnes": 2398.169, "tonne_kms": 159235.23, "tonnes_per_trailer": 12.142861, "avg_trip_distance": 43.128918, "avg_trip_duration": 0.58185977, "total_trip_distance": 9022.963, "total_trip_duration": 121.711105, "total_freight_value": 12079245.0, "trip_transport_costs": 63215.0, "cst_per_tonne": 26.0, "cst_per_tonne_km": 0.396992240152495, "co2_tn": 27.332306}], "LGA_22670": [{"industry": "fruit", "sector": "horticulture", "trips_count": 8, "trailer_loads": 153.5846837, "tonnes": 2235.2126, "tonne_kms": 97896.51, "tonnes_per_trailer": 11.875006, "avg_trip_distance": 24.99317, "avg_trip_duration": 0.35471132, "total_trip_distance": 4594.1426, "total_trip_duration": 66.185, "total_freight_value": 10308407.0, "trip_transport_costs": 36231.0, "cst_per_tonne": 16.0, "cst_per_tonne_km": 0.3700960064171878, "co2_tn": 14.117936}], "LGA_23670": [], "LGA_24600": [{"industry": "fruit", "sector": "horticulture", "trips_count": 12, "trailer_loads": 23.92961558, "tonnes": 463.5138, "tonne_kms": 29347.807, "tonnes_per_trailer": 18.33332, "avg_trip_distance": 25.141052, "avg_trip_duration": 0.33787423, "total_trip_distance": 1345.3711, "total_trip_duration": 17.97665, "total_freight_value": 1921874.0, "trip_transport_costs": 8013.0, "cst_per_tonne": 17.0, "cst_per_tonne_km": 0.273034005022952, "co2_tn": 3.3139155}], "LGA_25340": [{"industry": "meat", "sector": "cold_food", "trips_count": 9, "trailer_loads": 132.18015, "tonnes": 1718.3418, "tonne_kms": 133891.45, "tonnes_per_trailer": 12.999999, "avg_trip_distance": 75.81891, "avg_trip_duration": 0.985527, "total_trip_distance": 6866.228, "total_trip_duration": 89.79425, "total_freight_value": 10310055.0, "trip_transport_costs": 45908.0, "cst_per_tonne": 27.0, "cst_per_tonne_km": 0.3428717506035964, "co2_tn": 20.816132}], "LGA_27070": [{"industry": "meat", "sector": "cold_food", "trips_count": 9, "trailer_loads": 119.28461000000001, "tonnes": 1550.6985, "tonne_kms": 105434.195, "tonnes_per_trailer": 12.999985, "avg_trip_distance": 65.526375, "avg_trip_duration": 0.94009227, "total_trip_distance": 5406.882, "total_trip_duration": 77.35276, "total_freight_value": 9304195.0, "trip_transport_costs": 37958.0, "cst_per_tonne": 24.0, "cst_per_tonne_km": 0.3600196220769219, "co2_tn": 16.65979}, {"industry": "fruit", "sector": "horticulture", "trips_count": 19, "trailer_loads": 326.35160659999997, "tonnes": 4046.5415, "tonne_kms": 249089.53, "tonnes_per_trailer": 12.894744, "avg_trip_distance": 26.67955, "avg_trip_duration": 0.3687587, "total_trip_distance": 16091.013, "total_trip_duration": 221.1343, "total_freight_value": 19494484.0, "trip_transport_costs": 103972.0, "cst_per_tonne": 26.0, "cst_per_tonne_km": 0.41740996779840883, "co2_tn": 43.42695}], "LGA_27260": [{"industry": "meat", "sector": "cold_food", "trips_count": 9, "trailer_loads": 96.71717000000001, "tonnes": 1257.323, "tonne_kms": 102261.375, "tonnes_per_trailer": 12.999997, "avg_trip_distance": 70.42282, "avg_trip_duration": 0.9812604, "total_trip_distance": 5244.173, "total_trip_duration": 73.511505, "total_freight_value": 7543945.0, "trip_transport_costs": 35376.0, "cst_per_tonne": 28.0, "cst_per_tonne_km": 0.34593410528290885, "co2_tn": 16.055109}, {"industry": "vegetables", "sector": "horticulture", "trips_count": 12, "trailer_loads": 7.044776400000001, "tonnes": 106.56876, "tonne_kms": 7046.436, "tonnes_per_trailer": 16.499994, "avg_trip_distance": 20.917727, "avg_trip_duration": 0.2817623, "total_trip_distance": 310.5749, "total_trip_duration": 4.2039795, "total_freight_value": 738131.0, "trip_transport_costs": 2191.0, "cst_per_tonne": 21.0, "cst_per_tonne_km": 0.310872024050586, "co2_tn": 0.9449195}, {"industry": "fruit", "sector": "horticulture", "trips_count": 41, "trailer_loads": 792.9060801999999, "tonnes": 10541.736, "tonne_kms": 771975.3, "tonnes_per_trailer": 13.2926855, "avg_trip_distance": 36.947456, "avg_trip_duration": 0.5003606, "total_trip_distance": 45681.27, "total_trip_duration": 623.67596, "total_freight_value": 51564180.0, "trip_transport_costs": 283886.0, "cst_per_tonne": 27.0, "cst_per_tonne_km": 0.3677394031359889, "co2_tn": 121.5781}], "LGA_27450": [{"industry": "waste", "sector": "waste", "trips_count": 398, "trailer_loads": 14238.720000000063, "tonnes": 142387.2, "tonne_kms": 1603085.8, "tonnes_per_trailer": 10.0, "avg_trip_distance": 7.845021, "avg_trip_duration": 0.12516806, "total_trip_distance": 129451.336, "total_trip_duration": 1975.3218, "total_freight_value": 14238720.0, "trip_transport_costs": 1566686.0, "cst_per_tonne": 11.0, "cst_per_tonne_km": 0.9772938247858223, "co2_tn": 350.78094}]}}