{"orig_lga": "LGA_32260", "orig_name": "Cassowary Coast (R)", "orig_state": "QLD", "fetched_at": "2026-03-12T06:58:54.822585+00:00", "destinations": {"LGA_31000": [{"industry": "fruit", "sector": "horticulture", "trips_count": 74, "trailer_loads": 1109.0027489999998, "tonnes": 22182.271, "tonne_kms": 38004020.0, "tonnes_per_trailer": 20.013508, "avg_trip_distance": 734.8714, "avg_trip_duration": 7.9135475, "total_trip_distance": 935407.3, "total_trip_duration": 10072.7705, "total_freight_value": 67498669.0, "trip_transport_costs": 5880466.0, "cst_per_tonne": 265.0, "cst_per_tonne_km": 0.15473272736424393, "co2_tn": 3353.0286}], "LGA_32080": [{"industry": "household_general", "sector": "general", "trips_count": 19, "trailer_loads": 443.2957209999999, "tonnes": 5762.849, "tonne_kms": 508128.94, "tonnes_per_trailer": 13.000002, "avg_trip_distance": 84.296005, "avg_trip_duration": 1.0046254, "total_trip_distance": 43405.29, "total_trip_duration": 515.67847, "total_freight_value": 230513821.0, "trip_transport_costs": 199793.0, "cst_per_tonne": 35.0, "cst_per_tonne_km": 0.39319359730486175, "co2_tn": 84.52162}, {"industry": "ppe", "sector": "health", "trips_count": 7, "trailer_loads": 1.7509594, "tonnes": 10.50577, "tonne_kms": 873.2653, "tonnes_per_trailer": 6.0000014, "avg_trip_distance": 19.185633, "avg_trip_duration": 0.22591834, "total_trip_distance": 251.3423, "total_trip_duration": 2.9787738, "total_freight_value": 525289.0, "trip_transport_costs": 810.0, "cst_per_tonne": 77.0, "cst_per_tonne_km": 0.9275946636176178, "co2_tn": 0.27642944}, {"industry": "fruit", "sector": "horticulture", "trips_count": 95, "trailer_loads": 548.2035749000003, "tonnes": 10964.354, "tonne_kms": 1461350.6, "tonnes_per_trailer": 20.010525, "avg_trip_distance": 91.86953, "avg_trip_duration": 1.0580541, "total_trip_distance": 73065.35, "total_trip_duration": 844.53357, "total_freight_value": 33164264.0, "trip_transport_costs": 350927.0, "cst_per_tonne": 32.0, "cst_per_tonne_km": 0.2401387393013605, "co2_tn": 160.68095}, {"industry": "vehicles", "sector": "vehicles", "trips_count": 6, "trailer_loads": 30.702802, "tonnes": 184.21674, "tonne_kms": 15485.934, "tonnes_per_trailer": 5.999999, "avg_trip_distance": 70.279305, "avg_trip_duration": 0.8190634, "total_trip_distance": 2580.989, "total_trip_duration": 30.080858, "total_freight_value": 5342281.0, "trip_transport_costs": 13016.0, "cst_per_tonne": 71.0, "cst_per_tonne_km": 0.8404925281943741, "co2_tn": 5.681375}], "LGA_32260": [{"industry": "meat", "sector": "cold_food", "trips_count": 8, "trailer_loads": 15.243179999999999, "tonnes": 274.37723, "tonne_kms": 5302.856, "tonnes_per_trailer": 17.999996, "avg_trip_distance": 16.01281, "avg_trip_duration": 0.18115704, "total_trip_distance": 294.60312, "total_trip_duration": 3.3351007, "total_freight_value": 9054480.0, "trip_transport_costs": 2251.0, "cst_per_tonne": 8.0, "cst_per_tonne_km": 0.4244733304457382, "co2_tn": 0.6485388}, {"industry": "waste", "sector": "waste", "trips_count": 98, "trailer_loads": 2375.9999999999964, "tonnes": 23760.0, "tonne_kms": 446821.34, "tonnes_per_trailer": 10.0, "avg_trip_distance": 15.068622, "avg_trip_duration": 0.18504201, "total_trip_distance": 44682.133, "total_trip_duration": 542.881, "total_freight_value": 2376000.0, "trip_transport_costs": 343266.0, "cst_per_tonne": 14.0, "cst_per_tonne_km": 0.7682393687584728, "co2_tn": 99.34284}, {"industry": "wood_product", "sector": "wood_product", "trips_count": 22, "trailer_loads": 1574.0741999999996, "tonnes": 28333.34, "tonne_kms": 2276162.8, "tonnes_per_trailer": 17.999998, "avg_trip_distance": 77.42609, "avg_trip_duration": 0.9015253, "total_trip_distance": 126453.484, "total_trip_duration": 1455.926, "total_freight_value": 7366671.0, "trip_transport_costs": 640936.0, "cst_per_tonne": 23.0, "cst_per_tonne_km": 0.2815862024375646, "co2_tn": 278.50577}], "LGA_32310": [{"industry": "livestock", "sector": "livestock", "trips_count": 11, "trailer_loads": 55.0, "tonnes": 1100.0, "tonne_kms": 382718.3, "tonnes_per_trailer": 20.0, "avg_trip_distance": 232.40791, "avg_trip_duration": 2.5150464, "total_trip_distance": 12782.435, "total_trip_duration": 138.32756, "total_freight_value": 2370500.0, "trip_transport_costs": 71030.0, "cst_per_tonne": 65.0, "cst_per_tonne_km": 0.18559297849895476, "co2_tn": 37.665695}], "LGA_32810": [], "LGA_34880": [{"industry": "wood_product", "sector": "wood_product", "trips_count": 30, "trailer_loads": 831.62133, "tonnes": 16837.322, "tonne_kms": 3747907.2, "tonnes_per_trailer": 20.166668, "avg_trip_distance": 164.53056, "avg_trip_duration": 1.8750632, "total_trip_distance": 143048.69, "total_trip_duration": 1636.4146, "total_freight_value": 25768217.0, "trip_transport_costs": 757680.0, "cst_per_tonne": 45.0, "cst_per_tonne_km": 0.2021609507454322, "co2_tn": 380.84277}], "LGA_36820": [{"industry": "wood_product", "sector": "wood_product", "trips_count": 31, "trailer_loads": 607.8039129999999, "tonnes": 12357.151, "tonne_kms": 1943173.4, "tonnes_per_trailer": 20.161283, "avg_trip_distance": 103.02417, "avg_trip_duration": 1.1588825, "total_trip_distance": 85973.98, "total_trip_duration": 973.5987, "total_freight_value": 19038375.0, "trip_transport_costs": 429809.0, "cst_per_tonne": 35.0, "cst_per_tonne_km": 0.2211893382599861, "co2_tn": 205.68298}], "LGA_37010": [{"industry": "fruit", "sector": "horticulture", "trips_count": 288, "trailer_loads": 1622.4977740999989, "tonnes": 32445.46, "tonne_kms": 7565111.0, "tonnes_per_trailer": 19.833334, "avg_trip_distance": 153.78859, "avg_trip_duration": 1.7097193, "total_trip_distance": 373408.6, "total_trip_duration": 4143.371, "total_freight_value": 97953190.0, "trip_transport_costs": 1719270.0, "cst_per_tonne": 53.0, "cst_per_tonne_km": 0.22726308175166188, "co2_tn": 826.09186}, {"industry": "livestock", "sector": "livestock", "trips_count": 20, "trailer_loads": 98.18180000000001, "tonnes": 2000.0, "tonne_kms": 475504.1, "tonnes_per_trailer": 20.400005, "avg_trip_distance": 229.15446, "avg_trip_duration": 2.5260413, "total_trip_distance": 22915.447, "total_trip_duration": 252.60413, "total_freight_value": 5920000.0, "trip_transport_costs": 104857.0, "cst_per_tonne": 52.0, "cst_per_tonne_km": 0.22051773234109248, "co2_tn": 50.825916}]}}