{"orig_lga": "LGA_36510", "orig_name": "Scenic Rim (R)", "orig_state": "QLD", "fetched_at": "2026-03-12T07:41:45.053773+00:00", "destinations": {"LGA_14850": [], "LGA_16610": [{"industry": "grains", "sector": "cropping", "trips_count": 13, "trailer_loads": 56.290920000000014, "tonnes": 1407.2731, "tonne_kms": 203077.94, "tonnes_per_trailer": 25.0, "avg_trip_distance": 138.27689, "avg_trip_duration": 1.5985332, "total_trip_distance": 8123.117, "total_trip_duration": 93.32085, "total_freight_value": 703637.0, "trip_transport_costs": 38499.0, "cst_per_tonne": 27.0, "cst_per_tonne_km": 0.18957689886976128, "co2_tn": 18.007877}, {"industry": "livestock", "sector": "livestock", "trips_count": 13, "trailer_loads": 185.90869999999998, "tonnes": 4000.0, "tonne_kms": 628087.9, "tonnes_per_trailer": 20.615395, "avg_trip_distance": 140.15396, "avg_trip_duration": 1.604736, "total_trip_distance": 29114.656, "total_trip_duration": 332.02478, "total_freight_value": 21097500.0, "trip_transport_costs": 136407.0, "cst_per_tonne": 34.0, "cst_per_tonne_km": 0.21717764960436464, "co2_tn": 64.291306}], "LGA_17400": [{"industry": "livestock", "sector": "livestock", "trips_count": 6, "trailer_loads": 30.0, "tonnes": 600.0, "tonne_kms": 128914.3, "tonnes_per_trailer": 20.0, "avg_trip_distance": 201.21889, "avg_trip_duration": 2.329725, "total_trip_distance": 6036.5664, "total_trip_duration": 69.891754, "total_freight_value": 1293000.0, "trip_transport_costs": 29059.0, "cst_per_tonne": 48.0, "cst_per_tonne_km": 0.22541032665839647, "co2_tn": 13.978626}], "LGA_31000": [{"industry": "meat", "sector": "cold_food", "trips_count": 7, "trailer_loads": 159.93993000000003, "tonnes": 2740.4846, "tonne_kms": 207131.77, "tonnes_per_trailer": 16.571423, "avg_trip_distance": 67.53955, "avg_trip_duration": 0.81317896, "total_trip_distance": 12358.869, "total_trip_duration": 148.7999, "total_freight_value": 79657058.0, "trip_transport_costs": 64150.0, "cst_per_tonne": 23.0, "cst_per_tonne_km": 0.3097076822001722, "co2_tn": 27.307589}, {"industry": "dairy_product", "sector": "cold_food", "trips_count": 12, "trailer_loads": 729.73763, "tonnes": 15018.408, "tonne_kms": 1035298.5, "tonnes_per_trailer": 20.49999, "avg_trip_distance": 67.51023, "avg_trip_duration": 0.8416033, "total_trip_distance": 50296.094, "total_trip_duration": 618.09515, "total_freight_value": 66765360.0, "trip_transport_costs": 268061.0, "cst_per_tonne": 18.0, "cst_per_tonne_km": 0.258921301285443, "co2_tn": 111.429596}, {"industry": "fruit", "sector": "horticulture", "trips_count": 60, "trailer_loads": 49.15660390999999, "tonnes": 735.47906, "tonne_kms": 55136.67, "tonnes_per_trailer": 16.399994, "avg_trip_distance": 31.426533, "avg_trip_duration": 0.4067397, "total_trip_distance": 3629.8293, "total_trip_duration": 47.371967, "total_freight_value": 4169378.0, "trip_transport_costs": 19487.0, "cst_per_tonne": 26.0, "cst_per_tonne_km": 0.3534252981371329, "co2_tn": 8.168448}, {"industry": "vegetables", "sector": "horticulture", "trips_count": 400, "trailer_loads": 1118.039804997, "tonnes": 23896.133, "tonne_kms": 2108204.5, "tonnes_per_trailer": 19.504997, "avg_trip_distance": 32.294514, "avg_trip_duration": 0.36263603, "total_trip_distance": 98442.67, "total_trip_duration": 1097.9668, "total_freight_value": 76746092.0, "trip_transport_costs": 491349.0, "cst_per_tonne": 21.0, "cst_per_tonne_km": 0.23306503010784319, "co2_tn": 215.95245}, {"industry": "livestock", "sector": "livestock", "trips_count": 13, "trailer_loads": 156.19056, "tonnes": 3410.3071, "tonne_kms": 282359.22, "tonnes_per_trailer": 21.9231, "avg_trip_distance": 81.03719, "avg_trip_duration": 0.9745389, "total_trip_distance": 12923.157, "total_trip_duration": 155.88353, "total_freight_value": 19890560.0, "trip_transport_costs": 65995.0, "cst_per_tonne": 19.0, "cst_per_tonne_km": 0.2337253793061421, "co2_tn": 28.659384}, {"industry": "wood_product", "sector": "wood_product", "trips_count": 13, "trailer_loads": 114.92593300000004, "tonnes": 2183.338, "tonne_kms": 205350.62, "tonnes_per_trailer": 24.076962, "avg_trip_distance": 78.47876, "avg_trip_duration": 0.8974507, "total_trip_distance": 10794.16, "total_trip_duration": 122.506165, "total_freight_value": 1273332.0, "trip_transport_costs": 53247.0, "cst_per_tonne": 24.0, "cst_per_tonne_km": 0.2592966407279584, "co2_tn": 23.709755}], "LGA_33430": [{"industry": "meat", "sector": "cold_food", "trips_count": 39, "trailer_loads": 1516.1388199999994, "tonnes": 19983.916, "tonne_kms": 1677213.5, "tonnes_per_trailer": 13.256412, "avg_trip_distance": 77.91253, "avg_trip_duration": 0.9567453, "total_trip_distance": 128062.73, "total_trip_duration": 1548.5771, "total_freight_value": 141380530.0, "trip_transport_costs": 655600.0, "cst_per_tonne": 33.0, "cst_per_tonne_km": 0.3908865992612151, "co2_tn": 286.212}, {"industry": "fruit", "sector": "horticulture", "trips_count": 12, "trailer_loads": 19.825987100000003, "tonnes": 245.08527, "tonne_kms": 8381.843, "tonnes_per_trailer": 13.249996, "avg_trip_distance": 17.836544, "avg_trip_duration": 0.2685982, "total_trip_distance": 676.0242, "total_trip_duration": 10.423526, "total_freight_value": 1150744.0, "trip_transport_costs": 4534.0, "cst_per_tonne": 18.0, "cst_per_tonne_km": 0.5409165017115173, "co2_tn": 1.5849165}, {"industry": "vegetables", "sector": "horticulture", "trips_count": 44, "trailer_loads": 309.85324461700003, "tonnes": 6615.083, "tonne_kms": 662180.8, "tonnes_per_trailer": 18.45455, "avg_trip_distance": 60.06964, "avg_trip_duration": 0.66136485, "total_trip_distance": 31047.719, "total_trip_duration": 344.28778, "total_freight_value": 20048830.0, "trip_transport_costs": 151825.0, "cst_per_tonne": 23.0, "cst_per_tonne_km": 0.22928051281498324, "co2_tn": 68.02276}, {"industry": "waste", "sector": "waste", "trips_count": 11, "trailer_loads": 814.3199999999999, "tonnes": 8143.2, "tonne_kms": 339882.3, "tonnes_per_trailer": 10.0, "avg_trip_distance": 62.232235, "avg_trip_duration": 0.86117846, "total_trip_distance": 33988.234, "total_trip_duration": 496.19498, "total_freight_value": 814320.0, "trip_transport_costs": 209538.0, "cst_per_tonne": 26.0, "cst_per_tonne_km": 0.6165018407336583, "co2_tn": 78.46483}], "LGA_33620": [{"industry": "wood_product", "sector": "wood_product", "trips_count": 16, "trailer_loads": 96.40010599999998, "tonnes": 2359.726, "tonne_kms": 684917.1, "tonnes_per_trailer": 24.375013, "avg_trip_distance": 214.93993, "avg_trip_duration": 2.3025587, "total_trip_distance": 28009.172, "total_trip_duration": 298.4949, "total_freight_value": 4618894.0, "trip_transport_costs": 124441.0, "cst_per_tonne": 53.0, "cst_per_tonne_km": 0.18168762742278544, "co2_tn": 61.174404}], "LGA_33960": [{"industry": "meat", "sector": "cold_food", "trips_count": 30, "trailer_loads": 1668.22803, "tonnes": 21686.984, "tonne_kms": 1340763.5, "tonnes_per_trailer": 12.999999, "avg_trip_distance": 57.52663, "avg_trip_duration": 0.69254935, "total_trip_distance": 97586.836, "total_trip_duration": 1161.1094, "total_freight_value": 130122020.0, "trip_transport_costs": 539114.0, "cst_per_tonne": 25.0, "cst_per_tonne_km": 0.40209455927026955, "co2_tn": 224.77289}, {"industry": "livestock", "sector": "livestock", "trips_count": 19, "trailer_loads": 262.72745, "tonnes": 5700.0, "tonne_kms": 312073.2, "tonnes_per_trailer": 21.157902, "avg_trip_distance": 69.34723, "avg_trip_duration": 0.8017533, "total_trip_distance": 14471.611, "total_trip_duration": 166.61066, "total_freight_value": 32006000.0, "trip_transport_costs": 78571.0, "cst_per_tonne": 14.0, "cst_per_tonne_km": 0.2517722750654719, "co2_tn": 32.016403}], "LGA_34580": [{"industry": "livestock", "sector": "livestock", "trips_count": 7, "trailer_loads": 41.8182, "tonnes": 900.0, "tonne_kms": 93360.9, "tonnes_per_trailer": 21.428576, "avg_trip_distance": 100.64901, "avg_trip_duration": 1.1436055, "total_trip_distance": 4329.4106, "total_trip_duration": 49.30437, "total_freight_value": 4757000.0,