{"orig_lga": "LGA_33360", "orig_name": "Gladstone (R)", "orig_state": "QLD", "fetched_at": "2026-03-12T07:09:57.397113+00:00", "destinations": {"LGA_11650": [], "LGA_11800": [{"industry": "fuel", "sector": "fuel", "trips_count": 9, "trailer_loads": 823.0278999999999, "tonnes": 20575.69, "tonne_kms": 18600514.0, "tonnes_per_trailer": 24.999979, "avg_trip_distance": 762.92487, "avg_trip_duration": 8.21278, "total_trip_distance": 631583.6, "total_trip_duration": 6800.2964, "total_freight_value": 37036250.0, "trip_transport_costs": 3056862.0, "cst_per_tonne": 149.0, "cst_per_tonne_km": 0.16434285515577687, "co2_tn": 1553.9869}], "LGA_14200": [], "LGA_30370": [{"industry": "fuel", "sector": "fuel", "trips_count": 18, "trailer_loads": 3578.3893000000003, "tonnes": 89459.734, "tonne_kms": 13510663.0, "tonnes_per_trailer": 25.000004, "avg_trip_distance": 149.77008, "avg_trip_duration": 1.7012656, "total_trip_distance": 522002.66, "total_trip_duration": 5897.7056, "total_freight_value": 161027520.0, "trip_transport_costs": 2501413.0, "cst_per_tonne": 28.0, "cst_per_tonne_km": 0.18514364444725992, "co2_tn": 1178.222}, {"industry": "livestock", "sector": "livestock", "trips_count": 7, "trailer_loads": 32.72725, "tonnes": 700.0, "tonne_kms": 135057.1, "tonnes_per_trailer": 21.428587, "avg_trip_distance": 176.34013, "avg_trip_duration": 1.9219683, "total_trip_distance": 6171.9043, "total_trip_duration": 67.26889, "total_freight_value": 3521000.0, "trip_transport_costs": 28832.0, "cst_per_tonne": 41.0, "cst_per_tonne_km": 0.21348260057320662, "co2_tn": 13.847344}], "LGA_31000": [{"industry": "fuel", "sector": "fuel", "trips_count": 11, "trailer_loads": 2371.4934000000003, "tonnes": 51787.36, "tonne_kms": 28934920.0, "tonnes_per_trailer": 24.545479, "avg_trip_distance": 552.5135, "avg_trip_duration": 6.1152043, "total_trip_distance": 1325718.4, "total_trip_duration": 14612.194, "total_freight_value": 78217200.0, "trip_transport_costs": 6280768.0, "cst_per_tonne": 121.0, "cst_per_tonne_km": 0.21706532091025307, "co2_tn": 2907.9941}, {"industry": "fruit", "sector": "horticulture", "trips_count": 24, "trailer_loads": 7.1371195, "tonnes": 107.05687, "tonne_kms": 57153.855, "tonnes_per_trailer": 14.999994, "avg_trip_distance": 140.9814, "avg_trip_duration": 1.5404081, "total_trip_distance": 3750.8828, "total_trip_duration": 41.002056, "total_freight_value": 428227.0, "trip_transport_costs": 17273.0, "cst_per_tonne": 161.0, "cst_per_tonne_km": 0.30222228046512706, "co2_tn": 8.310485}, {"industry": "nuts", "sector": "horticulture", "trips_count": 9, "trailer_loads": 15.380225000000001, "tonnes": 276.84415, "tonne_kms": 132503.28, "tonnes_per_trailer": 18.0, "avg_trip_distance": 345.25296, "avg_trip_duration": 3.7735322, "total_trip_distance": 7361.293, "total_trip_duration": 80.3415, "total_freight_value": 8305324.0, "trip_transport_costs": 32548.0, "cst_per_tonne": 118.0, "cst_per_tonne_km": 0.24563629661367464, "co2_tn": 16.130823}, {"industry": "wood_product", "sector": "wood_product", "trips_count": 30, "trailer_loads": 581.5556049999997, "tonnes": 10650.003, "tonne_kms": 4986366.0, "tonnes_per_trailer": 22.433355, "avg_trip_distance": 366.34424, "avg_trip_duration": 4.0155177, "total_trip_distance": 269300.78, "total_trip_duration": 2946.358, "total_freight_value": 3710002.0, "trip_transport_costs": 1206954.0, "cst_per_tonne": 113.0, "cst_per_tonne_km": 0.24205074499195187, "co2_tn": 595.4844}], "LGA_31820": [{"industry": "fuel", "sector": "fuel", "trips_count": 6, "trailer_loads": 522.8960999999999, "tonnes": 13072.4, "tonne_kms": 2613064.0, "tonnes_per_trailer": 25.0, "avg_trip_distance": 197.26114, "avg_trip_duration": 2.2580016, "total_trip_distance": 104522.555, "total_trip_duration": 1196.5052, "total_freight_value": 23530320.0, "trip_transport_costs": 484442.0, "cst_per_tonne": 37.0, "cst_per_tonne_km": 0.18539225228027328, "co2_tn": 230.27396}], "LGA_32270": [{"industry": "fuel", "sector": "fuel", "trips_count": 14, "trailer_loads": 4145.7922, "tonnes": 103644.805, "tonne_kms": 33488464.0, "tonnes_per_trailer": 25.000006, "avg_trip_distance": 239.30956, "avg_trip_duration": 2.6336381, "total_trip_distance": 914374.56, "total_trip_duration": 10092.98, "total_freight_value": 186560640.0, "trip_transport_costs": 4880817.0, "cst_per_tonne": 47.0, "cst_per_tonne_km": 0.1457462135085906, "co2_tn": 2477.5757}, {"industry": "livestock", "sector": "livestock", "trips_count": 9, "trailer_loads": 45.0, "tonnes": 900.0, "tonne_kms": 363116.5, "tonnes_per_trailer": 20.0, "avg_trip_distance": 297.70813, "avg_trip_duration": 3.2834213, "total_trip_distance": 13396.866, "total_trip_duration": 147.75395, "total_freight_value": 1939500.0, "trip_transport_costs": 69841.0, "cst_per_tonne": 78.0, "cst_per_tonne_km": 0.19233767509446004, "co2_tn": 34.94095}], "LGA_32310": [], "LGA_32450": [], "LGA_33220": [{"industry": "fuel", "sector": "fuel", "trips_count": 24, "trailer_loads": 2091.584, "tonnes": 52289.617, "tonne_kms": 15241129.0, "tonnes_per_trailer": 25.000006, "avg_trip_distance": 288.40097, "avg_trip_duration": 3.28163, "total_trip_distance": 609645.2, "total_trip_duration": 6936.996, "total_freight_value": 94121290.0, "trip_transport_costs": 2766779.0, "cst_per_tonne": 53.0, "cst_per_tonne_km": 0.18153373341490156, "co2_tn": 1343.1229}, {"industry": "wood_product", "sector": "wood_product", "trips_count": 32, "trailer_loads": 343.411833, "tonnes": 8585.016, "tonne_kms": 1614308.6, "tonnes_per_trailer": 24.843754, "avg_trip_distance": 117.54172, "avg_trip_duration": 1.3274415, "total_trip_distance": 64575.016, "total_trip_duration": 720.9392, "total_freight_value": 17069466.0, "trip_transport_costs": 299084.0, "cst_per_tonne": 35.0, "cst_per_tonne_km": 0.18527085422728015, "co2_tn": 142.09854}], "LGA_33360": [{"industry": "fuel", "sector": "fuel", "trips_count": 53, "trailer_loads": 5646.065599999999, "tonnes": 136151.72, "tonne_kms": 2082587.1, "tonnes_per_trailer": 24.905676, "avg_trip_distance": 15.473615, "avg_trip_duration": 0.22295006, "total_trip_distance": 86249.28, "total_trip_duration": 1248.0192, "total_freight_value": 235073010.0, "trip_transport_costs": 752735.0, "cst_per_tonne": 6.0, "cst_per_tonne_km": 0.36144238729365585, "co2_tn": 199.95334}, {"industry": "waste", "sector": "waste", "trips_count": 163, "trailer_loads": 5594.400000000016, "tonnes": 55943.996, "tonne_kms": 1011203.25, "tonnes_per_trailer": 10.0, "avg_trip_distance": 12.68632, "avg_trip_duration": 0.19614539, "total_trip_distance": 101120.33, "total_trip_duration": 1455.6692, "total_freight_value": 5594400.0, "trip_transport_costs": 818313.0, "cst_per_tonne": 15.0, "cst_per_tonne_km": 0.8092465412309002, "co2_tn": 232.46088}, {"industry": "wood_product", "sector": "wood_product", "trips_count": 76, "trailer_loads": 528.6665050000001, "tonnes": 13216.667, "tonne_kms": 1320976.2, "tonnes_per_trailer": 25.000013, "avg_trip_distance": 87.1005, "avg_trip_duration": 1.0082811, "total_trip_distance": 52839.05, "total_trip_duration": 610.72833, "total_freight_value": 18503336.0, "trip_transport_costs": 260694.0, "cst_per_tonne": 20.0, "cst_per_tonne_km": 0.19734967480900578, "co2_tn": 116.53485}], "LGA_33430": [{"industry": "fuel", "sector": "fuel", "trips_count": 22, "trailer_loads": 1917.2851, "tonnes": 47932.16, "tonne_kms": 29012736.0, "tonnes_per_trailer": 25.000017, "avg_trip_distance": 599.55524, "avg_trip_duration": 6.591892, "total_trip_distance": 1160509.5, "total_trip_duration": 12759.298, "total_freight_value": 86277850.0, "trip_transport_costs": 5450660.0, "cst_per_tonne": 114.0, "cst_per_tonne_km": 0.18787128144774073, "co2_tn": 2546.0928}], "LGA_33620": [{"industry": "fuel", "sector": "fuel", "trips_count": 6, "trailer_loads": 522.896, "tonnes": 13072.4, "tonne_kms": 4713384.5, "tonnes_per_trailer": 24.999996, "avg_trip_distance": 356.73294, "avg_trip_duration": 4.023161, "total_trip_distance": 188535.39, "total_trip_duration": 2126.2783, "total_freight_value": 23530320.0,