{"orig_lga": "LGA_35800", "orig_name": "Paroo (S)", "orig_state": "QLD", "fetched_at": "2026-03-12T07:36:22.651703+00:00", "destinations": {"LGA_15300": [{"industry": "grains", "sector": "cropping", "trips_count": 15, "trailer_loads": 341.7069499999999, "tonnes": 8509.525, "tonne_kms": 4992964.5, "tonnes_per_trailer": 24.799995, "avg_trip_distance": 507.24057, "avg_trip_duration": 5.4415307, "total_trip_distance": 88681.92, "total_trip_duration": 951.54095, "total_freight_value": 3381438.0, "trip_transport_costs": 606505.0, "cst_per_tonne": 71.0, "cst_per_tonne_km": 0.12147201233105102, "co2_tn": 339.86197}], "LGA_17900": [{"industry": "grains", "sector": "cropping", "trips_count": 11, "trailer_loads": 242.46360000000007, "tonnes": 6028.446, "tonne_kms": 3142506.5, "tonnes_per_trailer": 24.727276, "avg_trip_distance": 471.896, "avg_trip_duration": 4.9294147, "total_trip_distance": 62168.25, "total_trip_duration": 650.8303, "total_freight_value": 2513953.0, "trip_transport_costs": 399724.0, "cst_per_tonne": 66.0, "cst_per_tonne_km": 0.12719922259160402, "co2_tn": 209.37994}], "LGA_30300": [{"industry": "livestock", "sector": "livestock", "trips_count": 6, "trailer_loads": 30.0, "tonnes": 600.0, "tonne_kms": 152070.8, "tonnes_per_trailer": 20.0, "avg_trip_distance": 185.0126, "avg_trip_duration": 2.1817703, "total_trip_distance": 3297.3433, "total_trip_duration": 38.922626, "total_freight_value": 1293000.0, "trip_transport_costs": 24816.0, "cst_per_tonne": 41.0, "cst_per_tonne_km": 0.16318481447683042, "co2_tn": 13.310325}], "LGA_32270": [{"industry": "livestock", "sector": "livestock", "trips_count": 6, "trailer_loads": 30.0, "tonnes": 600.0, "tonne_kms": 517120.8, "tonnes_per_trailer": 20.0, "avg_trip_distance": 534.6421, "avg_trip_duration": 5.63645, "total_trip_distance": 10316.9375, "total_trip_duration": 108.77326, "total_freight_value": 1293000.0, "trip_transport_costs": 75000.0, "cst_per_tonne": 125.0, "cst_per_tonne_km": 0.145033223241595, "co2_tn": 44.76338}], "LGA_33610": [{"industry": "grains", "sector": "cropping", "trips_count": 10, "trailer_loads": 268.24155, "tonnes": 6613.166, "tonne_kms": 3196453.2, "tonnes_per_trailer": 24.699995, "avg_trip_distance": 365.06168, "avg_trip_duration": 3.8764887, "total_trip_distance": 56068.68, "total_trip_duration": 596.4698, "total_freight_value": 2500370.0, "trip_transport_costs": 393998.0, "cst_per_tonne": 60.0, "cst_per_tonne_km": 0.12326114737238453, "co2_tn": 220.93066}], "LGA_33980": [{"industry": "livestock", "sector": "livestock", "trips_count": 8, "trailer_loads": 40.0, "tonnes": 800.0, "tonne_kms": 750490.7, "tonnes_per_trailer": 20.0, "avg_trip_distance": 637.51587, "avg_trip_duration": 6.71045, "total_trip_distance": 13804.896, "total_trip_duration": 145.42441, "total_freight_value": 1724000.0, "trip_transport_costs": 107278.0, "cst_per_tonne": 134.0, "cst_per_tonne_km": 0.14294394767223545, "co2_tn": 66.41274}], "LGA_34860": [{"industry": "livestock", "sector": "livestock", "trips_count": 11, "trailer_loads": 55.0, "tonnes": 1100.0, "tonne_kms": 441452.8, "tonnes_per_trailer": 20.0, "avg_trip_distance": 242.19807, "avg_trip_duration": 2.5889885, "total_trip_distance": 8529.634, "total_trip_duration": 91.10529, "total_freight_value": 2370500.0, "trip_transport_costs": 65630.0, "cst_per_tonne": 60.0, "cst_per_tonne_km": 0.14866792093701267, "co2_tn": 38.61897}], "LGA_37310": [{"industry": "grains", "sector": "cropping", "trips_count": 7, "trailer_loads": 179.44604999999999, "tonnes": 4326.9917, "tonne_kms": 2483442.0, "tonnes_per_trailer": 24.142868, "avg_trip_distance": 398.6942, "avg_trip_duration": 4.169398, "total_trip_distance": 43174.098, "total_trip_duration": 451.64926, "total_freight_value": 2046799.0, "trip_transport_costs": 304289.0, "cst_per_tonne": 70.0, "cst_per_tonne_km": 0.12252716174139561, "co2_tn": 176.272}]}}