{"orig_lga": "LGA_48640", "orig_name": "Wudinna (DC)", "orig_state": "SA", "fetched_at": "2026-03-16T09:27:42.442211+00:00", "destinations": {"LGA_48640": [{"commodity": "Wheat", "industry": "grains", "sector": "cropping", "trips_count": 23, "trailer_loads": 591.7129600000001, "tonnes": 14792.817, "tonne_kms": 308027.3, "tonnes_per_trailer": 25.000004, "avg_trip_distance": 23.189444, "avg_trip_duration": 0.24978371, "total_trip_distance": 8032.6987, "total_trip_duration": 88.39963, "total_freight_value": 6065061.0, "trip_transport_costs": 80490.0, "cst_per_tonne": 5.0, "cst_per_tonne_km": 0.2613073524565192, "co2_tn": 23.846645}]}}