{"orig_lga": "LGA_70200", "orig_name": "Alice Springs (T)", "orig_state": "NT", "fetched_at": "2026-03-12T06:45:49.735937+00:00", "destinations": {"LGA_70200": [{"industry": "seafood", "sector": "cold_food", "trips_count": 8, "trailer_loads": 14.678325000000001, "tonnes": 176.13971, "tonne_kms": 1920.1492, "tonnes_per_trailer": 11.999984, "avg_trip_distance": 6.023082, "avg_trip_duration": 0.08989659, "total_trip_distance": 160.01244, "total_trip_duration": 2.3280804, "total_freight_value": 5556695.0, "trip_transport_costs": 1697.0, "cst_per_tonne": 10.0, "cst_per_tonne_km": 0.8836814552950306, "co2_tn": 0.36721477}, {"industry": "medicines", "sector": "health", "trips_count": 6, "trailer_loads": 6.983529, "tonnes": 13.934119, "tonne_kms": 203.96033, "tonnes_per_trailer": 2.8333356, "avg_trip_distance": 9.97856, "avg_trip_duration": 0.14707369, "total_trip_distance": 411.90216, "total_trip_duration": 5.942663, "total_freight_value": 42769420.0, "trip_transport_costs": 1447.0, "cst_per_tonne": 104.0, "cst_per_tonne_km": 7.096324533109937, "co2_tn": 0.29328942}, {"industry": "waste", "sector": "waste", "trips_count": 77, "trailer_loads": 1663.199999999998, "tonnes": 16632.0, "tonne_kms": 97585.56, "tonnes_per_trailer": 10.0, "avg_trip_distance": 5.7606587, "avg_trip_duration": 0.09197023, "total_trip_distance": 9758.556, "total_trip_duration": 155.79756, "total_freight_value": 1663200.0, "trip_transport_costs": 150459.0, "cst_per_tonne": 9.0, "cst_per_tonne_km": 1.5418132523545838, "co2_tn": 22.939947}]}}