{"orig_lga": "LGA_45040", "orig_name": "Murray Bridge (RC)", "orig_state": "SA", "fetched_at": "2026-03-12T07:32:10.688472+00:00", "destinations": {"LGA_22410": [{"industry": "grains", "sector": "cropping", "trips_count": 6, "trailer_loads": 59.248349999999995, "tonnes": 1388.63, "tonne_kms": 560258.4, "tonnes_per_trailer": 23.333298, "avg_trip_distance": 218.65247, "avg_trip_duration": 2.3274012, "total_trip_distance": 12817.3125, "total_trip_duration": 136.46138, "total_freight_value": 481389.0, "trip_transport_costs": 76292.0, "cst_per_tonne": 55.0, "cst_per_tonne_km": 0.13617209147029707, "co2_tn": 40.77097}], "LGA_31000": [{"industry": "fruit", "sector": "horticulture", "trips_count": 20, "trailer_loads": 5.905096689999999, "tonnes": 105.23672, "tonne_kms": 209535.69, "tonnes_per_trailer": 17.749996, "avg_trip_distance": 185.40459, "avg_trip_duration": 1.990061, "total_trip_distance": 6319.2847, "total_trip_duration": 67.88953, "total_freight_value": 936096.0, "trip_transport_costs": 36610.0, "cst_per_tonne": 348.0, "cst_per_tonne_km": 0.17472184749758213, "co2_tn": 19.922771}, {"industry": "vegetables", "sector": "horticulture", "trips_count": 8, "trailer_loads": 27.2135405, "tonnes": 436.401, "tonne_kms": 884687.8, "tonnes_per_trailer": 18.125013, "avg_trip_distance": 745.60815, "avg_trip_duration": 7.9777775, "total_trip_distance": 29720.697, "total_trip_duration": 318.6374, "total_freight_value": 1488002.0, "trip_transport_costs": 172591.0, "cst_per_tonne": 395.0, "cst_per_tonne_km": 0.19508742118870895, "co2_tn": 93.39292}], "LGA_40120": [{"industry": "livestock", "sector": "livestock", "trips_count": 30, "trailer_loads": 885.6000000000003, "tonnes": 20520.0, "tonne_kms": 1745253.2, "tonnes_per_trailer": 18.5, "avg_trip_distance": 75.77188, "avg_trip_duration": 0.8488039, "total_trip_distance": 50289.79, "total_trip_duration": 560.74805, "total_freight_value": 41904000.0, "trip_transport_costs": 316120.0, "cst_per_tonne": 15.0, "cst_per_tonne_km": 0.18113113901687916, "co2_tn": 147.29243}], "LGA_40220": [{"industry": "grains", "sector": "cropping", "trips_count": 34, "trailer_loads": 537.78755, "tonnes": 13185.482, "tonne_kms": 663863.56, "tonnes_per_trailer": 24.176458, "avg_trip_distance": 54.171432, "avg_trip_duration": 0.6218853, "total_trip_distance": 18755.764, "total_trip_duration": 219.09224, "total_freight_value": 5142933.0, "trip_transport_costs": 132020.0, "cst_per_tonne": 10.0, "cst_per_tonne_km": 0.19886579509021968, "co2_tn": 54.95123}, {"industry": "livestock", "sector": "livestock", "trips_count": 18, "trailer_loads": 787.6000000000001, "tonnes": 19640.0, "tonne_kms": 1483284.1, "tonnes_per_trailer": 24.444445, "avg_trip_distance": 76.75576, "avg_trip_duration": 0.8714031, "total_trip_distance": 41529.805, "total_trip_duration": 475.5349, "total_freight_value": 31535000.0, "trip_transport_costs": 263555.0, "cst_per_tonne": 13.0, "cst_per_tonne_km": 0.1776837001765687, "co2_tn": 119.75886}], "LGA_40310": [], "LGA_42250": [{"industry": "grains", "sector": "cropping", "trips_count": 17, "trailer_loads": 172.18971, "tonnes": 4064.0383, "tonne_kms": 1633508.6, "tonnes_per_trailer": 23.470554, "avg_trip_distance": 334.96487, "avg_trip_duration": 3.5334365, "total_trip_distance": 35602.418, "total_trip_duration": 375.63257, "total_freight_value": 1478413.0, "trip_transport_costs": 215787.0, "cst_per_tonne": 53.0, "cst_per_tonne_km": 0.13210046743994847, "co2_tn": 116.24206}], "LGA_43650": [{"industry": "grains", "sector": "cropping", "trips_count": 22, "trailer_loads": 351.14134000000007, "tonnes": 8778.529, "tonne_kms": 1199815.5, "tonnes_per_trailer": 25.000008, "avg_trip_distance": 127.317375, "avg_trip_duration": 1.4705424, "total_trip_distance": 32350.531, "total_trip_duration": 374.6426, "total_freight_value": 3760194.0, "trip_transport_costs": 193567.0, "cst_per_tonne": 22.0, "cst_per_tonne_km": 0.16133051898379766, "co2_tn": 95.842384}], "LGA_43920": [{"industry": "grains", "sector": "cropping", "trips_count": 22, "trailer_loads": 209.73835000000003, "tonnes": 5224.9434, "tonne_kms": 674666.0, "tonnes_per_trailer": 24.909088, "avg_trip_distance": 126.27712, "avg_trip_duration": 1.5094752, "total_trip_distance": 18310.375, "total_trip_duration": 217.74878, "total_freight_value": 2327254.0, "trip_transport_costs": 110331.0, "cst_per_tonne": 21.0, "cst_per_tonne_km": 0.1635344949563469, "co2_tn": 54.349094}, {"industry": "livestock", "sector": "livestock", "trips_count": 10, "trailer_loads": 73.0, "tonnes": 1276.0, "tonne_kms": 182503.61, "tonnes_per_trailer": 17.4, "avg_trip_distance": 126.54524, "avg_trip_duration": 1.4620684, "total_trip_distance": 6947.844, "total_trip_duration": 80.12656, "total_freight_value": 4731220.0, "trip_transport_costs": 41567.0, "cst_per_tonne": 33.0, "cst_per_tonne_km": 0.22776103018103838, "co2_tn": 20.732407}], "LGA_44060": [], "LGA_44210": [{"industry": "grains", "sector": "cropping", "trips_count": 15, "trailer_loads": 177.85072, "tonnes": 4427.752, "tonne_kms": 273127.56, "tonnes_per_trailer": 24.866667, "avg_trip_distance": 51.65187, "avg_trip_duration": 0.57879, "total_trip_distance": 7388.756, "total_trip_duration": 81.40035, "total_freight_value": 1850460.0, "trip_transport_costs": 49583.0, "cst_per_tonne": 11.0, "cst_per_tonne_km": 0.18153672676408383, "co2_tn": 21.649406}, {"industry": "waste", "sector": "waste", "trips_count": 46, "trailer_loads": 993.6000000000007, "tonnes": 9936.0, "tonne_kms": 422549.56, "tonnes_per_trailer": 10.0, "avg_trip_distance": 41.75391, "avg_trip_duration": 0.48762995, "total_trip_distance": 42254.957, "total_trip_duration": 493.48154, "total_freight_value": 993600.0, "trip_transport_costs": 244536.0, "cst_per_tonne": 25.0, "cst_per_tonne_km": 0.5787160768807003, "co2_tn": 93.98341}], "LGA_44550": [{"industry": "meat", "sector": "cold_food", "trips_count": 9, "trailer_loads": 18.38638, "tonnes": 330.95505, "tonne_kms": 16204.829, "tonnes_per_trailer": 17.999987, "avg_trip_distance": 32.074326, "avg_trip_duration": 0.33625543, "total_trip_distance": 900.26825, "total_trip_duration": 9.36365, "total_freight_value": 4302410.0, "trip_transport_costs": 4961.0, "cst_per_tonne": 15.0, "cst_per_tonne_km": 0.3061620569414857, "co2_tn": 1.9734423}, {"industry": "grains", "sector": "cropping", "trips_count": 9, "trailer_loads": 365.36150000000004, "tonnes": 9134.034, "tonne_kms": 321067.5, "tonnes_per_trailer": 25.000002, "avg_trip_distance": 47.566208, "avg_trip_duration": 0.54509753, "total_trip_distance": 8652.282, "total_trip_duration": 95.007515, "total_freight_value": 3397120.0, "trip_transport_costs": 67782.0, "cst_per_tonne": 7.0, "cst_per_tonne_km": 0.21111437273217465, "co2_tn": 25.579554}], "LGA_45040": [{"industry": "meat", "sector": "cold_food", "trips_count": 9, "trailer_loads": 10.648527, "tonnes": 191.67375, "tonne_kms": 1616.2709, "tonnes_per_trailer": 18.000006, "avg_trip_distance": 4.9207425, "avg_trip_duration": 0.07167649, "total_trip_distance": 89.79283, "total_trip_duration": 1.4189341, "total_freight_value": 2491757.0, "trip_transport_costs": 1126.0, "cst_per_tonne": 6.0, "cst_per_tonne_km": 0.6969250068785214, "co2_tn": 0.21603878}, {"industry": "grains", "sector": "cropping", "trips_count": 70, "trailer_loads": 1989.2412000000004, "tonnes": 49360.703, "tonne_kms": 645201.3, "tonnes_per_trailer": 24.428564, "avg_trip_distance": 18.020971, "avg_trip_duration": 0.2238787, "total_trip_distance": 21256.215, "total_trip_duration": 285.29996, "total_freight_value": 23338047.0, "trip_transport_costs": 231493.0, "cst_per_tonne": 5.0, "cst_per_tonne_km": 0.3587917819833982, "co2_tn": 56.928925}, {"industry": "livestock", "sector": "livestock", "trips_count": 13, "trailer_loads": 868.0, "tonnes": 15624.0, "tonne_kms": 165933.3, "tonnes_per_trailer": 18.0, "avg_trip_distance": 12.653556, "avg_trip_duration": 0.15069543, "total_trip_distance": 8480.189, "total_trip_duration": 100.86282, "total_freight_value": 57340140.0,