{"orig_lga": "LGA_42750", "orig_name": "Kangaroo Island (DC)", "orig_state": "SA", "fetched_at": "2026-03-12T07:19:22.849844+00:00", "destinations": {"LGA_40220": [{"industry": "grains", "sector": "cropping", "trips_count": 9, "trailer_loads": 91.6029, "tonnes": 2106.855, "tonne_kms": 428721.12, "tonnes_per_trailer": 22.999872, "avg_trip_distance": 186.78864, "avg_trip_duration": 3.2558994, "total_trip_distance": 11767.685, "total_trip_duration": 205.12167, "total_freight_value": 632057.0, "trip_transport_costs": 80529.0, "cst_per_tonne": 38.0, "cst_per_tonne_km": 0.1878351754064924, "co2_tn": 40.054417}], "LGA_45040": [{"industry": "grains", "sector": "cropping", "trips_count": 11, "trailer_loads": 111.9591, "tonnes": 2575.045, "tonne_kms": 726561.8, "tonnes_per_trailer": 22.999872, "avg_trip_distance": 273.50342, "avg_trip_duration": 4.2036433, "total_trip_distance": 21059.764, "total_trip_duration": 323.68054, "total_freight_value": 772515.0, "trip_transport_costs": 131790.0, "cst_per_tonne": 51.0, "cst_per_tonne_km": 0.18138810308766745, "co2_tn": 66.75988}, {"industry": "wood_product", "sector": "wood_product", "trips_count": 6, "trailer_loads": 51.760901000000004, "tonnes": 1035.2179, "tonne_kms": 261742.11, "tonnes_per_trailer": 19.999983, "avg_trip_distance": 130.03491, "avg_trip_duration": 2.0644293, "total_trip_distance": 8744.82, "total_trip_duration": 140.25816, "total_freight_value": 1552822.0, "trip_transport_costs": 56283.0, "cst_per_tonne": 54.0, "cst_per_tonne_km": 0.21503355162292975, "co2_tn": 27.914394}], "LGA_45890": [{"industry": "vegetables", "sector": "horticulture", "trips_count": 26, "trailer_loads": 153.46384072400002, "tonnes": 3222.7395, "tonne_kms": 752654.0, "tonnes_per_trailer": 20.999998, "avg_trip_distance": 113.49839, "avg_trip_duration": 1.9955747, "total_trip_distance": 23893.777, "total_trip_duration": 404.6766, "total_freight_value": 14502341.0, "trip_transport_costs": 157447.0, "cst_per_tonne": 49.0, "cst_per_tonne_km": 0.20918951736811037, "co2_tn": 77.284386}, {"industry": "livestock", "sector": "livestock", "trips_count": 11, "trailer_loads": 55.0, "tonnes": 1100.0, "tonne_kms": 233026.8, "tonnes_per_trailer": 20.0, "avg_trip_distance": 176.53546, "avg_trip_duration": 3.1446211, "total_trip_distance": 7767.56, "total_trip_duration": 138.36334, "total_freight_value": 1650000.0, "trip_transport_costs": 51747.0, "cst_per_tonne": 47.0, "cst_per_tonne_km": 0.2220656498062354, "co2_tn": 25.385004}, {"industry": "wood_product", "sector": "wood_product", "trips_count": 36, "trailer_loads": 427.33325, "tonnes": 10683.329, "tonne_kms": 2621619.0, "tonnes_per_trailer": 25.000015, "avg_trip_distance": 185.7973, "avg_trip_duration": 3.1137724, "total_trip_distance": 69909.84, "total_trip_duration": 1168.1715, "total_freight_value": 14956676.0, "trip_transport_costs": 453567.0, "cst_per_tonne": 42.0, "cst_per_tonne_km": 0.17301014379884386, "co2_tn": 225.26733}], "LGA_47630": [{"industry": "grains", "sector": "cropping", "trips_count": 11, "trailer_loads": 19.093885, "tonnes": 456.2387, "tonne_kms": 188786.83, "tonnes_per_trailer": 23.90905, "avg_trip_distance": 164.52785, "avg_trip_duration": 2.2897482, "total_trip_distance": 5284.203, "total_trip_duration": 72.69842, "total_freight_value": 173633.0, "trip_transport_costs": 32593.0, "cst_per_tonne": 71.0, "cst_per_tonne_km": 0.17264581400590964, "co2_tn": 16.376917}, {"industry": "livestock", "sector": "livestock", "trips_count": 83, "trailer_loads": 498.0, "tonnes": 4980.0, "tonne_kms": 2173190.0, "tonnes_per_trailer": 10.0, "avg_trip_distance": 436.38354, "avg_trip_duration": 5.9275937, "total_trip_distance": 144879.34, "total_trip_duration": 1967.9612, "total_freight_value": 34860000.0, "trip_transport_costs": 905880.0, "cst_per_tonne": 182.0, "cst_per_tonne_km": 0.41684338595782583, "co2_tn": 447.76062}], "LGA_48750": [{"industry": "grains", "sector": "cropping", "trips_count": 9, "trailer_loads": 91.6029, "tonnes": 2106.855, "tonne_kms": 362809.3, "tonnes_per_trailer": 22.999872, "avg_trip_distance": 161.63783, "avg_trip_duration": 2.9971645, "total_trip_distance": 10183.184, "total_trip_duration": 188.82137, "total_freight_value": 632057.0, "trip_transport_costs": 71499.0, "cst_per_tonne": 34.0, "cst_per_tonne_km": 0.19707010453494078, "co2_tn": 34.70044}]}}