{"orig_lga": "LGA_48640", "orig_name": "Wudinna (DC)", "orig_state": "SA", "fetched_at": "2026-03-12T07:56:17.465699+00:00", "destinations": {"LGA_48640": [{"industry": "grains", "sector": "cropping", "trips_count": 24, "trailer_loads": 624.1189599999998, "tonnes": 15602.968, "tonne_kms": 321704.25, "tonnes_per_trailer": 25.000002, "avg_trip_distance": 22.91397, "avg_trip_duration": 0.24656714, "total_trip_distance": 8397.417, "total_trip_duration": 92.196526, "total_freight_value": 6340512.0, "trip_transport_costs": 84506.0, "cst_per_tonne": 5.0, "cst_per_tonne_km": 0.2626812926233392, "co2_tn": 24.934704}]}}