{"orig_lga": "LGA_43650", "orig_name": "Light (RegC)", "orig_state": "SA", "fetched_at": "2026-03-12T07:23:17.602126+00:00", "destinations": {"LGA_31000": [{"industry": "vegetables", "sector": "horticulture", "trips_count": 8, "trailer_loads": 0.9073998999999999, "tonnes": 13.8534565, "tonne_kms": 27988.277, "tonnes_per_trailer": 18.499992, "avg_trip_distance": 122.94773, "avg_trip_duration": 1.3018262, "total_trip_distance": 983.58185, "total_trip_duration": 10.41461, "total_freight_value": 83999.0, "trip_transport_costs": 5707.0, "cst_per_tonne": 412.0, "cst_per_tonne_km": 0.20392068551754178, "co2_tn": 3.1006973}], "LGA_40070": [{"industry": "wood_product", "sector": "wood_product", "trips_count": 19, "trailer_loads": 232.4767, "tonnes": 4649.535, "tonne_kms": 384451.22, "tonnes_per_trailer": 20.000002, "avg_trip_distance": 73.90375, "avg_trip_duration": 0.8101406, "total_trip_distance": 18013.555, "total_trip_duration": 196.80095, "total_freight_value": 23247670.0, "trip_transport_costs": 86772.0, "cst_per_tonne": 19.0, "cst_per_tonne_km": 0.2257025206292427, "co2_tn": 37.2955}], "LGA_40120": [{"industry": "grains", "sector": "cropping", "trips_count": 11, "trailer_loads": 220.94360000000006, "tonnes": 5263.148, "tonne_kms": 396347.44, "tonnes_per_trailer": 24.272741, "avg_trip_distance": 71.915344, "avg_trip_duration": 0.86891174, "total_trip_distance": 10952.847, "total_trip_duration": 131.80196, "total_freight_value": 2032544.0, "trip_transport_costs": 73105.0, "cst_per_tonne": 14.0, "cst_per_tonne_km": 0.18444767670201445, "co2_tn": 33.063984}, {"industry": "livestock", "sector": "livestock", "trips_count": 8, "trailer_loads": 48.0, "tonnes": 480.0, "tonne_kms": 41222.64, "tonnes_per_trailer": 10.0, "avg_trip_distance": 85.8805, "avg_trip_duration": 1.019327, "total_trip_distance": 2850.204, "total_trip_duration": 33.925667, "total_freight_value": 4800000.0, "trip_transport_costs": 17925.0, "cst_per_tonne": 37.0, "cst_per_tonne_km": 0.43484379637308695, "co2_tn": 8.287797}], "LGA_40220": [{"industry": "grains", "sector": "cropping", "trips_count": 61, "trailer_loads": 1032.2287, "tonnes": 25089.492, "tonne_kms": 3441146.2, "tonnes_per_trailer": 24.672136, "avg_trip_distance": 140.65012, "avg_trip_duration": 1.5990468, "total_trip_distance": 94458.16, "total_trip_duration": 1087.8291, "total_freight_value": 10193712.0, "trip_transport_costs": 567346.0, "cst_per_tonne": 23.0, "cst_per_tonne_km": 0.16487122376975497, "co2_tn": 281.9548}], "LGA_40310": [{"industry": "grains", "sector": "cropping", "trips_count": 17, "trailer_loads": 222.08620000000005, "tonnes": 5421.934, "tonne_kms": 256559.53, "tonnes_per_trailer": 24.764711, "avg_trip_distance": 44.40727, "avg_trip_duration": 0.541834, "total_trip_distance": 6914.3447, "total_trip_duration": 84.395256, "total_freight_value": 2411452.0, "trip_transport_costs": 51540.0, "cst_per_tonne": 10.0, "cst_per_tonne_km": 0.20088947626373266, "co2_tn": 20.96724}, {"industry": "viticulture", "sector": "horticulture", "trips_count": 46, "trailer_loads": 702.9568000000004, "tonnes": 14059.143, "tonne_kms": 161749.95, "tonnes_per_trailer": 20.00001, "avg_trip_distance": 11.350785, "avg_trip_duration": 0.16337727, "total_trip_distance": 7232.6934, "total_trip_duration": 103.21085, "total_freight_value": 56236780.0, "trip_transport_costs": 79360.0, "cst_per_tonne": 6.0, "cst_per_tonne_km": 0.49063239282176674, "co2_tn": 18.14484}], "LGA_40700": [{"industry": "grains", "sector": "cropping", "trips_count": 11, "trailer_loads": 94.27520000000001, "tonnes": 2356.88, "tonne_kms": 175078.31, "tonnes_per_trailer": 25.0, "avg_trip_distance": 72.972664, "avg_trip_duration": 0.8728893, "total_trip_distance": 4668.7554, "total_trip_duration": 55.78113, "total_freight_value": 1178440.0, "trip_transport_costs": 30815.0, "cst_per_tonne": 13.0, "cst_per_tonne_km": 0.1760065628164879, "co2_tn": 14.031666}], "LGA_42110": [{"industry": "grains", "sector": "cropping", "trips_count": 24, "trailer_loads": 367.8017000000001, "tonnes": 9064.821, "tonne_kms": 651559.56, "tonnes_per_trailer": 24.833338, "avg_trip_distance": 58.584194, "avg_trip_duration": 0.6509375, "total_trip_distance": 15080.581, "total_trip_duration": 166.43192, "total_freight_value": 3988363.0, "trip_transport_costs": 107944.0, "cst_per_tonne": 12.0, "cst_per_tonne_km": 0.16567008214082296, "co2_tn": 47.726494}], "LGA_43650": [{"industry": "grains", "sector": "cropping", "trips_count": 201, "trailer_loads": 7568.1292399999975, "tonnes": 189203.75, "tonne_kms": 2491948.2, "tonnes_per_trailer": 25.000008, "avg_trip_distance": 16.747072, "avg_trip_duration": 0.19110402, "total_trip_distance": 79662.73, "total_trip_duration": 912.3038, "total_freight_value": 82424472.0, "trip_transport_costs": 860998.0, "cst_per_tonne": 5.0, "cst_per_tonne_km": 0.34551201292773165, "co2_tn": 208.57523}, {"industry": "waste", "sector": "waste", "trips_count": 18, "trailer_loads": 624.2400000000001, "tonnes": 6242.4, "tonne_kms": 82674.086, "tonnes_per_trailer": 10.0, "avg_trip_distance": 9.378885, "avg_trip_duration": 0.120010376, "total_trip_distance": 6608.13, "total_trip_duration": 78.03266, "total_freight_value": 624240.0, "trip_transport_costs": 71280.0, "cst_per_tonne": 11.0, "cst_per_tonne_km": 0.8621748152667058, "co2_tn": 17.334255}], "LGA_43790": [{"industry": "grains", "sector": "cropping", "trips_count": 33, "trailer_loads": 753.9728000000001, "tonnes": 18849.326, "tonne_kms": 3442298.0, "tonnes_per_trailer": 25.000008, "avg_trip_distance": 165.42873, "avg_trip_duration": 1.7593538, "total_trip_distance": 74028.17, "total_trip_duration": 784.68115, "total_freight_value": 8528210.0, "trip_transport_costs": 465066.0, "cst_per_tonne": 25.0, "cst_per_tonne_km": 0.13510322165094862, "co2_tn": 238.26434}], "LGA_43920": [{"industry": "grains", "sector": "cropping", "trips_count": 222, "trailer_loads": 2600.391339999992, "tonnes": 65009.695, "tonne_kms": 2248310.8, "tonnes_per_trailer": 25.0, "avg_trip_distance": 37.540295, "avg_trip_duration": 0.43712792, "total_trip_distance": 60145.01, "total_trip_duration": 708.70325, "total_freight_value": 31838466.0, "trip_transport_costs": 490821.0, "cst_per_tonne": 8.0, "cst_per_tonne_km": 0.21830656543530272, "co2_tn": 181.79274}, {"industry": "livestock", "sector": "livestock", "trips_count": 13, "trailer_loads": 57.0, "tonnes": 912.0, "tonne_kms": 44908.844, "tonnes_per_trailer": 16.615385, "avg_trip_distance": 41.01704, "avg_trip_duration": 0.46017307, "total_trip_distance": 1796.8353, "total_trip_duration": 20.139889, "total_freight_value": 3851940.0, "trip_transport_costs": 13041.0, "cst_per_tonne": 14.0, "cst_per_tonne_km": 0.2903811297999139, "co2_tn": 5.352728}], "LGA_44210": [{"industry": "grains", "sector": "cropping", "trips_count": 30, "trailer_loads": 382.58860000000004, "tonnes": 9434.492, "tonne_kms": 697936.8, "tonnes_per_trailer": 24.866669, "avg_trip_distance": 61.5576, "avg_trip_duration": 0.6977802, "total_trip_distance": 18708.008, "total_trip_duration": 208.95601, "total_freight_value": 4417732.0, "trip_transport_costs": 122412.0, "cst_per_tonne": 13.0, "cst_per_tonne_km": 0.1753914199805505, "co2_tn": 55.063354}], "LGA_44550": [{"industry": "grains", "sector": "cropping", "trips_count": 31, "trailer_loads": 343.1729, "tonnes": 8449.1, "tonne_kms": 819698.25, "tonnes_per_trailer": 24.870968, "avg_trip_distance": 99.71506, "avg_trip_duration": 1.2279042, "total_trip_distance": 23967.275, "total_trip_duration": 293.59113, "total_freight_value": 3635836.0, "trip_transport_costs": 145226.0, "cst_per_tonne": 17.0, "cst_per_tonne_km": 0.17716965005062454, "co2_tn": 68.20731}], "LGA_45040": [{"industry": "grains", "sector": "cropping", "trips_count": 117, "trailer_loads": 1556.3032000000012, "tonnes": 38256.45, "tonne_kms": 5744093.0, "tonnes_per_trailer": 24.829063, "avg_trip_distance": 144.8437, "avg_trip_duration": 1.6274292, "total_trip_distance": 153970.61, "total_trip_duration": 1732.5143,