{"orig_lga": "LGA_47290", "orig_name": "Southern Mallee (DC)", "orig_state": "SA", "fetched_at": "2026-03-12T07:43:51.608375+00:00", "destinations": {"LGA_21370": [], "LGA_22980": [{"industry": "grains", "sector": "cropping", "trips_count": 23, "trailer_loads": 418.90158, "tonnes": 10429.761, "tonne_kms": 2546367.2, "tonnes_per_trailer": 24.826097, "avg_trip_distance": 200.65135, "avg_trip_duration": 2.1666675, "total_trip_distance": 53769.21, "total_trip_duration": 580.39905, "total_freight_value": 4320201.0, "trip_transport_costs": 332658.0, "cst_per_tonne": 32.0, "cst_per_tonne_km": 0.130640320400931, "co2_tn": 172.47137}], "LGA_31000": [{"industry": "vegetables", "sector": "horticulture", "trips_count": 143, "trailer_loads": 508.38378509800015, "tonnes": 10555.768, "tonne_kms": 19405134.0, "tonnes_per_trailer": 20.909094, "avg_trip_distance": 483.41418, "avg_trip_duration": 5.2079563, "total_trip_distance": 506833.97, "total_trip_duration": 5465.3896, "total_freight_value": 42957091.0, "trip_transport_costs": 2949177.0, "cst_per_tonne": 279.0, "cst_per_tonne_km": 0.15197919813761038, "co2_tn": 1587.6632}], "LGA_40220": [{"industry": "grains", "sector": "cropping", "trips_count": 21, "trailer_loads": 699.25724, "tonnes": 17395.86, "tonne_kms": 3641161.8, "tonnes_per_trailer": 24.61906, "avg_trip_distance": 191.29002, "avg_trip_duration": 2.0290883, "total_trip_distance": 97197.66, "total_trip_duration": 1031.0298, "total_freight_value": 7496744.0, "trip_transport_costs": 549188.0, "cst_per_tonne": 32.0, "cst_per_tonne_km": 0.15082767939402342, "co2_tn": 287.845}], "LGA_42250": [{"industry": "grains", "sector": "cropping", "trips_count": 8, "trailer_loads": 85.5688, "tonnes": 1968.088, "tonne_kms": 613721.94, "tonnes_per_trailer": 23.000065, "avg_trip_distance": 235.76161, "avg_trip_duration": 2.5169947, "total_trip_distance": 13718.729, "total_trip_duration": 147.38689, "total_freight_value": 590426.0, "trip_transport_costs": 85087.0, "cst_per_tonne": 43.0, "cst_per_tonne_km": 0.13864049607512605, "co2_tn": 44.807693}], "LGA_43650": [{"industry": "grains", "sector": "cropping", "trips_count": 39, "trailer_loads": 1031.29192, "tonnes": 25782.31, "tonne_kms": 7408624.0, "tonnes_per_trailer": 25.000002, "avg_trip_distance": 271.22998, "avg_trip_duration": 2.9150279, "total_trip_distance": 167183.02, "total_trip_duration": 1798.6163, "total_freight_value": 11124689.0, "trip_transport_costs": 989840.0, "cst_per_tonne": 38.0, "cst_per_tonne_km": 0.1336064999743036, "co2_tn": 526.8478}], "LGA_45040": [{"industry": "grains", "sector": "cropping", "trips_count": 18, "trailer_loads": 645.49132, "tonnes": 16008.92, "tonne_kms": 2519918.5, "tonnes_per_trailer": 24.333345, "avg_trip_distance": 125.69799, "avg_trip_duration": 1.3298159, "total_trip_distance": 52414.547, "total_trip_duration": 553.5791, "total_freight_value": 6540587.0, "trip_transport_costs": 340099.0, "cst_per_tonne": 21.0, "cst_per_tonne_km": 0.13496413460550657, "co2_tn": 171.17973}, {"industry": "livestock", "sector": "livestock", "trips_count": 9, "trailer_loads": 286.0, "tonnes": 5148.0, "tonne_kms": 630777.0, "tonnes_per_trailer": 18.0, "avg_trip_distance": 103.67066, "avg_trip_duration": 1.0746636, "total_trip_distance": 22792.525, "total_trip_duration": 237.94777, "total_freight_value": 18893160.0, "trip_transport_costs": 136453.0, "cst_per_tonne": 27.0, "cst_per_tonne_km": 0.21632519484378554, "co2_tn": 67.829384}], "LGA_45890": [{"industry": "grains", "sector": "cropping", "trips_count": 22, "trailer_loads": 8043.214539999999, "tonnes": 200867.3, "tonne_kms": 47960756.0, "tonnes_per_trailer": 24.0909, "avg_trip_distance": 229.91661, "avg_trip_duration": 2.5638664, "total_trip_distance": 1279985.1, "total_trip_duration": 14168.928, "total_freight_value": 84885440.0, "trip_transport_costs": 7237708.0, "cst_per_tonne": 36.0, "cst_per_tonne_km": 0.1509089704519794, "co2_tn": 3810.9568}, {"industry": "vegetables", "sector": "horticulture", "trips_count": 436, "trailer_loads": 1007.93921032, "tonnes": 21131.271, "tonne_kms": 5561311.5, "tonnes_per_trailer": 20.587156, "avg_trip_distance": 63.14349, "avg_trip_duration": 0.69603395, "total_trip_distance": 176641.39, "total_trip_duration": 1953.0682, "total_freight_value": 93440741.0, "trip_transport_costs": 1003953.0, "cst_per_tonne": 48.0, "cst_per_tonne_km": 0.18052456599960617, "co2_tn": 526.787}], "LGA_47290": [{"industry": "grains", "sector": "cropping", "trips_count": 186, "trailer_loads": 1680.009789999996, "tonnes": 41957.434, "tonne_kms": 1152101.0, "tonnes_per_trailer": 24.978493, "avg_trip_distance": 22.764132, "avg_trip_duration": 0.26719484, "total_trip_distance": 30145.623, "total_trip_duration": 349.6367, "total_freight_value": 15882913.0, "trip_transport_costs": 267356.0, "cst_per_tonne": 6.0, "cst_per_tonne_km": 0.23205916930302425, "co2_tn": 89.83499}, {"industry": "livestock", "sector": "livestock", "trips_count": 6, "trailer_loads": 30.0, "tonnes": 600.0, "tonne_kms": 20158.6, "tonnes_per_trailer": 20.0, "avg_trip_distance": 28.271168, "avg_trip_duration": 0.29584026, "total_trip_distance": 580.79333, "total_trip_duration": 6.0640836, "total_freight_value": 1293000.0, "trip_transport_costs": 5113.0, "cst_per_tonne": 9.0, "cst_per_tonne_km": 0.2536335638394089, "co2_tn": 1.803663}, {"industry": "waste", "sector": "waste", "trips_count": 7, "trailer_loads": 190.07999999999998, "tonnes": 1900.8, "tonne_kms": 34945.645, "tonnes_per_trailer": 10.0, "avg_trip_distance": 11.876454, "avg_trip_duration": 0.14187822, "total_trip_distance": 2630.144, "total_trip_duration": 30.15156, "total_freight_value": 190080.0, "trip_transport_costs": 25226.0, "cst_per_tonne": 13.0, "cst_per_tonne_km": 0.7218667404512701, "co2_tn": 7.2419615}], "LGA_47630": [{"industry": "grains", "sector": "cropping", "trips_count": 45, "trailer_loads": 422.80153999999993, "tonnes": 10032.948, "tonne_kms": 1587833.1, "tonnes_per_trailer": 24.022228, "avg_trip_distance": 143.58138, "avg_trip_duration": 1.5261304, "total_trip_distance": 33689.043, "total_trip_duration": 358.0183, "total_freight_value": 5480871.0, "trip_transport_costs": 222744.0, "cst_per_tonne": 22.0, "cst_per_tonne_km": 0.14028163732029852, "co2_tn": 110.80053}, {"industry": "livestock", "sector": "livestock", "trips_count": 68, "trailer_loads": 408.0, "tonnes": 4080.0, "tonne_kms": 639526.8, "tonnes_per_trailer": 10.0, "avg_trip_distance": 156.74677, "avg_trip_duration": 1.6628865, "total_trip_distance": 32704.771, "total_trip_duration": 346.9028, "total_freight_value": 28560000.0, "trip_transport_costs": 214245.0, "cst_per_tonne": 53.0, "cst_per_tonne_km": 0.33500514867364345, "co2_tn": 106.86782}], "LGA_47800": [{"industry": "grains", "sector": "cropping", "trips_count": 75, "trailer_loads": 1286.8274999999992, "tonnes": 31801.514, "tonne_kms": 4786143.5, "tonnes_per_trailer": 24.49334, "avg_trip_distance": 124.76445, "avg_trip_duration": 1.3215714, "total_trip_distance": 97487.31, "total_trip_duration": 1015.52026, "total_freight_value": 14087523.0, "trip_transport_costs": 642151.0, "cst_per_tonne": 20.0, "cst_per_tonne_km": 0.1341688439667765, "co2_tn": 321.44437}, {"industry": "livestock", "sector": "livestock", "trips_count": 9, "trailer_loads": 41.0, "tonnes": 818.0, "tonne_kms": 98531.54, "tonnes_per_trailer": 19.777779, "avg_trip_distance": 96.42202, "avg_trip_duration": 1.0399287, "total_trip_distance": 2505.893, "total_trip_duration": 27.04858, "total_freight_value": 1790060.0, "trip_transport_costs": 17471.0, "cst_per_tonne": 21.0, "cst_per_tonne_km": 0.17730885129569074, "co2_tn": 8.332969}]}}