{"orig_lga": "LGA_54310", "orig_name": "Karratha (C)", "orig_state": "WA", "fetched_at": "2026-03-12T07:19:31.856366+00:00", "destinations": {"LGA_50250": [{"industry": "grains", "sector": "cropping", "trips_count": 10, "trailer_loads": 66.965, "tonnes": 1540.1901, "tonne_kms": 568661.56, "tonnes_per_trailer": 22.999926, "avg_trip_distance": 274.71573, "avg_trip_duration": 2.7740867, "total_trip_distance": 8241.472, "total_trip_duration": 83.2226, "total_freight_value": 462058.0, "trip_transport_costs": 71156.0, "cst_per_tonne": 46.0, "cst_per_tonne_km": 0.12512833125288164, "co2_tn": 44.04022}, {"industry": "fuel", "sector": "fuel", "trips_count": 17, "trailer_loads": 8375.459999999997, "tonnes": 209246.5, "tonne_kms": 117551624.0, "tonnes_per_trailer": 22.058825, "avg_trip_distance": 378.09717, "avg_trip_duration": 4.013337, "total_trip_distance": 1568379.4, "total_trip_duration": 16770.861, "total_freight_value": 376433992.0, "trip_transport_costs": 13655276.0, "cst_per_tonne": 65.0, "cst_per_tonne_km": 0.11616407993293254, "co2_tn": 8493.658}], "LGA_50980": [], "LGA_52800": [{"industry": "fuel", "sector": "fuel", "trips_count": 6, "trailer_loads": 155.8, "tonnes": 3783.0, "tonne_kms": 3668954.2, "tonnes_per_trailer": 18.333334, "avg_trip_distance": 653.0498, "avg_trip_duration": 6.653958, "total_trip_distance": 50580.3, "total_trip_duration": 517.6132, "total_freight_value": 6641400.0, "trip_transport_costs": 414558.0, "cst_per_tonne": 110.0, "cst_per_tonne_km": 0.11299074764670683, "co2_tn": 270.42435}], "LGA_53220": [{"industry": "fuel", "sector": "fuel", "trips_count": 10, "trailer_loads": 15014.66, "tonnes": 375338.4, "tonne_kms": 209737300.0, "tonnes_per_trailer": 24.000004, "avg_trip_distance": 489.59836, "avg_trip_duration": 5.0810146, "total_trip_distance": 2796814.5, "total_trip_duration": 28789.027, "total_freight_value": 675568096.0, "trip_transport_costs": 24081175.0, "cst_per_tonne": 64.0, "cst_per_tonne_km": 0.11481589500748333, "co2_tn": 15024.321}], "LGA_53800": [{"industry": "fuel", "sector": "fuel", "trips_count": 11, "trailer_loads": 169.8, "tonnes": 3993.0, "tonne_kms": 4633300.0, "tonnes_per_trailer": 16.818182, "avg_trip_distance": 573.07983, "avg_trip_duration": 5.8902593, "total_trip_distance": 70374.65, "total_trip_duration": 727.44946, "total_freight_value": 6809400.0, "trip_transport_costs": 546384.0, "cst_per_tonne": 137.0, "cst_per_tonne_km": 0.11792534984514277, "co2_tn": 353.2189}], "LGA_54310": [{"industry": "grains", "sector": "cropping", "trips_count": 9, "trailer_loads": 60.2685, "tonnes": 1386.171, "tonne_kms": 120426.69, "tonnes_per_trailer": 22.999926, "avg_trip_distance": 67.3538, "avg_trip_duration": 0.8762267, "total_trip_distance": 2056.8098, "total_trip_duration": 26.120934, "total_freight_value": 415852.0, "trip_transport_costs": 19394.0, "cst_per_tonne": 14.0, "cst_per_tonne_km": 0.161042530389664, "co2_tn": 9.619642}, {"industry": "fuel", "sector": "fuel", "trips_count": 28, "trailer_loads": 2547.599999999999, "tonnes": 63382.0, "tonne_kms": 6435614.0, "tonnes_per_trailer": 21.071428, "avg_trip_distance": 51.54721, "avg_trip_duration": 0.6132292, "total_trip_distance": 94353.695, "total_trip_duration": 1082.692, "total_freight_value": 113625600.0, "trip_transport_costs": 878368.0, "cst_per_tonne": 14.0, "cst_per_tonne_km": 0.1364855498384668, "co2_tn": 463.9083}, {"industry": "waste", "sector": "waste", "trips_count": 66, "trailer_loads": 2658.959999999999, "tonnes": 26589.6, "tonne_kms": 774845.56, "tonnes_per_trailer": 10.0, "avg_trip_distance": 39.777676, "avg_trip_duration": 0.4395329, "total_trip_distance": 77484.555, "total_trip_duration": 875.79333, "total_freight_value": 2658960.0, "trip_transport_costs": 496910.0, "cst_per_tonne": 19.0, "cst_per_tonne_km": 0.6413014802561664, "co2_tn": 171.7017}], "LGA_57280": []}}