{"orig_lga": "LGA_58330", "orig_name": "Toodyay (S)", "orig_state": "WA", "fetched_at": "2026-03-12T07:47:09.087519+00:00", "destinations": {"LGA_50280": [{"industry": "grains", "sector": "cropping", "trips_count": 9, "trailer_loads": 40.76225999999999, "tonnes": 937.5299, "tonne_kms": 348979.8, "tonnes_per_trailer": 22.999952, "avg_trip_distance": 280.98212, "avg_trip_duration": 2.9766927, "total_trip_distance": 10115.356, "total_trip_duration": 107.160934, "total_freight_value": 281260.0, "trip_transport_costs": 55236.0, "cst_per_tonne": 59.0, "cst_per_tonne_km": 0.15827864192359264, "co2_tn": 29.813877}], "LGA_51260": [{"industry": "grains", "sector": "cropping", "trips_count": 21, "trailer_loads": 120.40451999999998, "tonnes": 2847.0598, "tonne_kms": 899994.5, "tonnes_per_trailer": 23.285673, "avg_trip_distance": 250.91318, "avg_trip_duration": 2.691273, "total_trip_distance": 25408.74, "total_trip_duration": 272.16107, "total_freight_value": 1048520.0, "trip_transport_costs": 139946.0, "cst_per_tonne": 49.0, "cst_per_tonne_km": 0.15549619331007022, "co2_tn": 74.965515}], "LGA_51330": [], "LGA_51680": [{"industry": "grains", "sector": "cropping", "trips_count": 6, "trailer_loads": 92.93746000000002, "tonnes": 2323.434, "tonne_kms": 139122.36, "tonnes_per_trailer": 24.999966, "avg_trip_distance": 58.07685, "avg_trip_duration": 0.61709183, "total_trip_distance": 3709.9294, "total_trip_duration": 39.386585, "total_freight_value": 1161717.0, "trip_transport_costs": 25058.0, "cst_per_tonne": 11.0, "cst_per_tonne_km": 0.18011762296476652, "co2_tn": 10.983662}, {"industry": "livestock", "sector": "livestock", "trips_count": 11, "trailer_loads": 82.0, "tonnes": 1220.0, "tonne_kms": 71055.8, "tonnes_per_trailer": 13.636364, "avg_trip_distance": 60.09934, "avg_trip_duration": 0.6501867, "total_trip_distance": 3051.7695, "total_trip_duration": 33.104317, "total_freight_value": 4664000.0, "trip_transport_costs": 21538.0, "cst_per_tonne": 18.0, "cst_per_tonne_km": 0.3031140466938283, "co2_tn": 9.301297}], "LGA_53570": [{"industry": "grains", "sector": "cropping", "trips_count": 14, "trailer_loads": 194.42166000000003, "tonnes": 4851.4775, "tonne_kms": 433129.25, "tonnes_per_trailer": 24.857105, "avg_trip_distance": 75.52963, "avg_trip_duration": 0.7989772, "total_trip_distance": 11566.678, "total_trip_duration": 122.26504, "total_freight_value": 2404904.0, "trip_transport_costs": 72071.0, "cst_per_tonne": 15.0, "cst_per_tonne_km": 0.16639590767047668, "co2_tn": 34.25997}, {"industry": "livestock", "sector": "livestock", "trips_count": 7, "trailer_loads": 41.0, "tonnes": 760.0, "tonne_kms": 44462.7, "tonnes_per_trailer": 18.571428, "avg_trip_distance": 53.213776, "avg_trip_duration": 0.5660586, "total_trip_distance": 1638.8, "total_trip_duration": 17.373878, "total_freight_value": 1928500.0, "trip_transport_costs": 11065.0, "cst_per_tonne": 15.0, "cst_per_tonne_km": 0.24885179194929113, "co2_tn": 4.855085}], "LGA_53990": [{"industry": "grains", "sector": "cropping", "trips_count": 12, "trailer_loads": 102.08841999999999, "tonnes": 2479.743, "tonne_kms": 587568.6, "tonnes_per_trailer": 23.666637, "avg_trip_distance": 198.41258, "avg_trip_duration": 2.115644, "total_trip_distance": 16148.732, "total_trip_duration": 172.21384, "total_freight_value": 1073200.0, "trip_transport_costs": 90278.0, "cst_per_tonne": 36.0, "cst_per_tonne_km": 0.15364648928508137, "co2_tn": 47.605736}, {"industry": "livestock", "sector": "livestock", "trips_count": 13, "trailer_loads": 91.45455, "tonnes": 1560.0, "tonne_kms": 362558.94, "tonnes_per_trailer": 16.153849, "avg_trip_distance": 211.02596, "avg_trip_duration": 2.2450137, "total_trip_distance": 14211.623, "total_trip_duration": 151.50595, "total_freight_value": 9131000.0, "trip_transport_costs": 79420.0, "cst_per_tonne": 51.0, "cst_per_tonne_km": 0.21905497600778012, "co2_tn": 41.890198}], "LGA_56230": [{"industry": "grains", "sector": "cropping", "trips_count": 6, "trailer_loads": 146.10982000000004, "tonnes": 3625.5698, "tonne_kms": 607152.0, "tonnes_per_trailer": 23.999977, "avg_trip_distance": 153.7108, "avg_trip_duration": 1.6672955, "total_trip_distance": 16333.655, "total_trip_duration": 177.47476, "total_freight_value": 1750283.0, "trip_transport_costs": 94398.0, "cst_per_tonne": 26.0, "cst_per_tonne_km": 0.15547628244631284, "co2_tn": 48.154675}], "LGA_57210": [{"industry": "grains", "sector": "cropping", "trips_count": 8, "trailer_loads": 199.32616000000007, "tonnes": 4946.92, "tonne_kms": 2071020.8, "tonnes_per_trailer": 23.999977, "avg_trip_distance": 382.11774, "avg_trip_duration": 4.031483, "total_trip_distance": 55671.312, "total_trip_duration": 588.1691, "total_freight_value": 2390124.0, "trip_transport_costs": 303971.0, "cst_per_tonne": 61.0, "cst_per_tonne_km": 0.1467736842825573, "co2_tn": 164.93059}], "LGA_57700": [{"industry": "grains", "sector": "cropping", "trips_count": 14, "trailer_loads": 149.70540000000003, "tonnes": 3742.6272, "tonne_kms": 434940.72, "tonnes_per_trailer": 24.999939, "avg_trip_distance": 101.950836, "avg_trip_duration": 1.1740073, "total_trip_distance": 11598.42, "total_trip_duration": 134.77475, "total_freight_value": 1871314.0, "trip_transport_costs": 70455.0, "cst_per_tonne": 19.0, "cst_per_tonne_km": 0.1619867928256817, "co2_tn": 34.43415}], "LGA_58050": [], "LGA_58760": [{"industry": "grains", "sector": "cropping", "trips_count": 10, "trailer_loads": 247.11196, "tonnes": 6177.789, "tonne_kms": 569326.25, "tonnes_per_trailer": 24.999947, "avg_trip_distance": 82.48228, "avg_trip_duration": 0.92780566, "total_trip_distance": 15182.033, "total_trip_duration": 167.94464, "total_freight_value": 3088896.0, "trip_transport_costs": 94573.0, "cst_per_tonne": 15.0, "cst_per_tonne_km": 0.16611447530976856, "co2_tn": 45.001564}]}}