{"orig_lga": "LGA_51080", "orig_name": "Broomehill-Tambellup (S)", "orig_state": "WA", "fetched_at": "2026-03-12T06:54:59.322232+00:00", "destinations": {"LGA_50080": [{"industry": "grains", "sector": "cropping", "trips_count": 20, "trailer_loads": 563.0999, "tonnes": 13717.457, "tonne_kms": 1951719.2, "tonnes_per_trailer": 23.699991, "avg_trip_distance": 131.10196, "avg_trip_duration": 1.369106, "total_trip_distance": 53453.26, "total_trip_duration": 555.587, "total_freight_value": 5399872.0, "trip_transport_costs": 312016.0, "cst_per_tonne": 23.0, "cst_per_tonne_km": 0.15986706073276005, "co2_tn": 158.12112}, {"industry": "wood_product", "sector": "wood_product", "trips_count": 29, "trailer_loads": 117.25924600000003, "tonnes": 2283.333, "tonne_kms": 269491.72, "tonnes_per_trailer": 24.517275, "avg_trip_distance": 81.61941, "avg_trip_duration": 0.88580143, "total_trip_distance": 9114.686, "total_trip_duration": 99.40839, "total_freight_value": 1296667.0, "trip_transport_costs": 55268.0, "cst_per_tonne": 24.0, "cst_per_tonne_km": 0.20508056500913613, "co2_tn": 27.20341}], "LGA_50280": [{"industry": "grains", "sector": "cropping", "trips_count": 10, "trailer_loads": 79.00086, "tonnes": 1913.6729, "tonne_kms": 540299.6, "tonnes_per_trailer": 23.199965, "avg_trip_distance": 220.86191, "avg_trip_duration": 2.4074748, "total_trip_distance": 14872.089, "total_trip_duration": 162.2376, "total_freight_value": 815745.0, "trip_transport_costs": 82927.0, "cst_per_tonne": 43.0, "cst_per_tonne_km": 0.15348354861391142, "co2_tn": 44.062744}], "LGA_51080": [{"industry": "grains", "sector": "cropping", "trips_count": 66, "trailer_loads": 1996.0981999999988, "tonnes": 48272.67, "tonne_kms": 1275891.1, "tonnes_per_trailer": 23.787895, "avg_trip_distance": 25.289455, "avg_trip_duration": 0.26993603, "total_trip_distance": 37658.99, "total_trip_duration": 403.30814, "total_freight_value": 18265230.0, "trip_transport_costs": 316776.0, "cst_per_tonne": 7.0, "cst_per_tonne_km": 0.24827831910958384, "co2_tn": 107.21279}], "LGA_51260": [{"industry": "grains", "sector": "cropping", "trips_count": 23, "trailer_loads": 88.78491, "tonnes": 2062.8506, "tonne_kms": 543606.94, "tonnes_per_trailer": 23.086927, "avg_trip_distance": 206.06752, "avg_trip_duration": 2.151596, "total_trip_distance": 15628.554, "total_trip_duration": 163.10953, "total_freight_value": 670854.0, "trip_transport_costs": 86751.0, "cst_per_tonne": 42.0, "cst_per_tonne_km": 0.15958316638926606, "co2_tn": 46.160595}], "LGA_52240": [{"industry": "grains", "sector": "cropping", "trips_count": 22, "trailer_loads": 619.3293, "tonnes": 15320.264, "tonne_kms": 669005.1, "tonnes_per_trailer": 24.636387, "avg_trip_distance": 44.673306, "avg_trip_duration": 0.4750493, "total_trip_distance": 18143.951, "total_trip_duration": 192.96419, "total_freight_value": 6131440.0, "trip_transport_costs": 134574.0, "cst_per_tonne": 9.0, "cst_per_tonne_km": 0.20115564105006856, "co2_tn": 54.131805}], "LGA_52730": [{"industry": "grains", "sector": "cropping", "trips_count": 11, "trailer_loads": 40.89647000000001, "tonnes": 940.6181, "tonne_kms": 169502.77, "tonnes_per_trailer": 22.999973, "avg_trip_distance": 136.6492, "avg_trip_duration": 1.4445049, "total_trip_distance": 4913.123, "total_trip_duration": 51.98055, "total_freight_value": 282185.0, "trip_transport_costs": 28260.0, "cst_per_tonne": 30.0, "cst_per_tonne_km": 0.16672425626789633, "co2_tn": 14.556761}], "LGA_53640": [{"industry": "grains", "sector": "cropping", "trips_count": 39, "trailer_loads": 1252.6829, "tonnes": 30502.203, "tonne_kms": 2109296.2, "tonnes_per_trailer": 23.974377, "avg_trip_distance": 70.118126, "avg_trip_duration": 0.7291836, "total_trip_distance": 51804.52, "total_trip_duration": 538.45355, "total_freight_value": 11770598.0, "trip_transport_costs": 357578.0, "cst_per_tonne": 12.0, "cst_per_tonne_km": 0.16952464558676858, "co2_tn": 159.48724}], "LGA_53990": [{"industry": "grains", "sector": "cropping", "trips_count": 10, "trailer_loads": 77.22908, "tonnes": 1883.0123, "tonne_kms": 432378.2, "tonnes_per_trailer": 23.59997, "avg_trip_distance": 189.08443, "avg_trip_duration": 2.0169628, "total_trip_distance": 11826.332, "total_trip_duration": 125.83205, "total_freight_value": 831768.0, "trip_transport_costs": 66336.0, "cst_per_tonne": 35.0, "cst_per_tonne_km": 0.15342038429158014, "co2_tn": 35.040337}, {"industry": "livestock", "sector": "livestock", "trips_count": 10, "trailer_loads": 60.0, "tonnes": 600.0, "tonne_kms": 139204.08, "tonnes_per_trailer": 10.0, "avg_trip_distance": 232.0068, "avg_trip_duration": 2.4565034, "total_trip_distance": 9280.271, "total_trip_duration": 98.26013, "total_freight_value": 4200000.0, "trip_transport_costs": 51925.0, "cst_per_tonne": 87.0, "cst_per_tonne_km": 0.3730141004759087, "co2_tn": 27.446674}], "LGA_54550": [{"industry": "grains", "sector": "cropping", "trips_count": 11, "trailer_loads": 325.2584999999999, "tonnes": 7968.4927, "tonne_kms": 786266.9, "tonnes_per_trailer": 24.272757, "avg_trip_distance": 91.0011, "avg_trip_duration": 0.98979604, "total_trip_distance": 21528.97, "total_trip_duration": 234.81578, "total_freight_value": 3084766.0, "trip_transport_costs": 132774.0, "cst_per_tonne": 17.0, "cst_per_tonne_km": 0.16886597711634965, "co2_tn": 64.04913}, {"industry": "livestock", "sector": "livestock", "trips_count": 50, "trailer_loads": 324.0, "tonnes": 3240.0, "tonne_kms": 194018.1, "tonnes_per_trailer": 10.0, "avg_trip_distance": 59.6817, "avg_trip_duration": 0.6248993, "total_trip_distance": 12934.54, "total_trip_duration": 135.35367, "total_freight_value": 23040000.0, "trip_transport_costs": 87452.0, "cst_per_tonne": 27.0, "cst_per_tonne_km": 0.4507430338528349, "co2_tn": 38.39499}], "LGA_54760": [], "LGA_54900": [{"industry": "grains", "sector": "cropping", "trips_count": 22, "trailer_loads": 615.0369000000002, "tonnes": 14561.072, "tonne_kms": 3455954.8, "tonnes_per_trailer": 23.181852, "avg_trip_distance": 213.78026, "avg_trip_duration": 2.1842985, "total_trip_distance": 94793.57, "total_trip_duration": 965.9046, "total_freight_value": 5455934.0, "trip_transport_costs": 533780.0, "cst_per_tonne": 37.0, "cst_per_tonne_km": 0.15445230885320113, "co2_tn": 282.0314}], "LGA_55180": [{"industry": "grains", "sector": "cropping", "trips_count": 13, "trailer_loads": 47.71255, "tonnes": 1097.3877, "tonne_kms": 247670.36, "tonnes_per_trailer": 22.999973, "avg_trip_distance": 172.783, "avg_trip_duration": 1.8273404, "total_trip_distance": 7178.851, "total_trip_duration": 75.753716, "total_freight_value": 329216.0, "trip_transport_costs": 40518.0, "cst_per_tonne": 37.0, "cst_per_tonne_km": 0.16359701735131435, "co2_tn": 21.253542}], "LGA_57210": [{"industry": "grains", "sector": "cropping", "trips_count": 18, "trailer_loads": 75.32864000000001, "tonnes": 1774.1566, "tonne_kms": 186182.47, "tonnes_per_trailer": 23.22219, "avg_trip_distance": 84.19223, "avg_trip_duration": 0.8739678, "total_trip_distance": 5284.301, "total_trip_duration": 54.919777, "total_freight_value": 636246.0, "trip_transport_costs": 32069.0, "cst_per_tonne": 18.0, "cst_per_tonne_km": 0.17224492754419843, "co2_tn": 15.636929}, {"industry": "livestock", "sector": "livestock", "trips_count": 31, "trailer_loads": 209.0, "tonnes": 2140.0, "tonne_kms": 252560.16, "tonnes_per_trailer": 10.32258, "avg_trip_distance": 117.55192, "avg_trip_duration": 1.2150401, "total_trip_distance": 16461.135, "total_trip_duration": 169.99524, "total_freight_value": 14495500.0, "trip_transport_costs": 98095.0, "cst_per_tonne": 46.0, "cst_per_tonne_km": 0.3884019664250781, "co2_tn": 48.64391}], "LGA_57700": [{"industry": "livestock", "sector": "livestock", "trips_count": 26, "trailer_loads": 156.0, "tonnes": 1560.0, "tonne_kms": 453963.9, "tonnes_per_trailer": 10.0, "avg_trip_distance": 291.0025, "avg_trip_duration": 3.051354, "total_trip_distance": 30264.26, "total_trip_duration": 317.3408, "total_freight_value": 10920000.0, "trip_transport_costs": 167124.0,