{"orig_lga": "LGA_57350", "orig_name": "Quairading (S)", "orig_state": "WA", "fetched_at": "2026-03-12T07:39:10.602736+00:00", "destinations": {"LGA_52100": [{"industry": "grains", "sector": "cropping", "trips_count": 35, "trailer_loads": 962.7384800000001, "tonnes": 23980.342, "tonne_kms": 1399628.5, "tonnes_per_trailer": 24.771402, "avg_trip_distance": 57.23493, "avg_trip_duration": 0.57884103, "total_trip_distance": 36831.977, "total_trip_duration": 372.08975, "total_freight_value": 9498486.0, "trip_transport_costs": 252389.0, "cst_per_tonne": 11.0, "cst_per_tonne_km": 0.18032540905469513, "co2_tn": 109.56215}], "LGA_54900": [{"industry": "grains", "sector": "cropping", "trips_count": 14, "trailer_loads": 243.73505999999998, "tonnes": 6093.368, "tonne_kms": 1329412.9, "tonnes_per_trailer": 24.999958, "avg_trip_distance": 197.87025, "avg_trip_duration": 2.0476766, "total_trip_distance": 35451.008, "total_trip_duration": 366.812, "total_freight_value": 2370957.0, "trip_transport_costs": 200176.0, "cst_per_tonne": 33.0, "cst_per_tonne_km": 0.1505745005572479, "co2_tn": 104.90971}], "LGA_57700": [{"industry": "livestock", "sector": "livestock", "trips_count": 7, "trailer_loads": 42.0, "tonnes": 420.0, "tonne_kms": 78428.94, "tonnes_per_trailer": 10.0, "avg_trip_distance": 186.73557, "avg_trip_duration": 2.0856, "total_trip_distance": 5228.596, "total_trip_duration": 58.3968, "total_freight_value": 2940000.0, "trip_transport_costs": 30183.0, "cst_per_tonne": 72.0, "cst_per_tonne_km": 0.3848446597108609, "co2_tn": 15.544814}]}}