{"orig_lga": "LGA_54550", "orig_name": "Kojonup (S)", "orig_state": "WA", "fetched_at": "2026-03-12T07:20:54.884881+00:00", "destinations": {"LGA_50080": [{"industry": "grains", "sector": "cropping", "trips_count": 10, "trailer_loads": 3058.5990199999997, "tonnes": 75981.984, "tonne_kms": 13423925.0, "tonnes_per_trailer": 22.800009, "avg_trip_distance": 160.23291, "avg_trip_duration": 1.6971684, "total_trip_distance": 360222.2, "total_trip_duration": 3836.516, "total_freight_value": 37606809.0, "trip_transport_costs": 2066475.0, "cst_per_tonne": 27.0, "cst_per_tonne_km": 0.15393970181737085, "co2_tn": 1067.5582}, {"industry": "livestock", "sector": "livestock", "trips_count": 22, "trailer_loads": 151.0, "tonnes": 2660.0, "tonne_kms": 437370.88, "tonnes_per_trailer": 17.727272, "avg_trip_distance": 144.85268, "avg_trip_duration": 1.5414511, "total_trip_distance": 16486.246, "total_trip_duration": 175.58456, "total_freight_value": 5970000.0, "trip_transport_costs": 95574.0, "cst_per_tonne": 36.0, "cst_per_tonne_km": 0.21851837304320818, "co2_tn": 48.909855}, {"industry": "wood_product", "sector": "wood_product", "trips_count": 68, "trailer_loads": 1330.296380999998, "tonnes": 24183.312, "tonne_kms": 4258034.0, "tonnes_per_trailer": 22.323551, "avg_trip_distance": 120.24189, "avg_trip_duration": 1.2780205, "total_trip_distance": 156272.2, "total_trip_duration": 1655.6958, "total_freight_value": 7256673.0, "trip_transport_costs": 902508.0, "cst_per_tonne": 37.0, "cst_per_tonne_km": 0.21195410544268806, "co2_tn": 464.14874}], "LGA_50560": [{"industry": "livestock", "sector": "livestock", "trips_count": 6, "trailer_loads": 36.0, "tonnes": 360.0, "tonne_kms": 83971.26, "tonnes_per_trailer": 10.0, "avg_trip_distance": 233.2535, "avg_trip_duration": 2.4604082, "total_trip_distance": 5598.084, "total_trip_duration": 59.0498, "total_freight_value": 2520000.0, "trip_transport_costs": 31395.0, "cst_per_tonne": 87.0, "cst_per_tonne_km": 0.37387923192841005, "co2_tn": 16.587568}], "LGA_50770": [{"industry": "grains", "sector": "cropping", "trips_count": 11, "trailer_loads": 272.14356, "tonnes": 5851.9663, "tonne_kms": 539535.1, "tonnes_per_trailer": 21.36362, "avg_trip_distance": 78.88123, "avg_trip_duration": 0.821557, "total_trip_distance": 16755.494, "total_trip_duration": 175.54572, "total_freight_value": 2113747.0, "trip_transport_costs": 103791.0, "cst_per_tonne": 18.0, "cst_per_tonne_km": 0.19237181772394887, "co2_tn": 49.65168}, {"industry": "livestock", "sector": "livestock", "trips_count": 42, "trailer_loads": 264.0, "tonnes": 2640.0, "tonne_kms": 203341.69, "tonnes_per_trailer": 10.0, "avg_trip_distance": 75.48125, "avg_trip_duration": 0.7802232, "total_trip_distance": 13234.886, "total_trip_duration": 136.8413, "total_freight_value": 18480000.0, "trip_transport_costs": 86165.0, "cst_per_tonne": 33.0, "cst_per_tonne_km": 0.42374705823433867, "co2_tn": 39.971973}], "LGA_50840": [], "LGA_50910": [{"industry": "grains", "sector": "cropping", "trips_count": 7, "trailer_loads": 188.14, "tonnes": 3781.4473, "tonne_kms": 743898.2, "tonnes_per_trailer": 20.428581, "avg_trip_distance": 189.18231, "avg_trip_duration": 2.0044749, "total_trip_distance": 24522.664, "total_trip_duration": 259.7152, "total_freight_value": 1298233.0, "trip_transport_costs": 139272.0, "cst_per_tonne": 37.0, "cst_per_tonne_km": 0.18721895568118319, "co2_tn": 72.686905}], "LGA_51080": [{"industry": "grains", "sector": "cropping", "trips_count": 22, "trailer_loads": 862.5015000000002, "tonnes": 19718.412, "tonne_kms": 1241087.9, "tonnes_per_trailer": 22.090904, "avg_trip_distance": 57.5898, "avg_trip_duration": 0.61630774, "total_trip_distance": 36197.906, "total_trip_duration": 388.25592, "total_freight_value": 6980949.0, "trip_transport_costs": 242430.0, "cst_per_tonne": 12.0, "cst_per_tonne_km": 0.1953370138388166, "co2_tn": 107.73291}, {"industry": "livestock", "sector": "livestock", "trips_count": 20, "trailer_loads": 126.0, "tonnes": 1260.0, "tonne_kms": 81480.54, "tonnes_per_trailer": 10.0, "avg_trip_distance": 65.79045, "avg_trip_duration": 0.68687916, "total_trip_distance": 5432.036, "total_trip_duration": 56.694134, "total_freight_value": 8820000.0, "trip_transport_costs": 36097.0, "cst_per_tonne": 29.0, "cst_per_tonne_km": 0.44301268610775446, "co2_tn": 16.111988}], "LGA_51260": [{"industry": "grains", "sector": "cropping", "trips_count": 26, "trailer_loads": 96.07623999999997, "tonnes": 2209.7527, "tonne_kms": 438731.1, "tonnes_per_trailer": 22.999994, "avg_trip_distance": 156.6873, "avg_trip_duration": 1.6370757, "total_trip_distance": 12221.609, "total_trip_duration": 127.6919, "total_freight_value": 662927.0, "trip_transport_costs": 71210.0, "cst_per_tonne": 32.0, "cst_per_tonne_km": 0.16230983032477544, "co2_tn": 37.342136}], "LGA_51400": [{"industry": "grains", "sector": "cropping", "trips_count": 11, "trailer_loads": 40.64763999999999, "tonnes": 934.89545, "tonne_kms": 177457.36, "tonnes_per_trailer": 22.999994, "avg_trip_distance": 144.52412, "avg_trip_duration": 1.5551763, "total_trip_distance": 4769.296, "total_trip_duration": 51.320816, "total_freight_value": 280469.0, "trip_transport_costs": 28685.0, "cst_per_tonne": 31.0, "cst_per_tonne_km": 0.16164473787320915, "co2_tn": 15.034299}], "LGA_52240": [{"industry": "grains", "sector": "cropping", "trips_count": 30, "trailer_loads": 1019.8306999999996, "tonnes": 22960.102, "tonne_kms": 1848081.1, "tonnes_per_trailer": 22.06666, "avg_trip_distance": 76.541214, "avg_trip_duration": 0.8159309, "total_trip_distance": 54170.977, "total_trip_duration": 578.32623, "total_freight_value": 8270741.0, "trip_transport_costs": 345428.0, "cst_per_tonne": 15.0, "cst_per_tonne_km": 0.18691190611161956, "co2_tn": 161.156}, {"industry": "livestock", "sector": "livestock", "trips_count": 15, "trailer_loads": 90.0, "tonnes": 900.0, "tonne_kms": 67612.32, "tonnes_per_trailer": 10.0, "avg_trip_distance": 75.1248, "avg_trip_duration": 0.7746578, "total_trip_distance": 4394.862, "total_trip_duration": 45.353218, "total_freight_value": 6300000.0, "trip_transport_costs": 28636.0, "cst_per_tonne": 32.0, "cst_per_tonne_km": 0.42353811256431284, "co2_tn": 13.138417}], "LGA_52660": [{"industry": "wood_product", "sector": "wood_product", "trips_count": 251, "trailer_loads": 402.3176699699998, "tonnes": 8246.359, "tonne_kms": 1495777.1, "tonnes_per_trailer": 20.099602, "avg_trip_distance": 75.11286, "avg_trip_duration": 0.81328166, "total_trip_distance": 46217.594, "total_trip_duration": 499.06088, "total_freight_value": 12869532.0, "trip_transport_costs": 275790.0, "cst_per_tonne": 33.0, "cst_per_tonne_km": 0.18437875296200812, "co2_tn": 143.46745}], "LGA_52730": [], "LGA_52870": [], "LGA_53010": [{"industry": "grains", "sector": "cropping", "trips_count": 13, "trailer_loads": 513.6999999999999, "tonnes": 11228.889, "tonne_kms": 1274907.9, "tonnes_per_trailer": 20.692284, "avg_trip_distance": 108.86522, "avg_trip_duration": 1.143834, "total_trip_distance": 38689.38, "total_trip_duration": 407.99283, "total_freight_value": 4269587.0, "trip_transport_costs": 232521.0, "cst_per_tonne": 21.0, "cst_per_tonne_km": 0.18238231864155283, "co2_tn": 114.739075}], "LGA_53640": [{"industry": "grains", "sector": "cropping", "trips_count": 18, "trailer_loads": 707.8889000000001, "tonnes": 16083.611, "tonne_kms": 2260570.8, "tonnes_per_trailer": 21.88888, "avg_trip_distance": 132.8529, "avg_trip_duration": 1.3865812, "total_trip_distance": 65599.914, "total_trip_duration": 685.5516, "total_freight_value": 6045994.0, "trip_transport_costs": 385087.0, "cst_per_tonne": 24.0, "cst_per_tonne_km": 0.1703493007172525, "co2_tn": 194.61595}, {"industry": "livestock", "sector": "livestock", "trips_count": 9, "trailer_loads": 54.0, "tonnes": 540.0, "tonne_kms": 70531.38, "tonnes_per_trailer": 10.0, "avg_trip_distance": 130.61366, "avg_trip_duration": 1.3559055, "total_trip_distance": 4702.0923, "total_trip_duration": 48.8126, "total_freight_value": 3780000.0,