{"orig_lga": "LGA_34580", "orig_name": "Lockyer Valley (R)", "orig_state": "QLD", "fetched_at": "2026-03-12T07:24:14.732634+00:00", "destinations": {"LGA_14200": [], "LGA_31000": [{"industry": "meat", "sector": "cold_food", "trips_count": 11, "trailer_loads": 3004.7002669999997, "tonnes": 54084.56, "tonne_kms": 6905969.0, "tonnes_per_trailer": 18.000004, "avg_trip_distance": 84.240166, "avg_trip_duration": 0.9621796, "total_trip_distance": 383664.94, "total_trip_duration": 4358.9517, "total_freight_value": 1784704881.0, "trip_transport_costs": 1839806.0, "cst_per_tonne": 34.0, "cst_per_tonne_km": 0.2664080375548354, "co2_tn": 842.98047}, {"industry": "fruit", "sector": "horticulture", "trips_count": 1423, "trailer_loads": 199.44076574419978, "tonnes": 3504.5361, "tonne_kms": 377326.53, "tonnes_per_trailer": 18.87913, "avg_trip_distance": 12.195998, "avg_trip_duration": 0.1381526, "total_trip_distance": 20827.338, "total_trip_duration": 236.28625, "total_freight_value": 20883167.0, "trip_transport_costs": 103458.0, "cst_per_tonne": 30.0, "cst_per_tonne_km": 0.2741880704913538, "co2_tn": 46.738712}, {"industry": "vegetables", "sector": "horticulture", "trips_count": 2587, "trailer_loads": 4816.916930827003, "tonnes": 78057.0, "tonne_kms": 7439008.5, "tonnes_per_trailer": 16.388481, "avg_trip_distance": 39.81392, "avg_trip_duration": 0.45142937, "total_trip_distance": 459884.66, "total_trip_duration": 5181.5894, "total_freight_value": 329001171.0, "trip_transport_costs": 2281416.0, "cst_per_tonne": 29.0, "cst_per_tonne_km": 0.30668284777971955, "co2_tn": 1012.44183}, {"industry": "livestock", "sector": "livestock", "trips_count": 8, "trailer_loads": 432.7669, "tonnes": 9778.4, "tonne_kms": 980579.7, "tonnes_per_trailer": 23.125008, "avg_trip_distance": 88.974045, "avg_trip_duration": 1.0228853, "total_trip_distance": 44606.83, "total_trip_duration": 505.33853, "total_freight_value": 28812600.0, "trip_transport_costs": 217362.0, "cst_per_tonne": 22.0, "cst_per_tonne_km": 0.2216667787887745, "co2_tn": 97.96707}], "LGA_33430": [{"industry": "fruit", "sector": "horticulture", "trips_count": 35, "trailer_loads": 7.247329793000002, "tonnes": 112.550514, "tonne_kms": 13348.273, "tonnes_per_trailer": 16.571434, "avg_trip_distance": 15.112526, "avg_trip_duration": 0.16470474, "total_trip_distance": 858.25354, "total_trip_duration": 9.33934, "total_freight_value": 619895.0, "trip_transport_costs": 4102.0, "cst_per_tonne": 36.0, "cst_per_tonne_km": 0.30730506498614785, "co2_tn": 1.8757539}, {"industry": "vegetables", "sector": "horticulture", "trips_count": 267, "trailer_loads": 622.7325049900002, "tonnes": 9748.472, "tonne_kms": 1092615.0, "tonnes_per_trailer": 16.419477, "avg_trip_distance": 63.768856, "avg_trip_duration": 0.7014989, "total_trip_distance": 70159.88, "total_trip_duration": 766.8165, "total_freight_value": 37461430.0, "trip_transport_costs": 337346.0, "cst_per_tonne": 35.0, "cst_per_tonne_km": 0.3087511064529218, "co2_tn": 153.3819}], "LGA_33610": [{"industry": "livestock", "sector": "livestock", "trips_count": 6, "trailer_loads": 30.0, "tonnes": 600.0, "tonne_kms": 168149.3, "tonnes_per_trailer": 20.0, "avg_trip_distance": 190.733, "avg_trip_duration": 2.0432277, "total_trip_distance": 5721.99, "total_trip_duration": 61.296833, "total_freight_value": 1293000.0, "trip_transport_costs": 30987.0, "cst_per_tonne": 52.0, "cst_per_tonne_km": 0.18428162652841526, "co2_tn": 15.835002}], "LGA_33620": [], "LGA_33960": [{"industry": "meat", "sector": "cold_food", "trips_count": 7, "trailer_loads": 119.97845000000001, "tonnes": 1559.7202, "tonne_kms": 74132.484, "tonnes_per_trailer": 13.000003, "avg_trip_distance": 45.02469, "avg_trip_duration": 0.52415204, "total_trip_distance": 5643.1235, "total_trip_duration": 65.62705, "total_freight_value": 9358325.0, "trip_transport_costs": 31956.0, "cst_per_tonne": 20.0, "cst_per_tonne_km": 0.43106126451134036, "co2_tn": 12.559161}, {"industry": "livestock", "sector": "livestock", "trips_count": 12, "trailer_loads": 59.99996000000001, "tonnes": 1300.0, "tonne_kms": 90839.5, "tonnes_per_trailer": 21.666683, "avg_trip_distance": 65.359184, "avg_trip_duration": 0.7598915, "total_trip_distance": 4198.8965, "total_trip_duration": 48.768566, "total_freight_value": 7229000.0, "trip_transport_costs": 21868.0, "cst_per_tonne": 17.0, "cst_per_tonne_km": 0.24073124717694055, "co2_tn": 9.302057}], "LGA_34580": [{"industry": "grains", "sector": "cropping", "trips_count": 9, "trailer_loads": 167.28633000000002, "tonnes": 4182.1606, "tonne_kms": 49973.05, "tonnes_per_trailer": 25.000006, "avg_trip_distance": 13.246723, "avg_trip_duration": 0.17820649, "total_trip_distance": 1998.922, "total_trip_duration": 27.378511, "total_freight_value": 2061569.0, "trip_transport_costs": 19560.0, "cst_per_tonne": 5.0, "cst_per_tonne_km": 0.3914193545362847, "co2_tn": 4.5577393}, {"industry": "livestock", "sector": "livestock", "trips_count": 11, "trailer_loads": 74.09085, "tonnes": 1600.0, "tonne_kms": 39156.4, "tonnes_per_trailer": 21.454561, "avg_trip_distance": 22.018024, "avg_trip_duration": 0.26879084, "total_trip_distance": 1800.9414, "total_trip_duration": 21.950832, "total_freight_value": 8680500.0, "trip_transport_costs": 12536.0, "cst_per_tonne": 8.0, "cst_per_tonne_km": 0.32015992145580463, "co2_tn": 4.015293}, {"industry": "waste", "sector": "waste", "trips_count": 105, "trailer_loads": 3231.3599999999956, "tonnes": 32313.6, "tonne_kms": 431634.22, "tonnes_per_trailer": 10.0, "avg_trip_distance": 12.318252, "avg_trip_duration": 0.15887822, "total_trip_distance": 43163.42, "total_trip_duration": 562.267, "total_freight_value": 3231360.0, "trip_transport_costs": 394144.0, "cst_per_tonne": 12.0, "cst_per_tonne_km": 0.9131436226745808, "co2_tn": 97.12967}], "LGA_34590": [{"industry": "fruit", "sector": "horticulture", "trips_count": 45, "trailer_loads": 5.400542349999998, "tonnes": 91.753334, "tonne_kms": 9849.095, "tonnes_per_trailer": 17.55555, "avg_trip_distance": 12.877239, "avg_trip_duration": 0.14564091, "total_trip_distance": 579.47577, "total_trip_duration": 6.553841, "total_freight_value": 492642.0, "trip_transport_costs": 2832.0, "cst_per_tonne": 31.0, "cst_per_tonne_km": 0.2875528268471131, "co2_tn": 1.27334}, {"industry": "vegetables", "sector": "horticulture", "trips_count": 264, "trailer_loads": 486.3499650490001, "tonnes": 7679.21, "tonne_kms": 741828.94, "tonnes_per_trailer": 16.075758, "avg_trip_distance": 52.797653, "avg_trip_duration": 0.6030379, "total_trip_distance": 47232.504, "total_trip_duration": 538.44696, "total_freight_value": 29507100.0, "trip_transport_costs": 233997.0, "cst_per_tonne": 30.0, "cst_per_tonne_km": 0.31543297753752175, "co2_tn": 103.91628}], "LGA_34860": [{"industry": "livestock", "sector": "livestock", "trips_count": 8, "trailer_loads": 40.0, "tonnes": 800.0, "tonne_kms": 380678.7, "tonnes_per_trailer": 20.0, "avg_trip_distance": 246.21524, "avg_trip_duration": 2.6592052, "total_trip_distance": 9848.61, "total_trip_duration": 106.36821, "total_freight_value": 1724000.0, "trip_transport_costs": 60758.0, "cst_per_tonne": 76.0, "cst_per_tonne_km": 0.15960345120244945, "co2_tn": 31.757042}], "LGA_35010": [{"industry": "grains", "sector": "cropping", "trips_count": 10, "trailer_loads": 106.68322000000002, "tonnes": 2667.077, "tonne_kms": 433910.5, "tonnes_per_trailer": 24.999985, "avg_trip_distance": 148.68802, "avg_trip_duration": 1.672812, "total_trip_distance": 17356.42, "total_trip_duration": 193.20256, "total_freight_value": 1333541.0, "trip_transport_costs": 80362.0, "cst_per_tonne": 30.0, "cst_per_tonne_km": 0.18520415970808643, "co2_tn": 38.04412}], "LGA_36510": [{"industry": "grains", "sector": "cropping", "trips_count": 14, "trailer_loads": 439.8935899999999, "tonnes": 10997.343, "tonne_kms": 549388.56, "tonnes_per_trailer": 24.999989, "avg_trip_distance": 59.518826, "avg_trip_duration": 0.65534204, "total_trip_distance": 21975.543, "total_trip_duration": 245.68344,