{"orig_lga": "LGA_32810", "orig_name": "Douglas (S)", "orig_state": "QLD", "fetched_at": "2026-03-12T07:06:02.578397+00:00", "destinations": {"LGA_32080": [{"industry": "sugar", "sector": "cropping", "trips_count": 149, "trailer_loads": 11110.556799999975, "tonnes": 297139.1, "tonne_kms": 31636630.0, "tonnes_per_trailer": 26.966475, "avg_trip_distance": 106.31789, "avg_trip_duration": 1.3957688, "total_trip_distance": 1180105.1, "total_trip_duration": 15490.723, "total_freight_value": 35861980.0, "trip_transport_costs": 5977787.0, "cst_per_tonne": 20.0, "cst_per_tonne_km": 0.18895145727585003, "co2_tn": 2643.7346}], "LGA_32810": [{"industry": "waste", "sector": "waste", "trips_count": 35, "trailer_loads": 803.5200000000004, "tonnes": 8035.2, "tonne_kms": 102776.38, "tonnes_per_trailer": 10.0, "avg_trip_distance": 11.069614, "avg_trip_duration": 0.17550664, "total_trip_distance": 10277.639, "total_trip_duration": 170.53946, "total_freight_value": 803520.0, "trip_transport_costs": 99886.0, "cst_per_tonne": 12.0, "cst_per_tonne_km": 0.9718788560753522, "co2_tn": 23.498384}]}}