{"orig_lga": "LGA_34530", "orig_name": "Livingstone (S)", "orig_state": "QLD", "fetched_at": "2026-03-12T07:24:03.168754+00:00", "destinations": {"LGA_30370": [{"industry": "livestock", "sector": "livestock", "trips_count": 8, "trailer_loads": 37.72725, "tonnes": 800.0, "tonne_kms": 183482.5, "tonnes_per_trailer": 21.250015, "avg_trip_distance": 196.05548, "avg_trip_duration": 2.24326, "total_trip_distance": 7842.2188, "total_trip_duration": 89.7304, "total_freight_value": 3736500.0, "trip_transport_costs": 38127.0, "cst_per_tonne": 48.0, "cst_per_tonne_km": 0.20779610575727595, "co2_tn": 18.58593}], "LGA_31000": [{"industry": "fruit", "sector": "horticulture", "trips_count": 81, "trailer_loads": 201.06191082499998, "tonnes": 4150.655, "tonne_kms": 2808639.8, "tonnes_per_trailer": 17.617283, "avg_trip_distance": 196.22086, "avg_trip_duration": 2.1728444, "total_trip_distance": 136090.38, "total_trip_duration": 1506.494, "total_freight_value": 13343777.0, "trip_transport_costs": 638148.0, "cst_per_tonne": 154.0, "cst_per_tonne_km": 0.22720909515430598, "co2_tn": 298.80557}, {"industry": "wood_product", "sector": "wood_product", "trips_count": 18, "trailer_loads": 76.296287, "tonnes": 1500.0007, "tonne_kms": 1061749.9, "tonnes_per_trailer": 24.05559, "avg_trip_distance": 510.89484, "avg_trip_duration": 5.6687574, "total_trip_distance": 53649.05, "total_trip_duration": 597.18243, "total_freight_value": 1183333.0, "trip_transport_costs": 250281.0, "cst_per_tonne": 167.0, "cst_per_tonne_km": 0.23572468081583245, "co2_tn": 118.37839}], "LGA_32270": [{"industry": "livestock", "sector": "livestock", "trips_count": 14, "trailer_loads": 75.0, "tonnes": 1500.0, "tonne_kms": 448883.5, "tonnes_per_trailer": 20.0, "avg_trip_distance": 192.09734, "avg_trip_duration": 2.1363695, "total_trip_distance": 14055.682, "total_trip_duration": 156.43674, "total_freight_value": 3232500.0, "trip_transport_costs": 79748.0, "cst_per_tonne": 53.0, "cst_per_tonne_km": 0.17765819260192928, "co2_tn": 40.675976}], "LGA_33360": [{"industry": "wood_product", "sector": "wood_product", "trips_count": 105, "trailer_loads": 1049.3339249999997, "tonnes": 26233.348, "tonne_kms": 4750339.5, "tonnes_per_trailer": 25.000004, "avg_trip_distance": 164.92137, "avg_trip_duration": 1.9860529, "total_trip_distance": 190013.58, "total_trip_duration": 2300.4524, "total_freight_value": 36726660.0, "trip_transport_costs": 903930.0, "cst_per_tonne": 34.0, "cst_per_tonne_km": 0.190287547705513, "co2_tn": 422.87277}], "LGA_33620": [{"industry": "livestock", "sector": "livestock", "trips_count": 6, "trailer_loads": 34.0909, "tonnes": 700.0, "tonne_kms": 371944.0, "tonnes_per_trailer": 20.666674, "avg_trip_distance": 463.41168, "avg_trip_duration": 5.178603, "total_trip_distance": 16188.932, "total_trip_duration": 180.81398, "total_freight_value": 2313500.0, "trip_transport_costs": 77755.0, "cst_per_tonne": 111.0, "cst_per_tonne_km": 0.20905055232188852, "co2_tn": 38.493786}, {"industry": "wood_product", "sector": "wood_product", "trips_count": 79, "trailer_loads": 2056.7836079999997, "tonnes": 41135.67, "tonne_kms": 23044938.0, "tonnes_per_trailer": 20.000013, "avg_trip_distance": 477.0709, "avg_trip_duration": 5.4310412, "total_trip_distance": 1115227.8, "total_trip_duration": 12842.2295, "total_freight_value": 61703492.0, "trip_transport_costs": 5347349.0, "cst_per_tonne": 130.0, "cst_per_tonne_km": 0.23204006283337497, "co2_tn": 2518.04}], "LGA_33980": [{"industry": "livestock", "sector": "livestock", "trips_count": 12, "trailer_loads": 60.0, "tonnes": 1200.0, "tonne_kms": 417320.6, "tonnes_per_trailer": 20.0, "avg_trip_distance": 202.70467, "avg_trip_duration": 2.2193437, "total_trip_distance": 12162.28, "total_trip_duration": 133.16063, "total_freight_value": 2586000.0, "trip_transport_costs": 70989.0, "cst_per_tonne": 59.0, "cst_per_tonne_km": 0.17010748686991917, "co2_tn": 36.33569}], "LGA_34530": [{"industry": "waste", "sector": "waste", "trips_count": 94, "trailer_loads": 3052.0799999999963, "tonnes": 30520.8, "tonne_kms": 560205.75, "tonnes_per_trailer": 10.0, "avg_trip_distance": 17.63832, "avg_trip_duration": 0.21238142, "total_trip_distance": 56020.574, "total_trip_duration": 666.88556, "total_freight_value": 3052080.0, "trip_transport_costs": 433163.0, "cst_per_tonne": 14.0, "cst_per_tonne_km": 0.7732213632418757, "co2_tn": 124.175514}], "LGA_34860": [{"industry": "livestock", "sector": "livestock", "trips_count": 9, "trailer_loads": 45.0, "tonnes": 900.0, "tonne_kms": 515107.8, "tonnes_per_trailer": 20.0, "avg_trip_distance": 384.72733, "avg_trip_duration": 4.235282, "total_trip_distance": 16876.428, "total_trip_duration": 185.8113, "total_freight_value": 1939500.0, "trip_transport_costs": 94859.0, "cst_per_tonne": 105.0, "cst_per_tonne_km": 0.18415349941911432, "co2_tn": 47.63923}], "LGA_36370": [{"industry": "livestock", "sector": "livestock", "trips_count": 54, "trailer_loads": 266.66652999999997, "tonnes": 5666.667, "tonne_kms": 388340.78, "tonnes_per_trailer": 21.259274, "avg_trip_distance": 63.374218, "avg_trip_duration": 0.77046466, "total_trip_distance": 17597.81, "total_trip_duration": 213.83015, "total_freight_value": 26970000.0, "trip_transport_costs": 95721.0, "cst_per_tonne": 17.0, "cst_per_tonne_km": 0.24648827200688744, "co2_tn": 40.33027}], "LGA_37010": [{"industry": "fruit", "sector": "horticulture", "trips_count": 9, "trailer_loads": 1.097258905, "tonnes": 18.32693, "tonne_kms": 13575.352, "tonnes_per_trailer": 17.333334, "avg_trip_distance": 61.496746, "avg_trip_duration": 0.6683179, "total_trip_distance": 553.4707, "total_trip_duration": 6.014861, "total_freight_value": 86180.0, "trip_transport_costs": 3110.0, "cst_per_tonne": 170.0, "cst_per_tonne_km": 0.22909316515408668, "co2_tn": 1.6044583}, {"industry": "livestock", "sector": "livestock", "trips_count": 6, "trailer_loads": 28.63635, "tonnes": 600.0, "tonne_kms": 366101.9, "tonnes_per_trailer": 21.000011, "avg_trip_distance": 395.81955, "avg_trip_duration": 4.2749157, "total_trip_distance": 11874.586, "total_trip_duration": 128.24747, "total_freight_value": 2500500.0, "trip_transport_costs": 67242.0, "cst_per_tonne": 112.0, "cst_per_tonne_km": 0.1836701450782872, "co2_tn": 34.43087}], "LGA_37310": [{"industry": "livestock", "sector": "livestock", "trips_count": 12, "trailer_loads": 60.0, "tonnes": 1200.0, "tonne_kms": 673319.1, "tonnes_per_trailer": 20.0, "avg_trip_distance": 392.3765, "avg_trip_duration": 4.357558, "total_trip_distance": 23542.59, "total_trip_duration": 261.45346, "total_freight_value": 2586000.0, "trip_transport_costs": 127298.0, "cst_per_tonne": 106.0, "cst_per_tonne_km": 0.18906094070619003, "co2_tn": 63.84775}]}}