{"orig_lga": "LGA_31820", "orig_name": "Bundaberg (R)", "orig_state": "QLD", "fetched_at": "2026-03-12T06:55:37.831103+00:00", "destinations": {"LGA_10750": [{"industry": "nuts", "sector": "horticulture", "trips_count": 21, "trailer_loads": 128.0395424, "tonnes": 2304.7075, "tonne_kms": 2872480.2, "tonnes_per_trailer": 17.99999, "avg_trip_distance": 443.01288, "avg_trip_duration": 4.6689825, "total_trip_distance": 118996.78, "total_trip_duration": 1250.1602, "total_freight_value": 69141333.0, "trip_transport_costs": 604171.0, "cst_per_tonne": 262.0, "cst_per_tonne_km": 0.2103306862950692, "co2_tn": 321.78412}, {"industry": "fruit", "sector": "horticulture", "trips_count": 374, "trailer_loads": 972.8022763029995, "tonnes": 17011.977, "tonne_kms": 21465196.0, "tonnes_per_trailer": 17.657757, "avg_trip_distance": 427.3301, "avg_trip_duration": 4.4976377, "total_trip_distance": 913294.4, "total_trip_duration": 9604.813, "total_freight_value": 90131427.0, "trip_transport_costs": 4671905.0, "cst_per_tonne": 275.0, "cst_per_tonne_km": 0.2176502522451359, "co2_tn": 2473.5085}, {"industry": "vegetables", "sector": "horticulture", "trips_count": 110, "trailer_loads": 1396.6021627699988, "tonnes": 21562.979, "tonne_kms": 27238804.0, "tonnes_per_trailer": 18.318182, "avg_trip_distance": 509.1902, "avg_trip_duration": 5.348194, "total_trip_distance": 1319593.1, "total_trip_duration": 13870.48, "total_freight_value": 143571007.0, "trip_transport_costs": 6727476.0, "cst_per_tonne": 312.0, "cst_per_tonne_km": 0.24698132759391492, "co2_tn": 3558.6685}], "LGA_30370": [], "LGA_31000": [{"industry": "beverage", "sector": "beverage", "trips_count": 6, "trailer_loads": 939.70875, "tonnes": 20673.578, "tonne_kms": 8021749.0, "tonnes_per_trailer": 21.999989, "avg_trip_distance": 273.2312, "avg_trip_duration": 3.0384042, "total_trip_distance": 261575.02, "total_trip_duration": 2919.6255, "total_freight_value": 72357441.0, "trip_transport_costs": 1397749.0, "cst_per_tonne": 68.0, "cst_per_tonne_km": 0.1742449009999643, "co2_tn": 732.61316}, {"industry": "nuts", "sector": "horticulture", "trips_count": 61, "trailer_loads": 166.52532115000005, "tonnes": 2997.455, "tonne_kms": 1186879.5, "tonnes_per_trailer": 17.999996, "avg_trip_distance": 204.46977, "avg_trip_duration": 2.2522988, "total_trip_distance": 65323.09, "total_trip_duration": 720.0777, "total_freight_value": 89923659.0, "trip_transport_costs": 291682.0, "cst_per_tonne": 97.0, "cst_per_tonne_km": 0.24575505418956636, "co2_tn": 144.3812}, {"industry": "vegetables", "sector": "horticulture", "trips_count": 472, "trailer_loads": 2383.338554738007, "tonnes": 39479.4, "tonne_kms": 14670974.0, "tonnes_per_trailer": 19.959743, "avg_trip_distance": 145.8644, "avg_trip_duration": 1.5868822, "total_trip_distance": 862076.4, "total_trip_duration": 9365.689, "total_freight_value": 241002182.0, "trip_transport_costs": 3892149.0, "cst_per_tonne": 99.0, "cst_per_tonne_km": 0.2652959049971687, "co2_tn": 1923.2604}, {"industry": "fruit", "sector": "horticulture", "trips_count": 1424, "trailer_loads": 2328.731012809003, "tonnes": 42176.957, "tonne_kms": 15602509.0, "tonnes_per_trailer": 18.596907, "avg_trip_distance": 123.21509, "avg_trip_duration": 1.3505187, "total_trip_distance": 825509.2, "total_trip_duration": 9026.198, "total_freight_value": 221266899.0, "trip_transport_costs": 3759863.0, "cst_per_tonne": 89.0, "cst_per_tonne_km": 0.24097811719869916, "co2_tn": 1860.6211}, {"industry": "wood_product", "sector": "wood_product", "trips_count": 29, "trailer_loads": 330.4511919999998, "tonnes": 6074.7905, "tonne_kms": 2248156.8, "tonnes_per_trailer": 22.482788, "avg_trip_distance": 282.39374, "avg_trip_duration": 3.1025534, "total_trip_distance": 122356.35, "total_trip_duration": 1345.4851, "total_freight_value": 2455769.0, "trip_transport_costs": 545591.0, "cst_per_tonne": 90.0, "cst_per_tonne_km": 0.24268379223443445, "co2_tn": 268.7045}], "LGA_31820": [{"industry": "sugar", "sector": "cropping", "trips_count": 809, "trailer_loads": 53745.97460000184, "tonnes": 1389027.8, "tonne_kms": 47136028.0, "tonnes_per_trailer": 26.966576, "avg_trip_distance": 31.854254, "avg_trip_duration": 0.40127316, "total_trip_distance": 1844219.6, "total_trip_duration": 23670.98, "total_freight_value": 323908232.0, "trip_transport_costs": 11602361.0, "cst_per_tonne": 8.0, "cst_per_tonne_km": 0.24614633987731607, "co2_tn": 4168.8965}, {"industry": "waste", "sector": "waste", "trips_count": 239, "trailer_loads": 8665.920000000004, "tonnes": 86659.2, "tonne_kms": 2060168.4, "tonnes_per_trailer": 10.0, "avg_trip_distance": 26.389673, "avg_trip_duration": 0.33178988, "total_trip_distance": 206016.83, "total_trip_duration": 2482.682, "total_freight_value": 8665920.0, "trip_transport_costs": 1436433.0, "cst_per_tonne": 17.0, "cst_per_tonne_km": 0.6972403468377197, "co2_tn": 457.59634}], "LGA_33220": [{"industry": "wood_product", "sector": "wood_product", "trips_count": 31, "trailer_loads": 648.7928427999999, "tonnes": 13021.686, "tonne_kms": 1698541.0, "tonnes_per_trailer": 21.54839, "avg_trip_distance": 86.323586, "avg_trip_duration": 0.9920034, "total_trip_distance": 84548.36, "total_trip_duration": 983.08307, "total_freight_value": 19264457.0, "trip_transport_costs": 408108.0, "cst_per_tonne": 31.0, "cst_per_tonne_km": 0.24026986100312187, "co2_tn": 187.64194}], "LGA_33360": [{"industry": "wood_product", "sector": "wood_product", "trips_count": 72, "trailer_loads": 647.7197169999998, "tonnes": 16031.625, "tonne_kms": 2850644.8, "tonnes_per_trailer": 24.902786, "avg_trip_distance": 162.64044, "avg_trip_duration": 1.8546968, "total_trip_distance": 115369.87, "total_trip_duration": 1330.5791, "total_freight_value": 21987822.0, "trip_transport_costs": 541915.0, "cst_per_tonne": 34.0, "cst_per_tonne_km": 0.19010254834117118, "co2_tn": 254.85207}], "LGA_33430": [{"industry": "fruit", "sector": "horticulture", "trips_count": 95, "trailer_loads": 95.24223660999995, "tonnes": 1829.1416, "tonne_kms": 723975.3, "tonnes_per_trailer": 18.178946, "avg_trip_distance": 113.89153, "avg_trip_duration": 1.2329882, "total_trip_distance": 37634.59, "total_trip_duration": 407.10602, "total_freight_value": 10005301.0, "trip_transport_costs": 167195.0, "cst_per_tonne": 91.0, "cst_per_tonne_km": 0.23094033132988293, "co2_tn": 82.49527}, {"industry": "vegetables", "sector": "horticulture", "trips_count": 21, "trailer_loads": 398.866363116, "tonnes": 6001.5166, "tonne_kms": 2423188.2, "tonnes_per_trailer": 18.000004, "avg_trip_distance": 230.32185, "avg_trip_duration": 2.4817336, "total_trip_distance": 159718.27, "total_trip_duration": 1721.5554, "total_freight_value": 41744132.0, "trip_transport_costs": 711619.0, "cst_per_tonne": 119.0, "cst_per_tonne_km": 0.29367068686287134, "co2_tn": 351.43314}], "LGA_33620": [{"industry": "wood_product", "sector": "wood_product", "trips_count": 66, "trailer_loads": 1015.5938220000003, "tonnes": 22598.191, "tonne_kms": 4866910.0, "tonnes_per_trailer": 21.66668, "avg_trip_distance": 189.6428, "avg_trip_duration": 2.135791, "total_trip_distance": 216860.2, "total_trip_duration": 2440.6863, "total_freight_value": 39612999.0, "trip_transport_costs": 998238.0, "cst_per_tonne": 44.0, "cst_per_tonne_km": 0.20510710402042606, "co2_tn": 477.72827}], "LGA_33960": [], "LGA_34590": [{"industry": "fruit", "sector": "horticulture", "trips_count": 65, "trailer_loads": 44.887135440000016, "tonnes": 853.66504, "tonne_kms": 329415.88, "tonnes_per_trailer": 19.26154, "avg_trip_distance": 120.63196, "avg_trip_duration": 1.3167346, "total_trip_distance": 17342.738, "total_trip_duration": 189.43703, "total_freight_value": 4289377.0, "trip_transport_costs": 77329.0, "cst_per_tonne": 91.0, "cst_per_tonne_km": 0.23474430517635808, "co2_tn": 38.04336}, {"industry": "vegetables", "sector": "horticulture", "trips_count": 23, "trailer_loads": 461.83008114999996, "tonnes": 6961.21, "tonne_kms": 2663622.8, "tonnes_per_trailer": 16.60869, "avg_trip_distance": 253.10916,