{"orig_lga": "LGA_89399", "orig_name": "Unincorporated ACT", "orig_state": "ACT", "fetched_at": "2026-03-12T07:48:09.898830+00:00", "destinations": {"LGA_10750": [{"industry": "dairy_product", "sector": "cold_food", "trips_count": 8, "trailer_loads": 851.54879, "tonnes": 17474.227, "tonne_kms": 4743892.5, "tonnes_per_trailer": 20.5, "avg_trip_distance": 246.10962, "avg_trip_duration": 2.5349197, "total_trip_distance": 154130.66, "total_trip_duration": 1585.4379, "total_freight_value": 83943250.0, "trip_transport_costs": 856763.0, "cst_per_tonne": 49.0, "cst_per_tonne_km": 0.18060332198271908, "co2_tn": 453.91907}], "LGA_11650": [], "LGA_13310": [], "LGA_16490": [{"industry": "waste", "sector": "waste", "trips_count": 263, "trailer_loads": 20703.599999999722, "tonnes": 207036.0, "tonne_kms": 6394079.0, "tonnes_per_trailer": 10.0, "avg_trip_distance": 63.700146, "avg_trip_duration": 0.812634, "total_trip_distance": 639407.94, "total_trip_duration": 7858.6074, "total_freight_value": 20703600.0, "trip_transport_costs": 4092946.0, "cst_per_tonne": 20.0, "cst_per_tonne_km": 0.6401149475859327, "co2_tn": 1425.309}, {"industry": "wood_product", "sector": "wood_product", "trips_count": 29, "trailer_loads": 1994.3148786999996, "tonnes": 39886.215, "tonne_kms": 412056.25, "tonnes_per_trailer": 19.999979, "avg_trip_distance": 10.594917, "avg_trip_duration": 0.1403195, "total_trip_distance": 20602.814, "total_trip_duration": 263.76062, "total_freight_value": 59829376.0, "trip_transport_costs": 221056.0, "cst_per_tonne": 6.0, "cst_per_tonne_km": 0.5364711798493877, "co2_tn": 47.422855}], "LGA_17080": [{"industry": "wood_product", "sector": "wood_product", "trips_count": 20, "trailer_loads": 1095.526356, "tonnes": 21910.514, "tonne_kms": 3941552.0, "tonnes_per_trailer": 19.999989, "avg_trip_distance": 135.15854, "avg_trip_duration": 1.521655, "total_trip_distance": 164515.89, "total_trip_duration": 1855.8173, "total_freight_value": 32865769.0, "trip_transport_costs": 852524.0, "cst_per_tonne": 39.0, "cst_per_tonne_km": 0.21629140815533093, "co2_tn": 414.9297}], "LGA_18710": [{"industry": "waste", "sector": "waste", "trips_count": 24, "trailer_loads": 518.4000000000002, "tonnes": 5184.0, "tonne_kms": 386775.66, "tonnes_per_trailer": 10.0, "avg_trip_distance": 73.25297, "avg_trip_duration": 0.85124797, "total_trip_distance": 38677.566, "total_trip_duration": 449.45892, "total_freight_value": 518400.0, "trip_transport_costs": 199244.0, "cst_per_tonne": 38.0, "cst_per_tonne_km": 0.5151403213212019, "co2_tn": 85.48725}]}}