{"orig_lga": "LGA_44060", "orig_name": "Marion (C)", "orig_state": "SA", "fetched_at": "2026-03-12T07:26:31.942673+00:00", "destinations": {"LGA_45340": [{"industry": "waste", "sector": "waste", "trips_count": 75, "trailer_loads": 1619.9999999999982, "tonnes": 16200.0, "tonne_kms": 121898.95, "tonnes_per_trailer": 10.0, "avg_trip_distance": 7.3878155, "avg_trip_duration": 0.10680458, "total_trip_distance": 12189.8955, "total_trip_duration": 176.22755, "total_freight_value": 1620000.0, "trip_transport_costs": 157505.0, "cst_per_tonne": 10.0, "cst_per_tonne_km": 1.292098294575566, "co2_tn": 28.334665}], "LGA_48410": [{"industry": "waste", "sector": "waste", "trips_count": 140, "trailer_loads": 3023.9999999999923, "tonnes": 30240.0, "tonne_kms": 187313.69, "tonnes_per_trailer": 10.0, "avg_trip_distance": 6.081613, "avg_trip_duration": 0.11035578, "total_trip_distance": 18731.37, "total_trip_duration": 339.8958, "total_freight_value": 3024000.0, "trip_transport_costs": 283379.0, "cst_per_tonne": 9.0, "cst_per_tonne_km": 1.5128560219963574, "co2_tn": 45.56945}]}}