{"orig_lga": "LGA_42250", "orig_name": "Grant (DC)", "orig_state": "SA", "fetched_at": "2026-03-12T07:11:48.907174+00:00", "destinations": {"LGA_21370": [{"industry": "livestock", "sector": "livestock", "trips_count": 8, "trailer_loads": 74.09091, "tonnes": 1600.0, "tonne_kms": 756468.4, "tonnes_per_trailer": 21.250006, "avg_trip_distance": 407.0377, "avg_trip_duration": 4.5251303, "total_trip_distance": 23379.633, "total_trip_duration": 260.0924, "total_freight_value": 8680500.0, "trip_transport_costs": 129110.0, "cst_per_tonne": 81.0, "cst_per_tonne_km": 0.17067435109027196, "co2_tn": 69.11985}], "LGA_21750": [], "LGA_21830": [{"industry": "grains", "sector": "cropping", "trips_count": 9, "trailer_loads": 29.338919999999995, "tonnes": 674.7948, "tonne_kms": 170437.12, "tonnes_per_trailer": 22.999989, "avg_trip_distance": 177.87883, "avg_trip_duration": 2.0013876, "total_trip_distance": 4944.243, "total_trip_duration": 55.620857, "total_freight_value": 202439.0, "trip_transport_costs": 27971.0, "cst_per_tonne": 41.0, "cst_per_tonne_km": 0.1641126467916687, "co2_tn": 14.645155}], "LGA_22410": [{"industry": "livestock", "sector": "livestock", "trips_count": 6, "trailer_loads": 38.6364, "tonnes": 800.0, "tonne_kms": 70115.6, "tonnes_per_trailer": 20.333324, "avg_trip_distance": 80.36085, "avg_trip_duration": 0.8654659, "total_trip_distance": 2278.8257, "total_trip_duration": 24.622454, "total_freight_value": 2931500.0, "trip_transport_costs": 14220.0, "cst_per_tonne": 18.0, "cst_per_tonne_km": 0.20280125486403766, "co2_tn": 6.714924}, {"industry": "wood_product", "sector": "wood_product", "trips_count": 102, "trailer_loads": 11150.773929999998, "tonnes": 207416.34, "tonne_kms": 27385458.0, "tonnes_per_trailer": 20.480394, "avg_trip_distance": 118.66958, "avg_trip_duration": 1.363764, "total_trip_distance": 994087.75, "total_trip_duration": 11364.75, "total_freight_value": 149600916.0, "trip_transport_costs": 5927534.0, "cst_per_tonne": 29.0, "cst_per_tonne_km": 0.2164482500217467, "co2_tn": 2931.9155}], "LGA_22750": [{"industry": "wood_product", "sector": "wood_product", "trips_count": 18, "trailer_loads": 540.3237999999999, "tonnes": 10065.734, "tonne_kms": 3806371.0, "tonnes_per_trailer": 19.111109, "avg_trip_distance": 363.29993, "avg_trip_duration": 4.156537, "total_trip_distance": 182921.77, "total_trip_duration": 2089.7986, "total_freight_value": 18728676.0, "trip_transport_costs": 811738.0, "cst_per_tonne": 81.0, "cst_per_tonne_km": 0.2132578267401056, "co2_tn": 398.05768}], "LGA_24600": [{"industry": "vegetables", "sector": "horticulture", "trips_count": 27, "trailer_loads": 6.034531760000001, "tonnes": 120.69068, "tonne_kms": 49442.496, "tonnes_per_trailer": 20.000004, "avg_trip_distance": 61.04012, "avg_trip_duration": 0.6768472, "total_trip_distance": 1648.0831, "total_trip_duration": 18.274876, "total_freight_value": 362072.0, "trip_transport_costs": 9081.0, "cst_per_tonne": 75.0, "cst_per_tonne_km": 0.18366973610599874, "co2_tn": 4.877942}, {"industry": "wood_product", "sector": "wood_product", "trips_count": 47, "trailer_loads": 417.4767, "tonnes": 8349.535, "tonne_kms": 3531451.0, "tonnes_per_trailer": 20.0, "avg_trip_distance": 370.31763, "avg_trip_duration": 4.133825, "total_trip_distance": 145216.16, "total_trip_duration": 1620.0742, "total_freight_value": 41747670.0, "trip_transport_costs": 678729.0, "cst_per_tonne": 81.0, "cst_per_tonne_km": 0.19219553361352035, "co2_tn": 344.5667}], "LGA_25490": [{"industry": "grains", "sector": "cropping", "trips_count": 10, "trailer_loads": 32.5988, "tonnes": 749.772, "tonne_kms": 147427.75, "tonnes_per_trailer": 22.999989, "avg_trip_distance": 142.44226, "avg_trip_duration": 1.576651, "total_trip_distance": 4273.268, "total_trip_duration": 47.29953, "total_freight_value": 224932.0, "trip_transport_costs": 24471.0, "cst_per_tonne": 33.0, "cst_per_tonne_km": 0.1659892366107085, "co2_tn": 12.628526}, {"industry": "livestock", "sector": "livestock", "trips_count": 26, "trailer_loads": 627.4726999999999, "tonnes": 15080.0, "tonne_kms": 3044611.5, "tonnes_per_trailer": 22.192308, "avg_trip_distance": 180.04666, "avg_trip_duration": 1.9722012, "total_trip_distance": 84340.94, "total_trip_duration": 928.25134, "total_freight_value": 32746500.0, "trip_transport_costs": 480765.0, "cst_per_tonne": 32.0, "cst_per_tonne_km": 0.15790690526114745, "co2_tn": 249.06084}], "LGA_25900": [{"industry": "wood_product", "sector": "wood_product", "trips_count": 23, "trailer_loads": 150.0, "tonnes": 3000.0, "tonne_kms": 1256638.5, "tonnes_per_trailer": 20.0, "avg_trip_distance": 358.8504, "avg_trip_duration": 4.004897, "total_trip_distance": 41887.95, "total_trip_duration": 467.70233, "total_freight_value": 15000000.0, "trip_transport_costs": 230885.0, "cst_per_tonne": 77.0, "cst_per_tonne_km": 0.18373257134137025, "co2_tn": 124.06559}], "LGA_26730": [{"industry": "livestock", "sector": "livestock", "trips_count": 80, "trailer_loads": 726.8544999999997, "tonnes": 11160.0, "tonne_kms": 2081869.5, "tonnes_per_trailer": 12.350002, "avg_trip_distance": 184.37991, "avg_trip_duration": 2.0668879, "total_trip_distance": 91045.03, "total_trip_duration": 1017.5099, "total_freight_value": 60507500.0, "trip_transport_costs": 524298.0, "cst_per_tonne": 47.0, "cst_per_tonne_km": 0.25184011235060455, "co2_tn": 269.56732}], "LGA_27260": [{"industry": "vegetables", "sector": "horticulture", "trips_count": 24, "trailer_loads": 308.62732968, "tonnes": 6473.5894, "tonne_kms": 2547386.2, "tonnes_per_trailer": 20.624998, "avg_trip_distance": 154.72372, "avg_trip_duration": 1.7195857, "total_trip_distance": 80965.81, "total_trip_duration": 900.536, "total_freight_value": 28903327.0, "trip_transport_costs": 450585.0, "cst_per_tonne": 70.0, "cst_per_tonne_km": 0.17688123767976416, "co2_tn": 239.68823}, {"industry": "wood_product", "sector": "wood_product", "trips_count": 7, "trailer_loads": 35.0, "tonnes": 700.0, "tonne_kms": 279519.2, "tonnes_per_trailer": 20.0, "avg_trip_distance": 332.76096, "avg_trip_duration": 3.7280953, "total_trip_distance": 9317.307, "total_trip_duration": 104.386665, "total_freight_value": 3500000.0, "trip_transport_costs": 51546.0, "cst_per_tonne": 74.0, "cst_per_tonne_km": 0.18440844855071442, "co2_tn": 27.612295}], "LGA_27350": [{"industry": "wood_product", "sector": "wood_product", "trips_count": 11, "trailer_loads": 171.7875, "tonnes": 3435.752, "tonne_kms": 1453585.6, "tonnes_per_trailer": 20.000004, "avg_trip_distance": 376.8731, "avg_trip_duration": 4.226661, "total_trip_distance": 119842.09, "total_trip_duration": 1337.7076, "total_freight_value": 17178750.0, "trip_transport_costs": 345612.0, "cst_per_tonne": 101.0, "cst_per_tonne_km": 0.23776490225195282, "co2_tn": 132.83794}], "LGA_31000": [{"industry": "vegetables", "sector": "horticulture", "trips_count": 17, "trailer_loads": 224.2762421, "tonnes": 4707.6104, "tonne_kms": 10004670.0, "tonnes_per_trailer": 20.88235, "avg_trip_distance": 658.9707, "avg_trip_duration": 7.076443, "total_trip_distance": 254840.94, "total_trip_duration": 2737.0278, "total_freight_value": 21118531.0, "trip_transport_costs": 1476180.0, "cst_per_tonne": 314.0, "cst_per_tonne_km": 0.1475490966623128, "co2_tn": 805.4691}], "LGA_40120": [{"industry": "livestock", "sector": "livestock", "trips_count": 26, "trailer_loads": 620.4000000000001, "tonnes": 13980.0, "tonne_kms": 6183542.5, "tonnes_per_trailer": 16.346153, "avg_trip_distance": 287.8229, "avg_trip_duration": 3.0619607, "total_trip_distance": 158562.81, "total_trip_duration": 1687.8079, "total_freight_value": 30936000.0, "trip_transport_costs": 904144.0, "cst_per_tonne": 65.0, "cst_per_tonne_km": 0.14621784349532954, "co2_tn": 485.5195}], "LGA_40220": [{"industry": "livestock", "sector": "livestock", "trips_count": 28, "trailer_loads": 1176.4000000000005, "tonnes": 29360.0, "tonne_kms": 12973467.0, "tonnes_per_trailer": 24.642857, "avg_trip_distance": 287.0811, "avg_trip_duration": 3.0567656, "total_trip_distance": 299073.88,