{"orig_lga": "LGA_41190", "orig_name": "Cleve (DC)", "orig_state": "SA", "fetched_at": "2026-03-12T07:01:40.427297+00:00", "destinations": {"LGA_41190": [{"industry": "grains", "sector": "cropping", "trips_count": 135, "trailer_loads": 3166.6905199999933, "tonnes": 79159.14, "tonne_kms": 2128292.8, "tonnes_per_trailer": 24.98519, "avg_trip_distance": 25.756805, "avg_trip_duration": 0.28469646, "total_trip_distance": 54932.33, "total_trip_duration": 603.907, "total_freight_value": 34136511.0, "trip_transport_costs": 494930.0, "cst_per_tonne": 6.0, "cst_per_tonne_km": 0.23254774375517104, "co2_tn": 162.91412}, {"industry": "waste", "sector": "waste", "trips_count": 7, "trailer_loads": 183.6, "tonnes": 1836.0, "tonne_kms": 16379.668, "tonnes_per_trailer": 10.0, "avg_trip_distance": 10.285377, "avg_trip_duration": 0.11703464, "total_trip_distance": 1637.9669, "total_trip_duration": 18.849564, "total_freight_value": 183600.0, "trip_transport_costs": 18488.0, "cst_per_tonne": 10.0, "cst_per_tonne_km": 1.128735006212447, "co2_tn": 3.679475}], "LGA_42110": [{"industry": "grains", "sector": "cropping", "trips_count": 6, "trailer_loads": 24.44832, "tonnes": 562.311, "tonne_kms": 255543.36, "tonnes_per_trailer": 22.999985, "avg_trip_distance": 294.9451, "avg_trip_duration": 3.411534, "total_trip_distance": 5690.746, "total_trip_duration": 65.408485, "total_freight_value": 168694.0, "trip_transport_costs": 36238.0, "cst_per_tonne": 64.0, "cst_per_tonne_km": 0.1418059270916292, "co2_tn": 18.779112}], "LGA_43710": [{"industry": "grains", "sector": "cropping", "trips_count": 77, "trailer_loads": 1965.1983399999997, "tonnes": 47916.445, "tonne_kms": 6476304.5, "tonnes_per_trailer": 24.428562, "avg_trip_distance": 123.36272, "avg_trip_duration": 1.2754151, "total_trip_distance": 132538.1, "total_trip_duration": 1370.1593, "total_freight_value": 24582839.0, "trip_transport_costs": 895390.0, "cst_per_tonne": 19.0, "cst_per_tonne_km": 0.13825628258124362, "co2_tn": 438.77356}], "LGA_48130": [{"industry": "grains", "sector": "cropping", "trips_count": 18, "trailer_loads": 399.98564, "tonnes": 9835.676, "tonne_kms": 2884546.2, "tonnes_per_trailer": 24.499992, "avg_trip_distance": 269.69656, "avg_trip_duration": 3.3284771, "total_trip_distance": 59606.32, "total_trip_duration": 799.87726, "total_freight_value": 3715735.0, "trip_transport_costs": 418135.0, "cst_per_tonne": 43.0, "cst_per_tonne_km": 0.14495705929377106, "co2_tn": 224.19176}]}}