{"orig_lga": "LGA_40310", "orig_name": "Barossa (DC)", "orig_state": "SA", "fetched_at": "2026-03-12T06:48:11.457913+00:00", "destinations": {"LGA_40310": [{"industry": "viticulture", "sector": "horticulture", "trips_count": 171, "trailer_loads": 2342.7388899999964, "tonnes": 46854.777, "tonne_kms": 492813.53, "tonnes_per_trailer": 20.0, "avg_trip_distance": 10.950819, "avg_trip_duration": 0.15769549, "total_trip_distance": 21619.443, "total_trip_duration": 318.7167, "total_freight_value": 187419890.0, "trip_transport_costs": 254016.0, "cst_per_tonne": 5.0, "cst_per_tonne_km": 0.5154402192803352, "co2_tn": 55.13899}, {"industry": "waste", "sector": "waste", "trips_count": 12, "trailer_loads": 259.2, "tonnes": 2592.0, "tonne_kms": 51234.984, "tonnes_per_trailer": 10.0, "avg_trip_distance": 19.40719, "avg_trip_duration": 0.24710046, "total_trip_distance": 5123.4985, "total_trip_duration": 65.23452, "total_freight_value": 259200.0, "trip_transport_costs": 39097.0, "cst_per_tonne": 15.0, "cst_per_tonne_km": 0.7630891603263944, "co2_tn": 11.651228}], "LGA_44210": [{"industry": "waste", "sector": "waste", "trips_count": 34, "trailer_loads": 984.9600000000004, "tonnes": 9849.6, "tonne_kms": 210254.02, "tonnes_per_trailer": 10.0, "avg_trip_distance": 16.044527, "avg_trip_duration": 0.20258507, "total_trip_distance": 16119.444, "total_trip_duration": 197.29897, "total_freight_value": 984960.0, "trip_transport_costs": 142098.0, "cst_per_tonne": 14.0, "cst_per_tonne_km": 0.6758384466144634, "co2_tn": 42.133713}], "LGA_45890": [{"industry": "alcohol_beverage", "sector": "beverage", "trips_count": 20, "trailer_loads": 5254.187900000001, "tonnes": 109593.67, "tonne_kms": 8819082.0, "tonnes_per_trailer": 20.79999, "avg_trip_distance": 74.35802, "avg_trip_duration": 0.8401441, "total_trip_distance": 260185.61, "total_trip_duration": 2950.608, "total_freight_value": 1538374756.0, "trip_transport_costs": 1735711.0, "cst_per_tonne": 16.0, "cst_per_tonne_km": 0.19681316661735598, "co2_tn": 797.9208}, {"industry": "grains", "sector": "cropping", "trips_count": 8, "trailer_loads": 45.84345179999999, "tonnes": 1145.9913, "tonne_kms": 72311.875, "tonnes_per_trailer": 24.374989, "avg_trip_distance": 54.079166, "avg_trip_duration": 0.6245891, "total_trip_distance": 1447.019, "total_trip_duration": 17.837889, "total_freight_value": 429939.0, "trip_transport_costs": 11638.0, "cst_per_tonne": 10.0, "cst_per_tonne_km": 0.16094559568183375, "co2_tn": 4.9180875}, {"industry": "fruit", "sector": "horticulture", "trips_count": 18, "trailer_loads": 2.9586797299999996, "tonnes": 49.249123, "tonne_kms": 2638.7852, "tonnes_per_trailer": 15.833315, "avg_trip_distance": 6.7422767, "avg_trip_duration": 0.08410987, "total_trip_distance": 121.36098, "total_trip_duration": 1.5139778, "total_freight_value": 398887.0, "trip_transport_costs": 807.0, "cst_per_tonne": 16.0, "cst_per_tonne_km": 0.30568428992930047, "co2_tn": 0.3343158}, {"industry": "livestock", "sector": "livestock", "trips_count": 9, "trailer_loads": 45.0, "tonnes": 900.0, "tonne_kms": 58542.6, "tonnes_per_trailer": 20.0, "avg_trip_distance": 54.206112, "avg_trip_duration": 0.63874227, "total_trip_distance": 1697.1967, "total_trip_duration": 20.003626, "total_freight_value": 1350000.0, "trip_transport_costs": 12364.0, "cst_per_tonne": 14.0, "cst_per_tonne_km": 0.2112009831282055, "co2_tn": 5.370395}, {"industry": "wood_product", "sector": "wood_product", "trips_count": 46, "trailer_loads": 494.666849, "tonnes": 12366.678, "tonne_kms": 756107.44, "tonnes_per_trailer": 25.000015, "avg_trip_distance": 51.39558, "avg_trip_duration": 0.6878037, "total_trip_distance": 20162.865, "total_trip_duration": 266.25296, "total_freight_value": 17313326.0, "trip_transport_costs": 142083.0, "cst_per_tonne": 11.0, "cst_per_tonne_km": 0.18791345630311201, "co2_tn": 61.5338}], "LGA_47140": [{"industry": "fruit", "sector": "horticulture", "trips_count": 24, "trailer_loads": 1.4457362999999999, "tonnes": 21.327103, "tonne_kms": 1307.0571, "tonnes_per_trailer": 14.58333, "avg_trip_distance": 2.4561667, "avg_trip_duration": 0.028057897, "total_trip_distance": 58.948006, "total_trip_duration": 0.67338955, "total_freight_value": 120471.0, "trip_transport_costs": 408.0, "cst_per_tonne": 19.0, "cst_per_tonne_km": 0.3120213938893451, "co2_tn": 0.17567119}]}}