{"orig_lga": "LGA_40520", "orig_name": "Berri and Barmera (DC)", "orig_state": "SA", "fetched_at": "2026-03-12T06:49:53.860679+00:00", "destinations": {"LGA_31000": [{"industry": "fruit", "sector": "horticulture", "trips_count": 98, "trailer_loads": 40.112912359999996, "tonnes": 734.11566, "tonne_kms": 1348241.6, "tonnes_per_trailer": 17.500004, "avg_trip_distance": 211.21533, "avg_trip_duration": 2.27209, "total_trip_distance": 39685.41, "total_trip_duration": 427.44467, "total_freight_value": 3749278.0, "trip_transport_costs": 231309.0, "cst_per_tonne": 315.0, "cst_per_tonne_km": 0.1715638022243238, "co2_tn": 125.50262}, {"industry": "vegetables", "sector": "horticulture", "trips_count": 30, "trailer_loads": 120.08424209999998, "tonnes": 2521.7712, "tonne_kms": 4676553.0, "tonnes_per_trailer": 21.000006, "avg_trip_distance": 617.2218, "avg_trip_duration": 6.659823, "total_trip_distance": 121094.19, "total_trip_duration": 1306.4592, "total_freight_value": 11347967.0, "trip_transport_costs": 702488.0, "cst_per_tonne": 279.0, "cst_per_tonne_km": 0.15021499527756935, "co2_tn": 379.12198}]}}