{"orig_lga": "LGA_45340", "orig_name": "Onkaparinga (C)", "orig_state": "SA", "fetched_at": "2026-03-12T07:36:07.036349+00:00", "destinations": {"LGA_40120": [{"industry": "meat", "sector": "cold_food", "trips_count": 9, "trailer_loads": 73.73885000000001, "tonnes": 1327.301, "tonne_kms": 60645.48, "tonnes_per_trailer": 18.00002, "avg_trip_distance": 41.450043, "avg_trip_duration": 0.5329358, "total_trip_distance": 3369.1934, "total_trip_duration": 43.47937, "total_freight_value": 23891401.0, "trip_transport_costs": 20014.0, "cst_per_tonne": 15.0, "cst_per_tonne_km": 0.33001346178607316, "co2_tn": 7.571682}, {"industry": "waste", "sector": "waste", "trips_count": 71, "trailer_loads": 1533.5999999999985, "tonnes": 15336.0, "tonne_kms": 238747.17, "tonnes_per_trailer": 10.0, "avg_trip_distance": 15.28471, "avg_trip_duration": 0.24691667, "total_trip_distance": 23874.717, "total_trip_duration": 385.68384, "total_freight_value": 1533600.0, "trip_transport_costs": 211837.0, "cst_per_tonne": 14.0, "cst_per_tonne_km": 0.8872844566049832, "co2_tn": 56.78999}], "LGA_40220": [{"industry": "livestock", "sector": "livestock", "trips_count": 9, "trailer_loads": 241.0, "tonnes": 5900.0, "tonne_kms": 119839.76, "tonnes_per_trailer": 22.777779, "avg_trip_distance": 23.94532, "avg_trip_duration": 0.30029166, "total_trip_distance": 4785.3105, "total_trip_duration": 63.642803, "total_freight_value": 9717500.0, "trip_transport_costs": 36901.0, "cst_per_tonne": 6.0, "cst_per_tonne_km": 0.3079177004975524, "co2_tn": 11.087053}], "LGA_44550": [], "LGA_45340": [{"industry": "meat", "sector": "cold_food", "trips_count": 20, "trailer_loads": 470.12945, "tonnes": 6762.3647, "tonne_kms": 77701.86, "tonnes_per_trailer": 16.5, "avg_trip_distance": 11.801951, "avg_trip_duration": 0.16712633, "total_trip_distance": 5166.286, "total_trip_duration": 71.31608, "total_freight_value": 68683616.0, "trip_transport_costs": 53327.0, "cst_per_tonne": 8.0, "cst_per_tonne_km": 0.6863086741031779, "co2_tn": 11.789935}, {"industry": "viticulture", "sector": "horticulture", "trips_count": 35, "trailer_loads": 514.2437800000005, "tonnes": 10284.851, "tonne_kms": 192189.17, "tonnes_per_trailer": 19.999943, "avg_trip_distance": 17.78821, "avg_trip_duration": 0.2557827, "total_trip_distance": 6875.6436, "total_trip_duration": 99.37865, "total_freight_value": 41139353.0, "trip_transport_costs": 69822.0, "cst_per_tonne": 7.0, "cst_per_tonne_km": 0.3632979044536971, "co2_tn": 20.288225}, {"industry": "waste", "sector": "waste", "trips_count": 292, "trailer_loads": 7888.320000000025, "tonnes": 78883.2, "tonne_kms": 734851.1, "tonnes_per_trailer": 10.0, "avg_trip_distance": 7.8744025, "avg_trip_duration": 0.118877105, "total_trip_distance": 73485.11, "total_trip_duration": 1053.5975, "total_freight_value": 7888320.0, "trip_transport_costs": 830771.0, "cst_per_tonne": 11.0, "cst_per_tonne_km": 1.1305291932922235, "co2_tn": 169.10628}], "LGA_45890": [{"industry": "meat", "sector": "cold_food", "trips_count": 7, "trailer_loads": 224.6689, "tonnes": 3692.3254, "tonne_kms": 192902.12, "tonnes_per_trailer": 14.42859, "avg_trip_distance": 51.400482, "avg_trip_duration": 0.70856196, "total_trip_distance": 7810.549, "total_trip_duration": 109.72731, "total_freight_value": 55488289.0, "trip_transport_costs": 58515.0, "cst_per_tonne": 16.0, "cst_per_tonne_km": 0.3033414507446134, "co2_tn": 23.953695}, {"industry": "vegetables", "sector": "horticulture", "trips_count": 7, "trailer_loads": 0.6654494, "tonnes": 10.646239, "tonne_kms": 582.04803, "tonnes_per_trailer": 18.571438, "avg_trip_distance": 3.4982271, "avg_trip_duration": 0.048694268, "total_trip_distance": 24.487589, "total_trip_duration": 0.3408599, "total_freight_value": 51432.0, "trip_transport_costs": 181.0, "cst_per_tonne": 17.0, "cst_per_tonne_km": 0.31121807871456614, "co2_tn": 0.07483015}, {"industry": "fruit", "sector": "horticulture", "trips_count": 14, "trailer_loads": 6.1586651, "tonnes": 109.03728, "tonne_kms": 6512.699, "tonnes_per_trailer": 16.928576, "avg_trip_distance": 7.122114, "avg_trip_duration": 0.1017236, "total_trip_distance": 246.83269, "total_trip_duration": 3.5489035, "total_freight_value": 1063092.0, "trip_transport_costs": 1777.0, "cst_per_tonne": 16.0, "cst_per_tonne_km": 0.27283882610600435, "co2_tn": 0.75893784}, {"industry": "wood_product", "sector": "wood_product", "trips_count": 7, "trailer_loads": 20.666698, "tonnes": 516.66705, "tonne_kms": 26741.904, "tonnes_per_trailer": 25.000023, "avg_trip_distance": 29.323236, "avg_trip_duration": 0.45715398, "total_trip_distance": 1062.3984, "total_trip_duration": 16.736706, "total_freight_value": 723333.0, "trip_transport_costs": 6443.0, "cst_per_tonne": 12.0, "cst_per_tonne_km": 0.24091657475146722, "co2_tn": 2.5303915}], "LGA_48410": [{"industry": "viticulture", "sector": "horticulture", "trips_count": 9, "trailer_loads": 121.8618, "tonnes": 2437.227, "tonne_kms": 95698.805, "tonnes_per_trailer": 19.999926, "avg_trip_distance": 35.444, "avg_trip_duration": 0.47557688, "total_trip_distance": 3189.96, "total_trip_duration": 42.801918, "total_freight_value": 9748890.0, "trip_transport_costs": 25234.0, "cst_per_tonne": 10.0, "cst_per_tonne_km": 0.2636830156496042, "co2_tn": 9.718226}, {"industry": "waste", "sector": "waste", "trips_count": 6, "trailer_loads": 129.6, "tonnes": 1296.0, "tonne_kms": 15240.744, "tonnes_per_trailer": 10.0, "avg_trip_distance": 11.546019, "avg_trip_duration": 0.20362909, "total_trip_distance": 1524.0745, "total_trip_duration": 26.87904, "total_freight_value": 129600.0, "trip_transport_costs": 15733.0, "cst_per_tonne": 12.0, "cst_per_tonne_km": 1.032318363438056, "co2_tn": 3.6814425}]}}