{"orig_lga": "LGA_42110", "orig_name": "Goyder (DC)", "orig_state": "SA", "fetched_at": "2026-03-12T07:11:36.321891+00:00", "destinations": {"LGA_40120": [{"industry": "grains", "sector": "cropping", "trips_count": 13, "trailer_loads": 119.86260000000003, "tonnes": 2756.8445, "tonne_kms": 515724.9, "tonnes_per_trailer": 23.000044, "avg_trip_distance": 147.98514, "avg_trip_duration": 1.7029308, "total_trip_distance": 12106.815, "total_trip_duration": 138.91417, "total_freight_value": 827052.0, "trip_transport_costs": 78595.0, "cst_per_tonne": 29.0, "cst_per_tonne_km": 0.15239737526310812, "co2_tn": 40.119682}, {"industry": "livestock", "sector": "livestock", "trips_count": 12, "trailer_loads": 72.0, "tonnes": 720.0, "tonne_kms": 94549.195, "tonnes_per_trailer": 10.0, "avg_trip_distance": 131.31833, "avg_trip_duration": 1.5191889, "total_trip_distance": 6303.28, "total_trip_duration": 72.92107, "total_freight_value": 7200000.0, "trip_transport_costs": 38173.0, "cst_per_tonne": 53.0, "cst_per_tonne_km": 0.403736200346926, "co2_tn": 18.820698}], "LGA_40220": [{"industry": "grains", "sector": "cropping", "trips_count": 53, "trailer_loads": 517.2964999999995, "tonnes": 12010.416, "tonne_kms": 2957107.5, "tonnes_per_trailer": 23.113245, "avg_trip_distance": 212.15163, "avg_trip_duration": 2.3896592, "total_trip_distance": 81694.93, "total_trip_duration": 918.1767, "total_freight_value": 3757906.0, "trip_transport_costs": 471400.0, "cst_per_tonne": 39.0, "cst_per_tonne_km": 0.15941255236720978, "co2_tn": 245.93002}, {"industry": "livestock", "sector": "livestock", "trips_count": 18, "trailer_loads": 90.0, "tonnes": 1800.0, "tonne_kms": 408195.0, "tonnes_per_trailer": 20.0, "avg_trip_distance": 188.97916, "avg_trip_duration": 2.1322253, "total_trip_distance": 13606.5, "total_trip_duration": 153.52022, "total_freight_value": 3879000.0, "trip_transport_costs": 77632.0, "cst_per_tonne": 43.0, "cst_per_tonne_km": 0.19018318977066725, "co2_tn": 40.471924}], "LGA_40310": [{"industry": "grains", "sector": "cropping", "trips_count": 17, "trailer_loads": 156.74340000000004, "tonnes": 3605.1042, "tonne_kms": 446423.12, "tonnes_per_trailer": 23.000044, "avg_trip_distance": 111.15469, "avg_trip_duration": 1.259182, "total_trip_distance": 11501.759, "total_trip_duration": 130.12994, "total_freight_value": 1081530.0, "trip_transport_costs": 73783.0, "cst_per_tonne": 20.0, "cst_per_tonne_km": 0.16527577777073885, "co2_tn": 35.88045}], "LGA_41060": [{"industry": "food", "sector": "food", "trips_count": 26, "trailer_loads": 151.56429899999998, "tonnes": 1458.6296, "tonne_kms": 157683.89, "tonnes_per_trailer": 13.250012, "avg_trip_distance": 87.87801, "avg_trip_duration": 0.958962, "total_trip_distance": 15273.517, "total_trip_duration": 166.89076, "total_freight_value": 6731180.0, "trip_transport_costs": 76831.0, "cst_per_tonne": 53.0, "cst_per_tonne_km": 0.4872442031544933, "co2_tn": 35.25904}], "LGA_41140": [{"industry": "grains", "sector": "cropping", "trips_count": 15, "trailer_loads": 226.79032999999995, "tonnes": 5632.8765, "tonne_kms": 304847.3, "tonnes_per_trailer": 24.733316, "avg_trip_distance": 50.690834, "avg_trip_duration": 0.5507315, "total_trip_distance": 7676.972, "total_trip_duration": 83.74001, "total_freight_value": 2245280.0, "trip_transport_costs": 55674.0, "cst_per_tonne": 10.0, "cst_per_tonne_km": 0.18262899641024172, "co2_tn": 22.90774}, {"industry": "food", "sector": "food", "trips_count": 6, "trailer_loads": 10.527267, "tonnes": 106.2948, "tonne_kms": 4370.913, "tonnes_per_trailer": 13.250024, "avg_trip_distance": 33.337383, "avg_trip_duration": 0.38853335, "total_trip_distance": 431.03983, "total_trip_duration": 5.0216103, "total_freight_value": 460610.0, "trip_transport_costs": 2544.0, "cst_per_tonne": 24.0, "cst_per_tonne_km": 0.5819987009349138, "co2_tn": 0.95816314}, {"industry": "waste", "sector": "waste", "trips_count": 8, "trailer_loads": 172.79999999999998, "tonnes": 1728.0, "tonne_kms": 98759.086, "tonnes_per_trailer": 10.0, "avg_trip_distance": 56.113117, "avg_trip_duration": 0.6283616, "total_trip_distance": 9875.909, "total_trip_duration": 110.59164, "total_freight_value": 172800.0, "trip_transport_costs": 53118.0, "cst_per_tonne": 31.0, "cst_per_tonne_km": 0.5378533753183944, "co2_tn": 21.958038}], "LGA_42110": [{"industry": "grains", "sector": "cropping", "trips_count": 45, "trailer_loads": 947.8765999999993, "tonnes": 23051.516, "tonne_kms": 520446.84, "tonnes_per_trailer": 23.444475, "avg_trip_distance": 46.639286, "avg_trip_duration": 0.49867803, "total_trip_distance": 12875.73, "total_trip_duration": 145.13788, "total_freight_value": 8459622.0, "trip_transport_costs": 132874.0, "cst_per_tonne": 6.0, "cst_per_tonne_km": 0.2553081372375685, "co2_tn": 40.57258}, {"industry": "livestock", "sector": "livestock", "trips_count": 8, "trailer_loads": 40.0, "tonnes": 800.0, "tonne_kms": 17670.5, "tonnes_per_trailer": 20.0, "avg_trip_distance": 19.052958, "avg_trip_duration": 0.203375, "total_trip_distance": 608.26917, "total_trip_duration": 6.4877777, "total_freight_value": 1724000.0, "trip_transport_costs": 5757.0, "cst_per_tonne": 7.0, "cst_per_tonne_km": 0.3257690923619607, "co2_tn": 1.7385143}], "LGA_42250": [{"industry": "grains", "sector": "cropping", "trips_count": 9, "trailer_loads": 82.9818, "tonnes": 1908.5847, "tonne_kms": 1069769.1, "tonnes_per_trailer": 23.000044, "avg_trip_distance": 356.93692, "avg_trip_duration": 3.8770761, "total_trip_distance": 23787.562, "total_trip_duration": 258.30734, "total_freight_value": 572575.0, "trip_transport_costs": 151080.0, "cst_per_tonne": 79.0, "cst_per_tonne_km": 0.14122645863248764, "co2_tn": 78.01722}], "LGA_43790": [{"industry": "grains", "sector": "cropping", "trips_count": 23, "trailer_loads": 398.2546599999999, "tonnes": 9708.13, "tonne_kms": 2059989.2, "tonnes_per_trailer": 24.217405, "avg_trip_distance": 194.67448, "avg_trip_duration": 2.0430973, "total_trip_distance": 49587.55, "total_trip_duration": 520.9457, "total_freight_value": 3749568.0, "trip_transport_costs": 294735.0, "cst_per_tonne": 30.0, "cst_per_tonne_km": 0.14307621500634043, "co2_tn": 154.1479}], "LGA_43920": [{"industry": "grains", "sector": "cropping", "trips_count": 12, "trailer_loads": 168.11220000000003, "tonnes": 4010.2146, "tonne_kms": 557810.6, "tonnes_per_trailer": 23.416693, "avg_trip_distance": 146.07953, "avg_trip_duration": 1.5991572, "total_trip_distance": 12534.342, "total_trip_duration": 138.84335, "total_freight_value": 1449619.0, "trip_transport_costs": 83192.0, "cst_per_tonne": 21.0, "cst_per_tonne_km": 0.14914040458609384, "co2_tn": 40.82282}, {"industry": "livestock", "sector": "livestock", "trips_count": 19, "trailer_loads": 96.0, "tonnes": 1540.0, "tonne_kms": 217871.08, "tonnes_per_trailer": 16.526316, "avg_trip_distance": 123.41194, "avg_trip_duration": 1.3434006, "total_trip_distance": 7155.082, "total_trip_duration": 78.019905, "total_freight_value": 6235600.0, "trip_transport_costs": 47123.0, "cst_per_tonne": 31.0, "cst_per_tonne_km": 0.21628952161870169, "co2_tn": 23.195007}], "LGA_44060": [{"industry": "food", "sector": "food", "trips_count": 24, "trailer_loads": 186.11791800000006, "tonnes": 1920.0498, "tonne_kms": 227715.77, "tonnes_per_trailer": 13.250001, "avg_trip_distance": 105.92371, "avg_trip_duration": 1.2049199, "total_trip_distance": 22051.832, "total_trip_duration": 251.51836, "total_freight_value": 8086743.0, "trip_transport_costs": 106889.0, "cst_per_tonne": 56.0, "cst_per_tonne_km": 0.46939523256025595, "co2_tn": 48.792812}], "LGA_44210": [{"industry": "grains", "sector": "cropping", "trips_count": 12, "trailer_loads": 138.9445, "tonnes": 3344.534, "tonne_kms": 626939.0, "tonnes_per_trailer": 23.833363, "avg_trip_distance": 157.92165, "avg_trip_duration": 1.7991496, "total_trip_distance": 14423.953, "total_trip_duration": 164.53308, "total_freight_value": 1119738.0, "trip_transport_costs": 92440.0, "cst_per_tonne": 28.0, "cst_per_tonne_km": 0.14744624090720948,