{"orig_lga": "LGA_43710", "orig_name": "Lower Eyre Peninsula (DC)", "orig_state": "SA", "fetched_at": "2026-03-12T07:25:06.262639+00:00", "destinations": {"LGA_42110": [{"industry": "grains", "sector": "cropping", "trips_count": 10, "trailer_loads": 59.272, "tonnes": 1363.2601, "tonne_kms": 782118.5, "tonnes_per_trailer": 23.000067, "avg_trip_distance": 566.7525, "avg_trip_duration": 5.879724, "total_trip_distance": 17002.576, "total_trip_duration": 176.39172, "total_freight_value": 408977.0, "trip_transport_costs": 107117.0, "cst_per_tonne": 79.0, "cst_per_tonne_km": 0.13695792786075575, "co2_tn": 56.138054}], "LGA_43710": [{"industry": "grains", "sector": "cropping", "trips_count": 185, "trailer_loads": 7241.701099999983, "tonnes": 177368.23, "tonne_kms": 4053539.0, "tonnes_per_trailer": 24.556757, "avg_trip_distance": 26.537294, "avg_trip_duration": 0.29837316, "total_trip_distance": 106274.49, "total_trip_duration": 1189.2524, "total_freight_value": 92498282.0, "trip_transport_costs": 1029232.0, "cst_per_tonne": 6.0, "cst_per_tonne_km": 0.25390948821251086, "co2_tn": 316.4256}, {"industry": "waste", "sector": "waste", "trips_count": 10, "trailer_loads": 215.99999999999997, "tonnes": 2160.0, "tonne_kms": 28728.648, "tonnes_per_trailer": 10.0, "avg_trip_distance": 13.058476, "avg_trip_duration": 0.155664, "total_trip_distance": 2872.8647, "total_trip_duration": 34.24608, "total_freight_value": 216000.0, "trip_transport_costs": 26030.0, "cst_per_tonne": 12.0, "cst_per_tonne_km": 0.9060495029324771, "co2_tn": 6.4955726}], "LGA_46300": [{"industry": "grains", "sector": "cropping", "trips_count": 57, "trailer_loads": 22198.915619999996, "tonnes": 543745.3, "tonne_kms": 34598512.0, "tonnes_per_trailer": 24.736841, "avg_trip_distance": 69.45612, "avg_trip_duration": 0.77644897, "total_trip_distance": 720908.75, "total_trip_duration": 8142.168, "total_freight_value": 290436562.0, "trip_transport_costs": 5592068.0, "cst_per_tonne": 10.0, "cst_per_tonne_km": 0.1616274269172779, "co2_tn": 2392.7695}, {"industry": "food", "sector": "food", "trips_count": 8, "trailer_loads": 29.063741999999998, "tonnes": 274.0607, "tonne_kms": 17331.635, "tonnes_per_trailer": 13.250004, "avg_trip_distance": 45.952946, "avg_trip_duration": 0.49932706, "total_trip_distance": 1838.6492, "total_trip_duration": 20.318003, "total_freight_value": 1298599.0, "trip_transport_costs": 9709.0, "cst_per_tonne": 35.0, "cst_per_tonne_km": 0.5602133260464773, "co2_tn": 4.0734067}, {"industry": "waste", "sector": "waste", "trips_count": 9, "trailer_loads": 233.27999999999997, "tonnes": 2332.8, "tonne_kms": 56853.188, "tonnes_per_trailer": 10.0, "avg_trip_distance": 20.001295, "avg_trip_duration": 0.2543931, "total_trip_distance": 4790.033, "total_trip_duration": 59.40895, "total_freight_value": 233280.0, "trip_transport_costs": 37660.0, "cst_per_tonne": 16.0, "cst_per_tonne_km": 0.6624038474817541, "co2_tn": 12.254308}], "LGA_47910": [{"industry": "grains", "sector": "cropping", "trips_count": 43, "trailer_loads": 1635.6930400000003, "tonnes": 40499.67, "tonne_kms": 2859279.2, "tonnes_per_trailer": 24.72093, "avg_trip_distance": 71.25779, "avg_trip_duration": 0.7496107, "total_trip_distance": 58640.84, "total_trip_duration": 614.8318, "total_freight_value": 20006835.0, "trip_transport_costs": 441593.0, "cst_per_tonne": 11.0, "cst_per_tonne_km": 0.15444219151229283, "co2_tn": 192.79694}], "LGA_48130": [{"industry": "grains", "sector": "cropping", "trips_count": 20, "trailer_loads": 487.18300000000033, "tonnes": 12060.983, "tonne_kms": 4799501.0, "tonnes_per_trailer": 24.15002, "avg_trip_distance": 328.7304, "avg_trip_duration": 4.258345, "total_trip_distance": 97676.79, "total_trip_duration": 1260.5635, "total_freight_value": 4640345.0, "trip_transport_costs": 692359.0, "cst_per_tonne": 57.0, "cst_per_tonne_km": 0.1442564046347279, "co2_tn": 360.38037}], "LGA_70620": [{"industry": "food", "sector": "food", "trips_count": 16, "trailer_loads": 11.164589000000001, "tonnes": 99.33381, "tonne_kms": 178343.9, "tonnes_per_trailer": 13.250014, "avg_trip_distance": 829.681, "avg_trip_duration": 8.577536, "total_trip_distance": 20018.28, "total_trip_duration": 205.34772, "total_freight_value": 507102.0, "trip_transport_costs": 89424.0, "cst_per_tonne": 900.0, "cst_per_tonne_km": 0.5014146355279608, "co2_tn": 43.860573}]}}