{"orig_lga": "LGA_41560", "orig_name": "Copper Coast (DC)", "orig_state": "SA", "fetched_at": "2026-03-12T07:03:21.194606+00:00", "destinations": {"LGA_40430": [{"industry": "chemicals", "sector": "chemicals", "trips_count": 11, "trailer_loads": 23.992080000000005, "tonnes": 575.81036, "tonne_kms": 24178.957, "tonnes_per_trailer": 24.000027, "avg_trip_distance": 30.083914, "avg_trip_duration": 0.35077897, "total_trip_distance": 657.43445, "total_trip_duration": 7.7591233, "total_freight_value": 489438.0, "trip_transport_costs": 5075.0, "cst_per_tonne": 9.0, "cst_per_tonne_km": 0.2099041829898577, "co2_tn": 1.9942403}], "LGA_41190": [{"industry": "chemicals", "sector": "chemicals", "trips_count": 7, "trailer_loads": 12.501211999999999, "tonnes": 300.0293, "tonne_kms": 41797.094, "tonnes_per_trailer": 24.00001, "avg_trip_distance": 68.07306, "avg_trip_duration": 1.5622455, "total_trip_distance": 746.1544, "total_trip_duration": 17.827791, "total_freight_value": 255025.0, "trip_transport_costs": 8161.0, "cst_per_tonne": 27.0, "cst_per_tonne_km": 0.19524870798573365, "co2_tn": 4.276791}, {"industry": "grains", "sector": "cropping", "trips_count": 7, "trailer_loads": 260.0583, "tonnes": 6501.452, "tonne_kms": 991913.9, "tonnes_per_trailer": 24.999989, "avg_trip_distance": 102.177246, "avg_trip_duration": 2.3112998, "total_trip_distance": 18038.695, "total_trip_duration": 406.07147, "total_freight_value": 2796870.0, "trip_transport_costs": 183170.0, "cst_per_tonne": 28.0, "cst_per_tonne_km": 0.18466341064011227, "co2_tn": 96.56961}], "LGA_41560": [{"industry": "chemicals", "sector": "chemicals", "trips_count": 12, "trailer_loads": 234.2904100000001, "tonnes": 5622.9775, "tonne_kms": 12908.929, "tonnes_per_trailer": 24.000017, "avg_trip_distance": 9.842462, "avg_trip_duration": 0.13351576, "total_trip_distance": 427.14218, "total_trip_duration": 7.105183, "total_freight_value": 4779531.0, "trip_transport_costs": 16943.0, "cst_per_tonne": 3.0, "cst_per_tonne_km": 1.3125385957651192, "co2_tn": 1.2285703}, {"industry": "grains", "sector": "cropping", "trips_count": 67, "trailer_loads": 16176.112799999997, "tonnes": 404402.3, "tonne_kms": 1474313.6, "tonnes_per_trailer": 24.999987, "avg_trip_distance": 13.891026, "avg_trip_duration": 0.17001957, "total_trip_distance": 50371.47, "total_trip_duration": 861.2116, "total_freight_value": 168910654.0, "trip_transport_costs": 1278720.0, "cst_per_tonne": 3.0, "cst_per_tonne_km": 0.8673323588544466, "co2_tn": 138.90569}, {"industry": "waste", "sector": "waste", "trips_count": 38, "trailer_loads": 1434.2400000000002, "tonnes": 14342.4, "tonne_kms": 146568.83, "tonnes_per_trailer": 10.0, "avg_trip_distance": 10.858019, "avg_trip_duration": 0.15401787, "total_trip_distance": 14656.883, "total_trip_duration": 192.97836, "total_freight_value": 1434240.0, "trip_transport_costs": 156097.0, "cst_per_tonne": 11.0, "cst_per_tonne_km": 1.0650073635879793, "co2_tn": 33.624046}], "LGA_42110": [{"industry": "chemicals", "sector": "chemicals", "trips_count": 6, "trailer_loads": 7.2571900000000005, "tonnes": 174.17288, "tonne_kms": 25907.74, "tonnes_per_trailer": 24.000046, "avg_trip_distance": 97.346054, "avg_trip_duration": 1.1019851, "total_trip_distance": 672.94885, "total_trip_duration": 7.5665345, "total_freight_value": 148047.0, "trip_transport_costs": 4111.0, "cst_per_tonne": 24.0, "cst_per_tonne_km": 0.15866496139998892, "co2_tn": 2.0564988}], "LGA_43220": [{"industry": "chemicals", "sector": "chemicals", "trips_count": 6, "trailer_loads": 9.585588, "tonnes": 230.0539, "tonne_kms": 81282.92, "tonnes_per_trailer": 23.999979, "avg_trip_distance": 212.63644, "avg_trip_duration": 2.3848152, "total_trip_distance": 1681.8636, "total_trip_duration": 18.579975, "total_freight_value": 195546.0, "trip_transport_costs": 10631.0, "cst_per_tonne": 46.0, "cst_per_tonne_km": 0.1307896425128798, "co2_tn": 5.7269073}], "LGA_43790": [{"industry": "chemicals", "sector": "chemicals", "trips_count": 8, "trailer_loads": 6.184941000000001, "tonnes": 148.4385, "tonne_kms": 54839.273, "tonnes_per_trailer": 23.999987, "avg_trip_distance": 153.04459, "avg_trip_duration": 1.6386379, "total_trip_distance": 1224.3567, "total_trip_duration": 13.109103, "total_freight_value": 126173.0, "trip_transport_costs": 7342.0, "cst_per_tonne": 49.0, "cst_per_tonne_km": 0.13387795266266034, "co2_tn": 3.9488153}], "LGA_45120": [{"industry": "chemicals", "sector": "chemicals", "trips_count": 8, "trailer_loads": 13.322066999999999, "tonnes": 319.72937, "tonne_kms": 38501.49, "tonnes_per_trailer": 23.999992, "avg_trip_distance": 81.27819, "avg_trip_duration": 0.8758811, "total_trip_distance": 1032.8541, "total_trip_duration": 11.127829, "total_freight_value": 271770.0, "trip_transport_costs": 6253.0, "cst_per_tonne": 20.0, "cst_per_tonne_km": 0.16240589551200396, "co2_tn": 3.0935962}, {"industry": "grains", "sector": "cropping", "trips_count": 11, "trailer_loads": 467.4925999999999, "tonnes": 11384.103, "tonne_kms": 1314460.6, "tonnes_per_trailer": 24.545427, "avg_trip_distance": 113.07033, "avg_trip_duration": 1.200225, "total_trip_distance": 36000.562, "total_trip_duration": 381.01404, "total_freight_value": 5221176.0, "trip_transport_costs": 215066.0, "cst_per_tonne": 19.0, "cst_per_tonne_km": 0.16361509096292823, "co2_tn": 106.32908}], "LGA_46450": [{"industry": "grains", "sector": "cropping", "trips_count": 7, "trailer_loads": 259.2177, "tonnes": 6480.4326, "tonne_kms": 734926.3, "tonnes_per_trailer": 24.999973, "avg_trip_distance": 105.76609, "avg_trip_duration": 1.1334438, "total_trip_distance": 17738.83, "total_trip_duration": 188.46735, "total_freight_value": 3224349.0, "trip_transport_costs": 111664.0, "cst_per_tonne": 17.0, "cst_per_tonne_km": 0.15193856781007212, "co2_tn": 54.47735}], "LGA_48130": [{"industry": "chemicals", "sector": "chemicals", "trips_count": 7, "trailer_loads": 13.2001, "tonnes": 316.80252, "tonne_kms": 28226.133, "tonnes_per_trailer": 24.000017, "avg_trip_distance": 65.402885, "avg_trip_duration": 0.76429653, "total_trip_distance": 784.0592, "total_trip_duration": 9.181871, "total_freight_value": 269282.0, "trip_transport_costs": 4993.0, "cst_per_tonne": 16.0, "cst_per_tonne_km": 0.17688534734129643, "co2_tn": 2.3500142}, {"industry": "grains", "sector": "cropping", "trips_count": 28, "trailer_loads": 1183.9216000000004, "tonnes": 29597.988, "tonne_kms": 1751785.4, "tonnes_per_trailer": 24.999962, "avg_trip_distance": 60.608513, "avg_trip_duration": 0.6712959, "total_trip_distance": 45773.625, "total_trip_duration": 504.7127, "total_freight_value": 12273746.0, "trip_transport_costs": 315350.0, "cst_per_tonne": 11.0, "cst_per_tonne_km": 0.18001612232409606, "co2_tn": 136.67291}], "LGA_48830": [{"industry": "chemicals", "sector": "chemicals", "trips_count": 30, "trailer_loads": 71.14603999999999, "tonnes": 1707.5051, "tonne_kms": 109801.62, "tonnes_per_trailer": 24.0, "avg_trip_distance": 46.217453, "avg_trip_duration": 0.5412904, "total_trip_distance": 3050.045, "total_trip_duration": 35.794895, "total_freight_value": 1451380.0, "trip_transport_costs": 20751.0, "cst_per_tonne": 12.0, "cst_per_tonne_km": 0.18898926728483056, "co2_tn": 9.158257}, {"industry": "grains", "sector": "cropping", "trips_count": 13, "trailer_loads": 492.69399999999996, "tonnes": 12317.335, "tonne_kms": 936260.0, "tonnes_per_trailer": 24.999977, "avg_trip_distance": 73.31121, "avg_trip_duration": 0.8082645, "total_trip_distance": 23910.377, "total_trip_duration": 262.98248, "total_freight_value": 5017625.0, "trip_transport_costs": 157766.0, "cst_per_tonne": 13.0, "cst_per_tonne_km": 0.16850615664318672, "co2_tn": 71.83355}]}}