{"orig_lga": "LGA_41140", "orig_name": "Clare and Gilbert Valleys (DC)", "orig_state": "SA", "fetched_at": "2026-03-12T07:01:18.206648+00:00", "destinations": {"LGA_40220": [{"industry": "grains", "sector": "cropping", "trips_count": 23, "trailer_loads": 1547.2523000000003, "tonnes": 36346.72, "tonne_kms": 6928439.0, "tonnes_per_trailer": 23.60874, "avg_trip_distance": 188.44113, "avg_trip_duration": 2.1670296, "total_trip_distance": 196814.84, "total_trip_duration": 2264.7852, "total_freight_value": 11649604.0, "trip_transport_costs": 1142828.0, "cst_per_tonne": 31.0, "cst_per_tonne_km": 0.16494747116738706, "co2_tn": 586.8386}], "LGA_40310": [{"industry": "viticulture", "sector": "horticulture", "trips_count": 12, "trailer_loads": 173.03279999999998, "tonnes": 3460.6677, "tonne_kms": 320483.8, "tonnes_per_trailer": 20.000069, "avg_trip_distance": 89.023285, "avg_trip_duration": 1.0320414, "total_trip_distance": 10682.794, "total_trip_duration": 123.84497, "total_freight_value": 13842720.0, "trip_transport_costs": 67348.0, "cst_per_tonne": 19.0, "cst_per_tonne_km": 0.21014378121135605, "co2_tn": 31.835989}], "LGA_42110": [{"industry": "grains", "sector": "cropping", "trips_count": 11, "trailer_loads": 535.1016999999999, "tonnes": 12690.908, "tonne_kms": 746700.25, "tonnes_per_trailer": 24.090956, "avg_trip_distance": 53.081825, "avg_trip_duration": 0.5883686, "total_trip_distance": 23042.113, "total_trip_duration": 252.56245, "total_freight_value": 4171315.0, "trip_transport_costs": 149401.0, "cst_per_tonne": 12.0, "cst_per_tonne_km": 0.2000810186294425, "co2_tn": 64.3008}], "LGA_42250": [{"industry": "grains", "sector": "cropping", "trips_count": 8, "trailer_loads": 549.3303999999999, "tonnes": 12634.64, "tonne_kms": 6988077.0, "tonnes_per_trailer": 23.000074, "avg_trip_distance": 549.3999, "avg_trip_duration": 5.861122, "total_trip_distance": 196011.62, "total_trip_duration": 2090.8198, "total_freight_value": 3790384.0, "trip_transport_costs": 1135858.0, "cst_per_tonne": 90.0, "cst_per_tonne_km": 0.16254221632610802, "co2_tn": 586.6125}], "LGA_43650": [{"industry": "grains", "sector": "cropping", "trips_count": 32, "trailer_loads": 1298.8207, "tonnes": 32470.5, "tonne_kms": 1988186.2, "tonnes_per_trailer": 24.999996, "avg_trip_distance": 62.06678, "avg_trip_duration": 0.6975339, "total_trip_distance": 45684.32, "total_trip_duration": 518.53143, "total_freight_value": 13982766.0, "trip_transport_costs": 337043.0, "cst_per_tonne": 10.0, "cst_per_tonne_km": 0.16952309612317823, "co2_tn": 143.93716}], "LGA_43920": [{"industry": "grains", "sector": "cropping", "trips_count": 8, "trailer_loads": 301.0367, "tonnes": 7251.261, "tonne_kms": 596221.6, "tonnes_per_trailer": 24.500011, "avg_trip_distance": 77.71639, "avg_trip_duration": 0.8701111, "total_trip_distance": 15473.222, "total_trip_duration": 173.3969, "total_freight_value": 2607362.0, "trip_transport_costs": 102859.0, "cst_per_tonne": 14.0, "cst_per_tonne_km": 0.17251856320324363, "co2_tn": 47.213776}, {"industry": "livestock", "sector": "livestock", "trips_count": 7, "trailer_loads": 37.0, "tonnes": 494.0, "tonne_kms": 52582.086, "tonnes_per_trailer": 14.0, "avg_trip_distance": 99.44521, "avg_trip_duration": 1.1158214, "total_trip_distance": 2314.3188, "total_trip_duration": 26.006372, "total_freight_value": 2669180.0, "trip_transport_costs": 15190.0, "cst_per_tonne": 31.0, "cst_per_tonne_km": 0.2888871591508633, "co2_tn": 7.229298}], "LGA_44210": [{"industry": "grains", "sector": "cropping", "trips_count": 6, "trailer_loads": 255.08850000000004, "tonnes": 6102.556, "tonne_kms": 756725.8, "tonnes_per_trailer": 24.333347, "avg_trip_distance": 122.70443, "avg_trip_duration": 1.4348483, "total_trip_distance": 23319.316, "total_trip_duration": 274.46506, "total_freight_value": 1948521.0, "trip_transport_costs": 134075.0, "cst_per_tonne": 22.0, "cst_per_tonne_km": 0.17717781804927196, "co2_tn": 64.57848}], "LGA_45040": [{"industry": "grains", "sector": "cropping", "trips_count": 20, "trailer_loads": 1204.6405, "tonnes": 27918.777, "tonne_kms": 5495866.0, "tonnes_per_trailer": 23.40006, "avg_trip_distance": 193.46454, "avg_trip_duration": 2.1871846, "total_trip_distance": 152578.72, "total_trip_duration": 1720.6495, "total_freight_value": 8546395.0, "trip_transport_costs": 893143.0, "cst_per_tonne": 32.0, "cst_per_tonne_km": 0.1625117829331856, "co2_tn": 460.0237}], "LGA_47800": [{"industry": "grains", "sector": "cropping", "trips_count": 26, "trailer_loads": 1205.1630000000005, "tonnes": 28691.484, "tonne_kms": 6886828.0, "tonnes_per_trailer": 23.846172, "avg_trip_distance": 231.4594, "avg_trip_duration": 2.597924, "total_trip_distance": 192838.64, "total_trip_duration": 2162.4226, "total_freight_value": 13026126.0, "trip_transport_costs": 1094730.0, "cst_per_tonne": 38.0, "cst_per_tonne_km": 0.1589599039758398, "co2_tn": 573.9381}], "LGA_48130": [{"industry": "grains", "sector": "cropping", "trips_count": 36, "trailer_loads": 5973.8613, "tonnes": 137845.23, "tonne_kms": 6682431.0, "tonnes_per_trailer": 23.583342, "avg_trip_distance": 54.879303, "avg_trip_duration": 0.62525684, "total_trip_distance": 192702.2, "total_trip_duration": 2164.821, "total_freight_value": 43799021.0, "trip_transport_costs": 1393459.0, "cst_per_tonne": 10.0, "cst_per_tonne_km": 0.20852572412398926, "co2_tn": 573.67224}, {"industry": "waste", "sector": "waste", "trips_count": 13, "trailer_loads": 280.8, "tonnes": 2808.0, "tonne_kms": 103842.87, "tonnes_per_trailer": 10.0, "avg_trip_distance": 36.308693, "avg_trip_duration": 0.4187958, "total_trip_distance": 10384.286, "total_trip_duration": 119.7756, "total_freight_value": 280800.0, "trip_transport_costs": 62841.0, "cst_per_tonne": 22.0, "cst_per_tonne_km": 0.6051567184365921, "co2_tn": 23.142904}]}}