{"orig_lga": "LGA_40120", "orig_name": "Adelaide Hills (DC)", "orig_state": "SA", "fetched_at": "2026-03-12T06:44:44.711963+00:00", "destinations": {"LGA_31000": [{"industry": "dairy_product", "sector": "cold_food", "trips_count": 20, "trailer_loads": 460.1486889999999, "tonnes": 9289.385, "tonne_kms": 19133734.0, "tonnes_per_trailer": 19.749983, "avg_trip_distance": 1028.0958, "avg_trip_duration": 10.986545, "total_trip_distance": 508320.28, "total_trip_duration": 5424.976, "total_freight_value": 77637594.0, "trip_transport_costs": 2956105.0, "cst_per_tonne": 318.0, "cst_per_tonne_km": 0.15449703368094458, "co2_tn": 1604.9946}, {"industry": "fruit", "sector": "horticulture", "trips_count": 103, "trailer_loads": 198.02162884999996, "tonnes": 3060.755, "tonne_kms": 6371142.5, "tonnes_per_trailer": 15.436892, "avg_trip_distance": 387.15475, "avg_trip_duration": 4.1325016, "total_trip_distance": 222287.45, "total_trip_duration": 2372.5994, "total_freight_value": 15038700.0, "trip_transport_costs": 1288660.0, "cst_per_tonne": 421.0, "cst_per_tonne_km": 0.202265152542498, "co2_tn": 699.63477}], "LGA_40120": [{"industry": "meat", "sector": "cold_food", "trips_count": 15, "trailer_loads": 70.56070200000002, "tonnes": 1270.0935, "tonne_kms": 21581.793, "tonnes_per_trailer": 17.999994, "avg_trip_distance": 13.474282, "avg_trip_duration": 0.19356601, "total_trip_distance": 1198.9885, "total_trip_duration": 17.411072, "total_freight_value": 43183156.0, "trip_transport_costs": 10183.0, "cst_per_tonne": 8.0, "cst_per_tonne_km": 0.47181190403329576, "co2_tn": 2.7759995}, {"industry": "livestock", "sector": "livestock", "trips_count": 21, "trailer_loads": 886.8000000000003, "tonnes": 21180.0, "tonne_kms": 158485.02, "tonnes_per_trailer": 21.428572, "avg_trip_distance": 8.151466, "avg_trip_duration": 0.10303238, "total_trip_distance": 6640.552, "total_trip_duration": 83.27722, "total_freight_value": 39252000.0, "trip_transport_costs": 84698.0, "cst_per_tonne": 4.0, "cst_per_tonne_km": 0.5344246758380943, "co2_tn": 14.899426}, {"industry": "waste", "sector": "waste", "trips_count": 79, "trailer_loads": 1706.3999999999978, "tonnes": 17064.0, "tonne_kms": 113818.82, "tonnes_per_trailer": 10.0, "avg_trip_distance": 6.548839, "avg_trip_duration": 0.10360854, "total_trip_distance": 11381.883, "total_trip_duration": 180.07164, "total_freight_value": 1706400.0, "trip_transport_costs": 161414.0, "cst_per_tonne": 9.0, "cst_per_tonne_km": 1.4181648938324336, "co2_tn": 27.244564}], "LGA_40220": [{"industry": "livestock", "sector": "livestock", "trips_count": 10, "trailer_loads": 165.60000000000002, "tonnes": 3900.0, "tonne_kms": 208807.3, "tonnes_per_trailer": 20.5, "avg_trip_distance": 54.493378, "avg_trip_duration": 0.7150513, "total_trip_distance": 7979.942, "total_trip_duration": 106.61241, "total_freight_value": 6897000.0, "trip_transport_costs": 48694.0, "cst_per_tonne": 12.0, "cst_per_tonne_km": 0.2332017301557275, "co2_tn": 19.86164}], "LGA_40310": [{"industry": "viticulture", "sector": "horticulture", "trips_count": 11, "trailer_loads": 96.71541, "tonnes": 1934.3057, "tonne_kms": 103315.5, "tonnes_per_trailer": 19.999977, "avg_trip_distance": 52.179546, "avg_trip_duration": 0.66818225, "total_trip_distance": 4884.228, "total_trip_duration": 62.824795, "total_freight_value": 7737235.0, "trip_transport_costs": 28367.0, "cst_per_tonne": 15.0, "cst_per_tonne_km": 0.2745691075289405, "co2_tn": 11.449035}], "LGA_43920": [{"industry": "livestock", "sector": "livestock", "trips_count": 7, "trailer_loads": 39.0, "tonnes": 540.0, "tonne_kms": 43043.84, "tonnes_per_trailer": 14.285714, "avg_trip_distance": 72.83331, "avg_trip_duration": 0.88910556, "total_trip_distance": 2273.6167, "total_trip_duration": 27.879856, "total_freight_value": 2506500.0, "trip_transport_costs": 13973.0, "cst_per_tonne": 26.0, "cst_per_tonne_km": 0.3246281265702673, "co2_tn": 6.2853217}], "LGA_44210": [], "LGA_44550": [{"industry": "meat", "sector": "cold_food", "trips_count": 7, "trailer_loads": 28.724615, "tonnes": 517.04333, "tonne_kms": 11890.745, "tonnes_per_trailer": 18.000013, "avg_trip_distance": 18.718801, "avg_trip_duration": 0.2758469, "total_trip_distance": 660.597, "total_trip_duration": 10.04842, "total_freight_value": 17579460.0, "trip_transport_costs": 5007.0, "cst_per_tonne": 10.0, "cst_per_tonne_km": 0.4211217012847607, "co2_tn": 1.5463747}, {"industry": "waste", "sector": "waste", "trips_count": 6, "trailer_loads": 129.6, "tonnes": 1296.0, "tonne_kms": 11076.264, "tonnes_per_trailer": 10.0, "avg_trip_distance": 8.391109, "avg_trip_duration": 0.112382725, "total_trip_distance": 1107.6265, "total_trip_duration": 14.83452, "total_freight_value": 129600.0, "trip_transport_costs": 13202.0, "cst_per_tonne": 10.0, "cst_per_tonne_km": 1.1918976557591574, "co2_tn": 2.5382204}], "LGA_45040": [{"industry": "meat", "sector": "cold_food", "trips_count": 6, "trailer_loads": 15.499576000000001, "tonnes": 278.99243, "tonne_kms": 16642.504, "tonnes_per_trailer": 18.000008, "avg_trip_distance": 45.507282, "avg_trip_duration": 0.5441588, "total_trip_distance": 924.58356, "total_trip_duration": 11.10679, "total_freight_value": 9485746.0, "trip_transport_costs": 5052.0, "cst_per_tonne": 18.0, "cst_per_tonne_km": 0.30356595153223304, "co2_tn": 2.0684893}], "LGA_45340": [{"industry": "meat", "sector": "cold_food", "trips_count": 7, "trailer_loads": 24.746322, "tonnes": 445.43335, "tonne_kms": 24567.125, "tonnes_per_trailer": 18.000008, "avg_trip_distance": 45.003574, "avg_trip_duration": 0.6119951, "total_trip_distance": 1364.8403, "total_trip_duration": 18.758224, "total_freight_value": 15144735.0, "trip_transport_costs": 7847.0, "cst_per_tonne": 18.0, "cst_per_tonne_km": 0.3194065168818003, "co2_tn": 3.103143}, {"industry": "viticulture", "sector": "horticulture", "trips_count": 14, "trailer_loads": 140.67692, "tonnes": 2813.5354, "tonne_kms": 128106.09, "tonnes_per_trailer": 19.99998, "avg_trip_distance": 45.680115, "avg_trip_duration": 0.63495874, "total_trip_distance": 4722.857, "total_trip_duration": 66.09929, "total_freight_value": 11254160.0, "trip_transport_costs": 33860.0, "cst_per_tonne": 12.0, "cst_per_tonne_km": 0.2643108769708701, "co2_tn": 13.432732}], "LGA_45680": [{"industry": "livestock", "sector": "livestock", "trips_count": 6, "trailer_loads": 36.0, "tonnes": 360.0, "tonne_kms": 11070.54, "tonnes_per_trailer": 10.0, "avg_trip_distance": 30.7515, "avg_trip_duration": 0.42975, "total_trip_distance": 1033.52, "total_trip_duration": 14.3692665, "total_freight_value": 2520000.0, "trip_transport_costs": 7123.0, "cst_per_tonne": 20.0, "cst_per_tonne_km": 0.6434320212455062, "co2_tn": 2.4671566}], "LGA_45890": [{"industry": "dairy_product", "sector": "cold_food", "trips_count": 8, "trailer_loads": 760.0477, "tonnes": 15441.758, "tonne_kms": 646746.2, "tonnes_per_trailer": 19.749975, "avg_trip_distance": 44.04336, "avg_trip_duration": 0.63542753, "total_trip_distance": 26833.006, "total_trip_duration": 391.7748, "total_freight_value": 113380680.0, "trip_transport_costs": 185113.0, "cst_per_tonne": 12.0, "cst_per_tonne_km": 0.28622230241029156, "co2_tn": 69.30543}, {"industry": "meat", "sector": "cold_food", "trips_count": 6, "trailer_loads": 929.4414600000001, "tonnes": 16729.95, "tonne_kms": 891101.94, "tonnes_per_trailer": 18.000004, "avg_trip_distance": 46.653976, "avg_trip_duration": 0.7008714, "total_trip_distance": 49505.664, "total_trip_duration": 744.9443, "total_freight_value": 567818210.0, "trip_transport_costs": 294283.0, "cst_per_tonne": 18.0, "cst_per_tonne_km": 0.33024573631175125, "co2_tn": 114.41059}, {"industry": "vegetables", "sector": "horticulture", "trips_count": 19, "trailer_loads": 3.3197058020000005, "tonnes": 69.71377, "tonne_kms": 3675.9675, "tonnes_per_trailer": 21.000004, "avg_trip_distance": 7.040037, "avg_trip_duration": 0.10107776, "total_trip_distance": 133.76071, "total_trip_duration": 1.9204774, "total_freight_value": 313712.0, "trip_transport_costs": 924.0,