{"orig_lga": "LGA_44210", "orig_name": "Mid Murray (DC)", "orig_state": "SA", "fetched_at": "2026-03-12T07:28:21.267120+00:00", "destinations": {"LGA_31000": [{"industry": "fruit", "sector": "horticulture", "trips_count": 89, "trailer_loads": 27.4369232731, "tonnes": 496.69186, "tonne_kms": 996240.44, "tonnes_per_trailer": 17.617977, "avg_trip_distance": 196.13457, "avg_trip_duration": 2.0654292, "total_trip_distance": 29497.732, "total_trip_duration": 311.11667, "total_freight_value": 2052886.0, "trip_transport_costs": 170289.0, "cst_per_tonne": 343.0, "cst_per_tonne_km": 0.17093211763807797, "co2_tn": 93.43314}, {"industry": "vegetables", "sector": "horticulture", "trips_count": 37, "trailer_loads": 339.93961862899994, "tonnes": 7149.129, "tonne_kms": 14695085.0, "tonnes_per_trailer": 21.081081, "avg_trip_distance": 323.85992, "avg_trip_duration": 3.4795418, "total_trip_distance": 373645.9, "total_trip_duration": 3985.9553, "total_freight_value": 31608155.0, "trip_transport_costs": 2180047.0, "cst_per_tonne": 305.0, "cst_per_tonne_km": 0.14835209072035746, "co2_tn": 1182.4175}], "LGA_40120": [{"industry": "livestock", "sector": "livestock", "trips_count": 25, "trailer_loads": 335.99999999999994, "tonnes": 6600.0, "tonne_kms": 277189.44, "tonnes_per_trailer": 13.0, "avg_trip_distance": 51.918766, "avg_trip_duration": 0.59468144, "total_trip_distance": 12256.095, "total_trip_duration": 142.95471, "total_freight_value": 20640000.0, "trip_transport_costs": 80015.0, "cst_per_tonne": 12.0, "cst_per_tonne_km": 0.2886651552400366, "co2_tn": 31.620123}], "LGA_40220": [{"industry": "grains", "sector": "cropping", "trips_count": 19, "trailer_loads": 403.54688, "tonnes": 9901.826, "tonne_kms": 1042084.0, "tonnes_per_trailer": 24.05259, "avg_trip_distance": 128.13702, "avg_trip_duration": 1.4403642, "total_trip_distance": 28304.006, "total_trip_duration": 322.2815, "total_freight_value": 3633411.0, "trip_transport_costs": 176205.0, "cst_per_tonne": 18.0, "cst_per_tonne_km": 0.1690891051252976, "co2_tn": 84.914925}, {"industry": "livestock", "sector": "livestock", "trips_count": 9, "trailer_loads": 197.8, "tonnes": 4820.0, "tonne_kms": 482522.1, "tonnes_per_trailer": 22.222221, "avg_trip_distance": 92.57187, "avg_trip_duration": 1.104756, "total_trip_distance": 9052.132, "total_trip_duration": 112.62572, "total_freight_value": 7989500.0, "trip_transport_costs": 74827.0, "cst_per_tonne": 16.0, "cst_per_tonne_km": 0.15507523898517084, "co2_tn": 37.89704}], "LGA_42250": [{"industry": "grains", "sector": "cropping", "trips_count": 10, "trailer_loads": 103.8, "tonnes": 2387.39, "tonne_kms": 1167858.4, "tonnes_per_trailer": 22.999903, "avg_trip_distance": 384.76248, "avg_trip_duration": 4.1017175, "total_trip_distance": 28799.879, "total_trip_duration": 307.4608, "total_freight_value": 716217.0, "trip_transport_costs": 169896.0, "cst_per_tonne": 71.0, "cst_per_tonne_km": 0.1454767093307654, "co2_tn": 90.27381}], "LGA_43650": [{"industry": "grains", "sector": "cropping", "trips_count": 40, "trailer_loads": 448.6886747, "tonnes": 11217.207, "tonne_kms": 1050700.6, "tonnes_per_trailer": 24.999987, "avg_trip_distance": 75.145424, "avg_trip_duration": 0.85092187, "total_trip_distance": 26396.818, "total_trip_duration": 307.61313, "total_freight_value": 4955895.0, "trip_transport_costs": 172139.0, "cst_per_tonne": 15.0, "cst_per_tonne_km": 0.16383288903659618, "co2_tn": 80.590096}], "LGA_43920": [{"industry": "grains", "sector": "cropping", "trips_count": 10, "trailer_loads": 213.12813699999998, "tonnes": 5307.436, "tonne_kms": 673148.44, "tonnes_per_trailer": 24.79998, "avg_trip_distance": 102.69593, "avg_trip_duration": 1.1393961, "total_trip_distance": 14963.237, "total_trip_duration": 165.0731, "total_freight_value": 2055524.0, "trip_transport_costs": 97581.0, "cst_per_tonne": 18.0, "cst_per_tonne_km": 0.14496257409194638, "co2_tn": 47.698196}, {"industry": "livestock", "sector": "livestock", "trips_count": 9, "trailer_loads": 42.57576, "tonnes": 710.667, "tonne_kms": 98169.8, "tonnes_per_trailer": 16.888893, "avg_trip_distance": 118.01998, "avg_trip_duration": 1.2669389, "total_trip_distance": 3401.4075, "total_trip_duration": 36.520077, "total_freight_value": 3454580.0, "trip_transport_costs": 21469.0, "cst_per_tonne": 30.0, "cst_per_tonne_km": 0.21869044412516997, "co2_tn": 10.664977}], "LGA_44210": [{"industry": "grains", "sector": "cropping", "trips_count": 16, "trailer_loads": 164.53451969999998, "tonnes": 4071.8423, "tonne_kms": 132093.45, "tonnes_per_trailer": 24.749989, "avg_trip_distance": 32.547832, "avg_trip_duration": 0.36157456, "total_trip_distance": 3820.8926, "total_trip_duration": 42.282993, "total_freight_value": 1469551.0, "trip_transport_costs": 29674.0, "cst_per_tonne": 7.0, "cst_per_tonne_km": 0.22464601584791583, "co2_tn": 10.783848}, {"industry": "waste", "sector": "waste", "trips_count": 18, "trailer_loads": 1358.6399999999994, "tonnes": 13586.4, "tonne_kms": 458187.53, "tonnes_per_trailer": 10.0, "avg_trip_distance": 27.60092, "avg_trip_duration": 0.31552556, "total_trip_distance": 33202.4, "total_trip_duration": 382.89978, "total_freight_value": 1358640.0, "trip_transport_costs": 252875.0, "cst_per_tonne": 19.0, "cst_per_tonne_km": 0.5519033792479963, "co2_tn": 93.06065}], "LGA_44550": [], "LGA_45040": [{"industry": "grains", "sector": "cropping", "trips_count": 19, "trailer_loads": 612.50024, "tonnes": 15042.614, "tonne_kms": 1016381.75, "tonnes_per_trailer": 23.631508, "avg_trip_distance": 91.80412, "avg_trip_duration": 1.0227449, "total_trip_distance": 27675.695, "total_trip_duration": 307.79117, "total_freight_value": 5548835.0, "trip_transport_costs": 184253.0, "cst_per_tonne": 12.0, "cst_per_tonne_km": 0.18128296181009407, "co2_tn": 81.82553}, {"industry": "livestock", "sector": "livestock", "trips_count": 11, "trailer_loads": 111.0, "tonnes": 1998.0, "tonne_kms": 204643.16, "tonnes_per_trailer": 18.0, "avg_trip_distance": 67.03175, "avg_trip_duration": 0.77076113, "total_trip_distance": 6531.2515, "total_trip_duration": 73.9017, "total_freight_value": 7332660.0, "trip_transport_costs": 44028.0, "cst_per_tonne": 22.0, "cst_per_tonne_km": 0.2151429747570266, "co2_tn": 20.513134}], "LGA_45890": [{"industry": "grains", "sector": "cropping", "trips_count": 38, "trailer_loads": 308.1646208, "tonnes": 7255.6963, "tonne_kms": 1031868.25, "tonnes_per_trailer": 23.947367, "avg_trip_distance": 105.472824, "avg_trip_duration": 1.1874311, "total_trip_distance": 26607.58, "total_trip_duration": 305.0056, "total_freight_value": 3841556.0, "trip_transport_costs": 165689.0, "cst_per_tonne": 23.0, "cst_per_tonne_km": 0.1605721543113705, "co2_tn": 82.26729}, {"industry": "nuts", "sector": "horticulture", "trips_count": 38, "trailer_loads": 37.61116011, "tonnes": 676.9997, "tonne_kms": 103371.44, "tonnes_per_trailer": 17.999992, "avg_trip_distance": 32.29613, "avg_trip_duration": 0.35190925, "total_trip_distance": 3032.3938, "total_trip_duration": 33.56278, "total_freight_value": 10155005.0, "trip_transport_costs": 19742.0, "cst_per_tonne": 29.0, "cst_per_tonne_km": 0.19098199453016354, "co2_tn": 9.868829}, {"industry": "fruit", "sector": "horticulture", "trips_count": 186, "trailer_loads": 423.59662309000004, "tonnes": 8322.354, "tonne_kms": 1439442.9, "tonnes_per_trailer": 17.881721, "avg_trip_distance": 36.92496, "avg_trip_duration": 0.40004075, "total_trip_distance": 47828.938, "total_trip_duration": 516.4593, "total_freight_value": 24316336.0, "trip_transport_costs": 281382.0, "cst_per_tonne": 34.0, "cst_per_tonne_km": 0.19547980512674903, "co2_tn": 142.93393}, {"industry": "vegetables", "sector": "horticulture", "trips_count": 225, "trailer_loads": 547.5623635609998, "tonnes": 11198.692, "tonne_kms": 1706093.9, "tonnes_per_trailer": 20.56889, "avg_trip_distance": 43.084373, "avg_trip_duration": 0.4791556, "total_trip_distance": 55642.098, "total_trip_duration": 629.82886, "total_freight_value": 41389662.0, "trip_transport_costs": 330849.0,