{"orig_lga": "LGA_45090", "orig_name": "Naracoorte and Lucindale (DC)", "orig_state": "SA", "fetched_at": "2026-03-12T07:33:19.508278+00:00", "destinations": {"LGA_21370": [{"industry": "livestock", "sector": "livestock", "trips_count": 7, "trailer_loads": 71.66667, "tonnes": 1566.667, "tonne_kms": 663856.7, "tonnes_per_trailer": 21.714296, "avg_trip_distance": 366.88733, "avg_trip_duration": 4.042019, "total_trip_distance": 20257.305, "total_trip_duration": 223.28099, "total_freight_value": 9279500.0, "trip_transport_costs": 111777.0, "cst_per_tonne": 71.0, "cst_per_tonne_km": 0.1683758942006685, "co2_tn": 59.87082}], "LGA_21750": [{"industry": "grains", "sector": "cropping", "trips_count": 9, "trailer_loads": 108.9522, "tonnes": 2505.8972, "tonne_kms": 910132.6, "tonnes_per_trailer": 22.999968, "avg_trip_distance": 314.46585, "avg_trip_duration": 3.5100381, "total_trip_distance": 26498.385, "total_trip_duration": 295.7123, "total_freight_value": 751768.0, "trip_transport_costs": 146496.0, "cst_per_tonne": 58.0, "cst_per_tonne_km": 0.16096102786393357, "co2_tn": 78.21042}], "LGA_21830": [{"industry": "grains", "sector": "cropping", "trips_count": 24, "trailer_loads": 787.0420000000006, "tonnes": 19312.885, "tonne_kms": 6105681.5, "tonnes_per_trailer": 23.749985, "avg_trip_distance": 298.97562, "avg_trip_duration": 3.3055212, "total_trip_distance": 165987.72, "total_trip_duration": 1845.6709, "total_freight_value": 7458862.0, "trip_transport_costs": 923412.0, "cst_per_tonne": 48.0, "cst_per_tonne_km": 0.15123807371692455, "co2_tn": 491.60504}], "LGA_22410": [{"industry": "grains", "sector": "cropping", "trips_count": 12, "trailer_loads": 1129.5126000000002, "tonnes": 28044.107, "tonne_kms": 5940098.5, "tonnes_per_trailer": 23.666649, "avg_trip_distance": 178.98376, "avg_trip_duration": 1.9177563, "total_trip_distance": 159371.66, "total_trip_duration": 1722.788, "total_freight_value": 13234124.0, "trip_transport_costs": 900867.0, "cst_per_tonne": 32.0, "cst_per_tonne_km": 0.15165862442861322, "co2_tn": 470.63144}, {"industry": "livestock", "sector": "livestock", "trips_count": 15, "trailer_loads": 80.0, "tonnes": 1600.0, "tonne_kms": 325417.2, "tonnes_per_trailer": 20.0, "avg_trip_distance": 175.68048, "avg_trip_duration": 1.9089745, "total_trip_distance": 10847.24, "total_trip_duration": 117.93728, "total_freight_value": 3251500.0, "trip_transport_costs": 61626.0, "cst_per_tonne": 39.0, "cst_per_tonne_km": 0.189375944550745, "co2_tn": 32.09497}, {"industry": "wood_product", "sector": "wood_product", "trips_count": 53, "trailer_loads": 3572.592039999999, "tonnes": 65333.37, "tonne_kms": 14437033.0, "tonnes_per_trailer": 19.58491, "avg_trip_distance": 217.96774, "avg_trip_duration": 2.4167554, "total_trip_distance": 526701.25, "total_trip_duration": 5840.317, "total_freight_value": 21166670.0, "trip_transport_costs": 2995372.0, "cst_per_tonne": 46.0, "cst_per_tonne_km": 0.20747834644244423, "co2_tn": 1564.6189}], "LGA_22980": [{"industry": "grains", "sector": "cropping", "trips_count": 8, "trailer_loads": 134.906515, "tonnes": 3372.6628, "tonne_kms": 596680.4, "tonnes_per_trailer": 25.000011, "avg_trip_distance": 145.13933, "avg_trip_duration": 1.5804639, "total_trip_distance": 14557.696, "total_trip_duration": 158.08275, "total_freight_value": 1328366.0, "trip_transport_costs": 86774.0, "cst_per_tonne": 26.0, "cst_per_tonne_km": 0.1454283196752667, "co2_tn": 44.374645}, {"industry": "livestock", "sector": "livestock", "trips_count": 8, "trailer_loads": 40.0, "tonnes": 800.0, "tonne_kms": 137363.3, "tonnes_per_trailer": 20.0, "avg_trip_distance": 145.79831, "avg_trip_duration": 1.5687048, "total_trip_distance": 4454.644, "total_trip_duration": 47.92093, "total_freight_value": 1724000.0, "trip_transport_costs": 25680.0, "cst_per_tonne": 32.0, "cst_per_tonne_km": 0.1869487310452175, "co2_tn": 12.99919}], "LGA_23190": [{"industry": "grains", "sector": "cropping", "trips_count": 25, "trailer_loads": 146.37500200000002, "tonnes": 3659.376, "tonne_kms": 589325.0, "tonnes_per_trailer": 24.999985, "avg_trip_distance": 102.185486, "avg_trip_duration": 1.1529245, "total_trip_distance": 16156.804, "total_trip_duration": 183.39769, "total_freight_value": 1855330.0, "trip_transport_costs": 93457.0, "cst_per_tonne": 26.0, "cst_per_tonne_km": 0.15858231247829216, "co2_tn": 47.136482}], "LGA_25490": [{"industry": "grains", "sector": "cropping", "trips_count": 29, "trailer_loads": 351.0681999999998, "tonnes": 8074.559, "tonne_kms": 2317892.5, "tonnes_per_trailer": 22.999968, "avg_trip_distance": 257.4149, "avg_trip_duration": 2.813137, "total_trip_distance": 67185.29, "total_trip_duration": 734.22876, "total_freight_value": 2422364.0, "trip_transport_costs": 374037.0, "cst_per_tonne": 46.0, "cst_per_tonne_km": 0.16136951454823725, "co2_tn": 198.67133}, {"industry": "livestock", "sector": "livestock", "trips_count": 10, "trailer_loads": 203.21820000000002, "tonnes": 4660.0, "tonne_kms": 1231368.5, "tonnes_per_trailer": 21.199999, "avg_trip_distance": 240.63269, "avg_trip_duration": 2.615815, "total_trip_distance": 35775.152, "total_trip_duration": 394.4548, "total_freight_value": 16088500.0, "trip_transport_costs": 200970.0, "cst_per_tonne": 43.0, "cst_per_tonne_km": 0.16320864142656624, "co2_tn": 105.76567}], "LGA_26260": [{"industry": "livestock", "sector": "livestock", "trips_count": 110, "trailer_loads": 720.2727, "tonnes": 7980.0, "tonne_kms": 1457885.5, "tonnes_per_trailer": 10.927273, "avg_trip_distance": 180.82588, "avg_trip_duration": 1.9926089, "total_trip_distance": 88643.54, "total_trip_duration": 976.59485, "total_freight_value": 50614500.0, "trip_transport_costs": 508660.0, "cst_per_tonne": 64.0, "cst_per_tonne_km": 0.3489023813298438, "co2_tn": 261.15112}], "LGA_26890": [{"industry": "grains", "sector": "cropping", "trips_count": 11, "trailer_loads": 74.19307700000002, "tonnes": 1692.7212, "tonne_kms": 184613.83, "tonnes_per_trailer": 24.545424, "avg_trip_distance": 63.996323, "avg_trip_duration": 0.6896237, "total_trip_distance": 4610.85, "total_trip_duration": 51.071167, "total_freight_value": 1045101.0, "trip_transport_costs": 30113.0, "cst_per_tonne": 18.0, "cst_per_tonne_km": 0.1631111117069436, "co2_tn": 14.445016}], "LGA_40220": [{"industry": "grains", "sector": "cropping", "trips_count": 9, "trailer_loads": 99.20293000000001, "tonnes": 2286.3772, "tonne_kms": 703325.5, "tonnes_per_trailer": 23.222187, "avg_trip_distance": 233.08757, "avg_trip_duration": 2.4797971, "total_trip_distance": 19577.92, "total_trip_duration": 208.55998, "total_freight_value": 692393.0, "trip_transport_costs": 109848.0, "cst_per_tonne": 48.0, "cst_per_tonne_km": 0.15618330339390776, "co2_tn": 58.25491}, {"industry": "livestock", "sector": "livestock", "trips_count": 6, "trailer_loads": 187.8, "tonnes": 4620.0, "tonne_kms": 1476943.1, "tonnes_per_trailer": 22.5, "avg_trip_distance": 262.70715, "avg_trip_duration": 2.7836294, "total_trip_distance": 38431.074, "total_trip_duration": 405.50433, "total_freight_value": 7558500.0, "trip_transport_costs": 213611.0, "cst_per_tonne": 46.0, "cst_per_tonne_km": 0.14463072865555504, "co2_tn": 114.44437}], "LGA_42250": [{"industry": "grains", "sector": "cropping", "trips_count": 47, "trailer_loads": 581.0782999999999, "tonnes": 13364.777, "tonne_kms": 1829267.8, "tonnes_per_trailer": 22.99997, "avg_trip_distance": 122.123764, "avg_trip_duration": 1.3127725, "total_trip_distance": 51750.945, "total_trip_duration": 556.5165, "total_freight_value": 4009431.0, "trip_transport_costs": 309366.0, "cst_per_tonne": 23.0, "cst_per_tonne_km": 0.16912023480775298, "co2_tn": 154.85977}, {"industry": "livestock", "sector": "livestock", "trips_count": 16, "trailer_loads": 435.47291, "tonnes": 9580.0, "tonne_kms": 1072608.0, "tonnes_per_trailer": 20.5625, "avg_trip_distance": 101.20684, "avg_trip_duration": 1.0933695, "total_trip_distance": 25897.527, "total_trip_duration": 282.69843, "total_freight_value": 49025500.0,