{"orig_lga": "LGA_40430", "orig_name": "Barunga West (DC)", "orig_state": "SA", "fetched_at": "2026-03-12T06:48:14.840756+00:00", "destinations": {"LGA_40220": [{"industry": "grains", "sector": "cropping", "trips_count": 8, "trailer_loads": 161.9448, "tonnes": 3724.7283, "tonne_kms": 867866.3, "tonnes_per_trailer": 22.999985, "avg_trip_distance": 224.60307, "avg_trip_duration": 2.4883833, "total_trip_distance": 25155.545, "total_trip_duration": 278.69894, "total_freight_value": 1117416.0, "trip_transport_costs": 142711.0, "cst_per_tonne": 38.0, "cst_per_tonne_km": 0.16443865769288632, "co2_tn": 74.717476}], "LGA_42110": [{"industry": "grains", "sector": "cropping", "trips_count": 9, "trailer_loads": 228.70799999999997, "tonnes": 5393.8076, "tonne_kms": 728402.06, "tonnes_per_trailer": 23.222208, "avg_trip_distance": 129.85245, "avg_trip_duration": 1.4092474, "total_trip_distance": 19894.941, "total_trip_duration": 218.35194, "total_freight_value": 1801739.0, "trip_transport_costs": 121039.0, "cst_per_tonne": 22.0, "cst_per_tonne_km": 0.1661708226174538, "co2_tn": 59.958584}], "LGA_45040": [{"industry": "grains", "sector": "cropping", "trips_count": 12, "trailer_loads": 242.91719999999998, "tonnes": 5587.092, "tonne_kms": 1323141.1, "tonnes_per_trailer": 22.999985, "avg_trip_distance": 228.28523, "avg_trip_duration": 2.5131097, "total_trip_distance": 38351.918, "total_trip_duration": 422.20242, "total_freight_value": 1676124.0, "trip_transport_costs": 216844.0, "cst_per_tonne": 39.0, "cst_per_tonne_km": 0.1638859846736398, "co2_tn": 113.83513}], "LGA_45890": [{"industry": "grains", "sector": "cropping", "trips_count": 12, "trailer_loads": 646.038, "tonnes": 15193.709, "tonne_kms": 2291495.2, "tonnes_per_trailer": 23.750002, "avg_trip_distance": 155.43689, "avg_trip_duration": 1.681838, "total_trip_distance": 55648.96, "total_trip_duration": 607.6696, "total_freight_value": 8287555.0, "trip_transport_costs": 348954.0, "cst_per_tonne": 23.0, "cst_per_tonne_km": 0.1522821614443124, "co2_tn": 174.83342}], "LGA_48130": [{"industry": "grains", "sector": "cropping", "trips_count": 110, "trailer_loads": 5196.296600000001, "tonnes": 126371.34, "tonne_kms": 7030998.5, "tonnes_per_trailer": 24.627277, "avg_trip_distance": 51.894474, "avg_trip_duration": 0.5607857, "total_trip_distance": 173756.12, "total_trip_duration": 1893.1495, "total_freight_value": 45948971.0, "trip_transport_costs": 1286154.0, "cst_per_tonne": 10.0, "cst_per_tonne_km": 0.18292626685403618, "co2_tn": 538.844}]}}