{"orig_lga": "LGA_79399", "orig_name": "Unincorporated NT", "orig_state": "NT", "fetched_at": "2026-03-12T07:48:22.134210+00:00", "destinations": {"LGA_50980": [], "LGA_59340": [], "LGA_70200": [{"industry": "vehicles", "sector": "vehicles", "trips_count": 6, "trailer_loads": 179.58679999999998, "tonnes": 1077.5208, "tonne_kms": 1598317.6, "tonnes_per_trailer": 6.000002, "avg_trip_distance": 1424.2087, "avg_trip_duration": 14.513404, "total_trip_distance": 266386.28, "total_trip_duration": 2712.6191, "total_freight_value": 31248058.0, "trip_transport_costs": 1161107.0, "cst_per_tonne": 1078.0, "cst_per_tonne_km": 0.7264554850095893, "co2_tn": 581.75684}], "LGA_70420": [{"industry": "fuel", "sector": "fuel", "trips_count": 7, "trailer_loads": 279.2239, "tonnes": 6980.599, "tonne_kms": 6878708.5, "tonnes_per_trailer": 25.000006, "avg_trip_distance": 944.554, "avg_trip_duration": 9.629586, "total_trip_distance": 91716.11, "total_trip_duration": 934.8253, "total_freight_value": 12565080.0, "trip_transport_costs": 750651.0, "cst_per_tonne": 108.0, "cst_per_tonne_km": 0.10912677821352657, "co2_tn": 489.84024}, {"industry": "livestock", "sector": "livestock", "trips_count": 7, "trailer_loads": 35.0, "tonnes": 700.0, "tonne_kms": 725101.8, "tonnes_per_trailer": 20.0, "avg_trip_distance": 863.21643, "avg_trip_duration": 10.861151, "total_trip_distance": 12085.029, "total_trip_duration": 152.0561, "total_freight_value": 1508500.0, "trip_transport_costs": 106268.0, "cst_per_tonne": 152.0, "cst_per_tonne_km": 0.14655637475564853, "co2_tn": 67.54201}], "LGA_70620": [{"industry": "chemicals", "sector": "chemicals", "trips_count": 6, "trailer_loads": 0.17065619999999998, "tonnes": 1.7065618, "tonne_kms": 2516.708, "tonnes_per_trailer": 10.0, "avg_trip_distance": 13.981712, "avg_trip_duration": 0.17830107, "total_trip_distance": 83.890274, "total_trip_duration": 1.0698065, "total_freight_value": 2560.0, "trip_transport_costs": 728.0, "cst_per_tonne": 427.0, "cst_per_tonne_km": 0.2894612813961302, "co2_tn": 0.46537268}], "LGA_70700": [{"industry": "livestock", "sector": "livestock", "trips_count": 54, "trailer_loads": 689.54545, "tonnes": 13800.0, "tonne_kms": 1856289.1, "tonnes_per_trailer": 20.037037, "avg_trip_distance": 120.22106, "avg_trip_duration": 3.5183842, "total_trip_distance": 31248.455, "total_trip_duration": 955.9095, "total_freight_value": 30141500.0, "trip_transport_costs": 430918.0, "cst_per_tonne": 31.0, "cst_per_tonne_km": 0.23213927639521806, "co2_tn": 216.56976}], "LGA_71000": [{"industry": "alcohol_beverage", "sector": "beverage", "trips_count": 11, "trailer_loads": 114.12007, "tonnes": 2282.4011, "tonne_kms": 35208.34, "tonnes_per_trailer": 19.999994, "avg_trip_distance": 15.007884, "avg_trip_duration": 0.22145866, "total_trip_distance": 3520.8342, "total_trip_duration": 51.913002, "total_freight_value": 45648040.0, "trip_transport_costs": 16496.0, "cst_per_tonne": 7.0, "cst_per_tonne_km": 0.468518324169134, "co2_tn": 3.2670915}, {"industry": "fuel", "sector": "fuel", "trips_count": 57, "trailer_loads": 5384.530620000001, "tonnes": 134613.22, "tonne_kms": 2284549.8, "tonnes_per_trailer": 24.99999, "avg_trip_distance": 15.682664, "avg_trip_duration": 0.2163472, "total_trip_distance": 64192.18, "total_trip_duration": 997.2673, "total_freight_value": 242304288.0, "trip_transport_costs": 699031.0, "cst_per_tonne": 5.0, "cst_per_tonne_km": 0.305981802813901, "co2_tn": 191.9223}, {"industry": "household_general", "sector": "general", "trips_count": 12, "trailer_loads": 262.86165, "tonnes": 3429.9824, "tonne_kms": 47832.332, "tonnes_per_trailer": 13.583324, "avg_trip_distance": 12.160279, "avg_trip_duration": 0.17732242, "total_trip_distance": 3960.5066, "total_trip_duration": 58.209106, "total_freight_value": 135921405.0, "trip_transport_costs": 33610.0, "cst_per_tonne": 10.0, "cst_per_tonne_km": 0.7026558101676288, "co2_tn": 8.270671}, {"industry": "vegetables", "sector": "horticulture", "trips_count": 11, "trailer_loads": 20.713188758, "tonnes": 373.10355, "tonne_kms": 17718.91, "tonnes_per_trailer": 16.27271, "avg_trip_distance": 16.744217, "avg_trip_duration": 0.19979349, "total_trip_distance": 419.70667, "total_trip_duration": 5.29642, "total_freight_value": 1772076.0, "trip_transport_costs": 4189.0, "cst_per_tonne": 11.0, "cst_per_tonne_km": 0.23642940660165113, "co2_tn": 1.6910063}, {"industry": "vehicles", "sector": "vehicles", "trips_count": 19, "trailer_loads": 1373.6101299999998, "tonnes": 8241.669, "tonne_kms": 142237.05, "tonnes_per_trailer": 6.000002, "avg_trip_distance": 15.399504, "avg_trip_duration": 0.21064945, "total_trip_distance": 23706.176, "total_trip_duration": 318.61407, "total_freight_value": 239008396.0, "trip_transport_costs": 192312.0, "cst_per_tonne": 23.0, "cst_per_tonne_km": 1.3520507991116502, "co2_tn": 53.35925}], "LGA_71300": [{"industry": "waste", "sector": "waste", "trips_count": 14, "trailer_loads": 302.40000000000003, "tonnes": 3024.0, "tonne_kms": 14475.456, "tonnes_per_trailer": 10.0, "avg_trip_distance": 4.6998234, "avg_trip_duration": 0.07104506, "total_trip_distance": 1447.5457, "total_trip_duration": 21.88188, "total_freight_value": 302400.0, "trip_transport_costs": 25653.0, "cst_per_tonne": 8.0, "cst_per_tonne_km": 1.7721920546814598, "co2_tn": 3.3931537}], "LGA_72200": [{"industry": "fuel", "sector": "fuel", "trips_count": 6, "trailer_loads": 255.58399999999997, "tonnes": 6389.598, "tonne_kms": 1960339.4, "tonnes_per_trailer": 24.999998, "avg_trip_distance": 298.42953, "avg_trip_duration": 3.0578325, "total_trip_distance": 26137.857, "total_trip_duration": 267.81787, "total_freight_value": 11501280.0, "trip_transport_costs": 222217.0, "cst_per_tonne": 35.0, "cst_per_tonne_km": 0.1133566342984936, "co2_tn": 139.525}, {"industry": "livestock", "sector": "livestock", "trips_count": 23, "trailer_loads": 145.0, "tonnes": 2900.0, "tonne_kms": 789967.8, "tonnes_per_trailer": 20.0, "avg_trip_distance": 186.27612, "avg_trip_duration": 3.7968047, "total_trip_distance": 13421.004, "total_trip_duration": 312.08835, "total_freight_value": 6249500.0, "trip_transport_costs": 155761.0, "cst_per_tonne": 54.0, "cst_per_tonne_km": 0.19717334983634618, "co2_tn": 84.36034}], "LGA_72300": [{"industry": "fuel", "sector": "fuel", "trips_count": 32, "trailer_loads": 1363.1146600000002, "tonnes": 34077.855, "tonne_kms": 906684.1, "tonnes_per_trailer": 24.999992, "avg_trip_distance": 25.818619, "avg_trip_duration": 0.29505134, "total_trip_distance": 24586.738, "total_trip_duration": 283.11438, "total_freight_value": 61340160.0, "trip_transport_costs": 212378.0, "cst_per_tonne": 6.0, "cst_per_tonne_km": 0.23423584669694608, "co2_tn": 70.68475}, {"industry": "livestock", "sector": "livestock", "trips_count": 23, "trailer_loads": 185.0, "tonnes": 3700.0, "tonne_kms": 511440.1, "tonnes_per_trailer": 20.0, "avg_trip_distance": 120.92318, "avg_trip_duration": 3.376999, "total_trip_distance": 8898.894, "total_trip_duration": 223.09953, "total_freight_value": 7973500.0, "trip_transport_costs": 109009.0, "cst_per_tonne": 29.0, "cst_per_tonne_km": 0.2131406455713166, "co2_tn": 56.603065}], "LGA_72330": [{"industry": "chemicals", "sector": "chemicals", "trips_count": 11, "trailer_loads": 1.2275870000000004, "tonnes": 12.2758665, "tonne_kms": 20456.607, "tonnes_per_trailer": 10.0, "avg_trip_distance": 62.059227, "avg_trip_duration": 0.66083527, "total_trip_distance": 682.6515, "total_trip_duration": 7.269188, "total_freight_value": 18414.0, "trip_transport_costs": 5629.0, "cst_per_tonne": 459.0, "cst_per_tonne_km": 0.27515923978649837, "co2_tn": 3.6773179}], "LGA_72800": [{"industry": "fuel", "sector": "fuel", "trips_count": 18, "trailer_loads": 766.7520999999999, "tonnes": 19168.79, "tonne_kms": 246849.3, "tonnes_per_trailer": 24.999983, "avg_trip_distance": 12.631911, "avg_trip_duration": 0.16045296, "total_trip_distance": 9005.583, "total_trip_duration": 113.91941, "total_freight_value": 34503840.0, "trip_transport_costs": 89252.0,