{"orig_lga": "LGA_70700", "orig_name": "Coomalie (S)", "orig_state": "NT", "fetched_at": "2026-03-12T07:03:01.120235+00:00", "destinations": {"LGA_70700": [{"industry": "meat", "sector": "cold_food", "trips_count": 6, "trailer_loads": 11.155833999999999, "tonnes": 200.80511, "tonne_kms": 3589.5742, "tonnes_per_trailer": 18.000006, "avg_trip_distance": 11.218681, "avg_trip_duration": 0.19150259, "total_trip_distance": 199.42078, "total_trip_duration": 3.3854089, "total_freight_value": 6626562.0, "trip_transport_costs": 1736.0, "cst_per_tonne": 9.0, "cst_per_tonne_km": 0.4837531523764093, "co2_tn": 0.49716583}, {"industry": "livestock", "sector": "livestock", "trips_count": 20, "trailer_loads": 168.18180999999998, "tonnes": 3400.0, "tonne_kms": 91289.2, "tonnes_per_trailer": 20.300003, "avg_trip_distance": 23.334673, "avg_trip_duration": 0.41887504, "total_trip_distance": 2576.7825, "total_trip_duration": 43.934307, "total_freight_value": 8937000.0, "trip_transport_costs": 28120.0, "cst_per_tonne": 8.0, "cst_per_tonne_km": 0.30803093529145614, "co2_tn": 9.671793}], "LGA_72300": [{"industry": "livestock", "sector": "livestock", "trips_count": 7, "trailer_loads": 35.0, "tonnes": 700.0, "tonne_kms": 43374.1, "tonnes_per_trailer": 20.0, "avg_trip_distance": 51.635834, "avg_trip_duration": 0.5796071, "total_trip_distance": 1184.5734, "total_trip_duration": 12.948902, "total_freight_value": 1508500.0, "trip_transport_costs": 9023.0, "cst_per_tonne": 13.0, "cst_per_tonne_km": 0.20803861689543277, "co2_tn": 3.9959886}], "LGA_74550": [{"industry": "livestock", "sector": "livestock", "trips_count": 16, "trailer_loads": 105.0, "tonnes": 2100.0, "tonne_kms": 361018.4, "tonnes_per_trailer": 20.0, "avg_trip_distance": 158.01974, "avg_trip_duration": 2.818196, "total_trip_distance": 6016.973, "total_trip_duration": 110.89511, "total_freight_value": 4525500.0, "trip_transport_costs": 67476.0, "cst_per_tonne": 32.0, "cst_per_tonne_km": 0.18690555532616973, "co2_tn": 38.148384}], "LGA_79399": [{"industry": "livestock", "sector": "livestock", "trips_count": 14, "trailer_loads": 3041.51, "tonnes": 60830.4, "tonne_kms": 5005040.5, "tonnes_per_trailer": 20.00001, "avg_trip_distance": 59.574444, "avg_trip_duration": 1.2362567, "total_trip_distance": 124869.69, "total_trip_duration": 1337.6647, "total_freight_value": 131089404.0, "trip_transport_costs": 912355.0, "cst_per_tonne": 15.0, "cst_per_tonne_km": 0.18228730025952244, "co2_tn": 414.24707}]}}