{"orig_lga": "LGA_32080", "orig_name": "Cairns (R)", "orig_state": "QLD", "fetched_at": "2026-03-16T08:26:16.453558+00:00", "destinations": {"LGA_31900": [{"commodity": "Fertilizer", "industry": "chemicals", "sector": "chemicals", "trips_count": 70, "trailer_loads": 102.08310000000002, "tonnes": 2450.0, "tonne_kms": 1059113.1, "tonnes_per_trailer": 24.000055, "avg_trip_distance": 213.52188, "avg_trip_duration": 2.3823535, "total_trip_distance": 29893.062, "total_trip_duration": 333.5295, "total_freight_value": 2082500.0, "trip_transport_costs": 165230.0, "cst_per_tonne": 67.0, "cst_per_tonne_km": 0.1560076830017273, "co2_tn": 87.14192}], "LGA_32080": [{"commodity": "Sodium Hypochlorite", "industry": "chemicals", "sector": "chemicals", "trips_count": 7, "trailer_loads": 10.032019999999997, "tonnes": 100.32021, "tonne_kms": 1022.19446, "tonnes_per_trailer": 10.0, "avg_trip_distance": 6.2561517, "avg_trip_duration": 0.088589005, "total_trip_distance": 102.219444, "total_trip_duration": 1.5677047, "total_freight_value": 120384.0, "trip_transport_costs": 1109.0, "cst_per_tonne": 11.0, "cst_per_tonne_km": 1.0852905242839075, "co2_tn": 0.23852234}, {"commodity": "Fertilizer", "industry": "chemicals", "sector": "chemicals", "trips_count": 266, "trailer_loads": 719.7904500000054, "tonnes": 17275.0, "tonne_kms": 277909.16, "tonnes_per_trailer": 24.000055, "avg_trip_distance": 21.504486, "avg_trip_duration": 0.2690477, "total_trip_distance": 11579.549, "total_trip_duration": 146.61243, "total_freight_value": 14683750.0, "trip_transport_costs": 95965.0, "cst_per_tonne": 6.0, "cst_per_tonne_km": 0.3453092073287944, "co2_tn": 25.82516}, {"commodity": "Diesel Fuel", "industry": "fuel", "sector": "fuel", "trips_count": 44, "trailer_loads": 2730.6801999999993, "tonnes": 68267.0, "tonne_kms": 681444.56, "tonnes_per_trailer": 25.000004, "avg_trip_distance": 9.106548, "avg_trip_duration": 0.13107526, "total_trip_distance": 24448.836, "total_trip_duration": 352.65295, "total_freight_value": 122880560.0, "trip_transport_costs": 288673.0, "cst_per_tonne": 4.0, "cst_per_tonne_km": 0.4236192216101493, "co2_tn": 60.34057}, {"commodity": "Unleaded Fuel", "industry": "fuel", "sector": "fuel", "trips_count": 44, "trailer_loads": 4938.459799999997, "tonnes": 123461.586, "tonne_kms": 1086772.6, "tonnes_per_trailer": 25.000027, "avg_trip_distance": 9.171769, "avg_trip_duration": 0.13200791, "total_trip_distance": 39826.79, "total_trip_duration": 582.8413, "total_freight_value": 222230820.0, "trip_transport_costs": 499845.0, "cst_per_tonne": 4.0, "cst_per_tonne_km": 0.4599353039981569, "co2_tn": 97.16565}, {"commodity": "LPG", "industry": "fuel", "sector": "fuel", "trips_count": 12, "trailer_loads": 596.467, "tonnes": 8947.0, "tonne_kms": 31567.875, "tonnes_per_trailer": 14.999999, "avg_trip_distance": 7.8097143, "avg_trip_duration": 0.11276333, "total_trip_distance": 2104.525, "total_trip_duration": 32.589046, "total_freight_value": 7157600.0, "trip_transport_costs": 47116.0, "cst_per_tonne": 5.0, "cst_per_tonne_km": 1.4925383114289572, "co2_tn": 4.9337125}, {"commodity": "HouseholdGeneral", "industry": "household_general", "sector": "general", "trips_count": 22, "trailer_loads": 1910.6226899999997, "tonnes": 24838.068, "tonne_kms": 159912.69, "tonnes_per_trailer": 12.999992, "avg_trip_distance": 6.954908, "avg_trip_duration": 0.11633137, "total_trip_distance": 13181.082, "total_trip_duration": 223.8524, "total_freight_value": 993523076.0, "trip_transport_costs": 179984.0, "cst_per_tonne": 7.0, "cst_per_tonne_km": 1.125517217214091, "co2_tn": 28.992468}, {"commodity": "Gloves", "industry": "ppe", "sector": "health", "trips_count": 6, "trailer_loads": 1.36678, "tonnes": 13.667801, "tonne_kms": 80.14038, "tonnes_per_trailer": 10.0, "avg_trip_distance": 1.9532918, "avg_trip_duration": 0.03047883, "total_trip_distance": 16.028076, "total_trip_duration": 0.26361904, "total_freight_value": 683390.0, "trip_transport_costs": 128.0, "cst_per_tonne": 9.0, "cst_per_tonne_km": 1.5976895790572494, "co2_tn": 0.015539556}, {"commodity": "Masks", "industry": "ppe", "sector": "health", "trips_count": 6, "trailer_loads": 1.4818968000000001, "tonnes": 8.891401, "tonne_kms": 65.63092, "tonnes_per_trailer": 6.000003, "avg_trip_distance": 2.4394314, "avg_trip_duration": 0.036121808, "total_trip_distance": 21.876972, "total_trip_duration": 0.3500255, "total_freight_value": 444570.0, "trip_transport_costs": 151.0, "cst_per_tonne": 17.0, "cst_per_tonne_km": 2.301135294626739, "co2_tn": 0.020976795}, {"commodity": "Gowns", "industry": "ppe", "sector": "health", "trips_count": 6, "trailer_loads": 11.682883, "tonnes": 116.82883, "tonne_kms": 685.01935, "tonnes_per_trailer": 10.0, "avg_trip_distance": 9.51391, "avg_trip_duration": 0.12735206, "total_trip_distance": 137.00388, "total_trip_duration": 2.2533476, "total_freight_value": 2920715.0, "trip_transport_costs": 1094.0, "cst_per_tonne": 9.0, "cst_per_tonne_km": 1.5976884035788044, "co2_tn": 0.13282803}, {"commodity": "Medicines", "industry": "medicines", "sector": "health", "trips_count": 11, "trailer_loads": 43.52779, "tonnes": 174.1111, "tonne_kms": 1084.8683, "tonnes_per_trailer": 4.0000014, "avg_trip_distance": 9.817205, "avg_trip_duration": 0.13476013, "total_trip_distance": 542.43414, "total_trip_duration": 8.670698, "total_freight_value": 609388774.0, "trip_transport_costs": 4210.0, "cst_per_tonne": 24.0, "cst_per_tonne_km": 3.8803621850977166, "co2_tn": 0.5203123}, {"commodity": "Bananas", "industry": "fruit", "sector": "horticulture", "trips_count": 10, "trailer_loads": 55.47822699999999, "tonnes": 1109.5657, "tonne_kms": 71472.266, "tonnes_per_trailer": 20.0, "avg_trip_distance": 55.689144, "avg_trip_duration": 0.63773465, "total_trip_distance": 3573.6133, "total_trip_duration": 40.98582, "total_freight_value": 3328696.0, "trip_transport_costs": 18955.0, "cst_per_tonne": 17.0, "cst_per_tonne_km": 0.26520555714868377, "co2_tn": 7.8356705}, {"commodity": "Cars", "industry": "vehicles", "sector": "vehicles", "trips_count": 15, "trailer_loads": 182.803772, "tonnes": 1096.8236, "tonne_kms": 2884.0132, "tonnes_per_trailer": 6.000003, "avg_trip_distance": 2.3801906, "avg_trip_duration": 0.041326497, "total_trip_distance": 480.66882, "total_trip_duration": 8.34625, "total_freight_value": 31807851.0, "trip_transport_costs": 13768.0, "cst_per_tonne": 13.0, "cst_per_tonne_km": 4.774067207875734, "co2_tn": 1.1630968}, {"commodity": "Household Waste", "industry": "waste", "sector": "waste", "trips_count": 380, "trailer_loads": 13806.720000000056, "tonnes": 138067.19, "tonne_kms": 1103465.1, "tonnes_per_trailer": 10.0, "avg_trip_distance": 7.793585, "avg_trip_duration": 0.13411485, "total_trip_distance": 110346.516, "total_trip_duration": 1871.6028, "total_freight_value": 13806720.0, "trip_transport_costs": 1409395.0, "cst_per_tonne": 10.0, "cst_per_tonne_km": 1.277244900454241, "co2_tn": 270.57706}], "LGA_32260": [{"commodity": "Fertilizer", "industry": "chemicals", "sector": "chemicals", "trips_count": 174, "trailer_loads": 254.40069999999918, "tonnes": 6105.6304, "tonne_kms": 688703.4, "tonnes_per_trailer": 24.000055, "avg_trip_distance": 82.11977, "avg_trip_duration": 0.95650876, "total_trip_distance": 28695.975, "total_trip_duration": 334.22232, "total_freight_value": 5189786.0, "trip_transport_costs": 139338.0, "cst_per_tonne": 23.0, "cst_per_tonne_km": 0.2023188043351494, "co2_tn": 63.149544}], "LGA_32310": [], "LGA_32500": [], "LGA_32810": [{"commodity": "Fertilizer", "industry": "chemicals", "sector": "chemicals", "trips_count": 107, "trailer_loads": 156.04130999999987, "tonnes": 3745.0, "tonne_kms": 324295.22, "tonnes_per_trailer": 24.000055, "avg_trip_distance": 63.141594, "avg_trip_duration": 0.8271183, "total_trip_distance": 13512.302, "total_trip_duration": 177.00331, "total_freight_value": 3183250.0, "trip_transport_costs": 70162.0, "cst_per_tonne": 19.0, "cst_per_tonne_km": 0.2163523695227617, "co2_tn": 30.266462}],