{"orig_lga": "LGA_51610", "orig_name": "Chapman Valley (S)", "orig_state": "WA", "fetched_at": "2026-03-16T08:29:49.750198+00:00", "destinations": {"LGA_53800": [{"commodity": "Barley", "industry": "grains", "sector": "cropping", "trips_count": 6, "trailer_loads": 152.00639999999999, "tonnes": 3800.1663, "tonne_kms": 242212.45, "tonnes_per_trailer": 25.00004, "avg_trip_distance": 62.630917, "avg_trip_duration": 0.671775, "total_trip_distance": 5540.613, "total_trip_duration": 59.790474, "total_freight_value": 1292058.0, "trip_transport_costs": 40477.0, "cst_per_tonne": 11.0, "cst_per_tonne_km": 0.16711229413975864, "co2_tn": 17.50508}, {"commodity": "Wheat", "industry": "grains", "sector": "cropping", "trips_count": 57, "trailer_loads": 6949.631600000001, "tonnes": 173740.62, "tonne_kms": 13290809.0, "tonnes_per_trailer": 24.999987, "avg_trip_distance": 80.12127, "avg_trip_duration": 0.8424726, "total_trip_distance": 287591.16, "total_trip_duration": 3041.5112, "total_freight_value": 71233756.0, "trip_transport_costs": 2075236.0, "cst_per_tonne": 12.0, "cst_per_tonne_km": 0.1561407035910822, "co2_tn": 938.9955}], "LGA_57000": [{"commodity": "Wheat", "industry": "grains", "sector": "cropping", "trips_count": 11, "trailer_loads": 1208.067, "tonnes": 30201.674, "tonne_kms": 6726358.5, "tonnes_per_trailer": 25.000004, "avg_trip_distance": 220.72665, "avg_trip_duration": 2.2919066, "total_trip_distance": 169537.94, "total_trip_duration": 1758.7328, "total_freight_value": 12382698.0, "trip_transport_costs": 980108.0, "cst_per_tonne": 32.0, "cst_per_tonne_km": 0.14571154944248438, "co2_tn": 517.6802}]}}