{"orig_lga": "LGA_59360", "orig_name": "Yilgarn (S)", "orig_state": "WA", "fetched_at": "2026-03-16T09:29:54.418328+00:00", "destinations": {"LGA_54620": [{"commodity": "Barley", "industry": "grains", "sector": "cropping", "trips_count": 18, "trailer_loads": 54.41298, "tonnes": 1360.322, "tonne_kms": 204560.4, "tonnes_per_trailer": 24.999949, "avg_trip_distance": 122.07154, "avg_trip_duration": 1.2410094, "total_trip_distance": 4463.3984, "total_trip_duration": 45.364544, "total_freight_value": 462509.0, "trip_transport_costs": 29963.0, "cst_per_tonne": 22.0, "cst_per_tonne_km": 0.1464761291834753, "co2_tn": 15.278107}, {"commodity": "Wheat", "industry": "grains", "sector": "cropping", "trips_count": 34, "trailer_loads": 433.55551999999994, "tonnes": 10838.898, "tonne_kms": 1708631.8, "tonnes_per_trailer": 25.000008, "avg_trip_distance": 128.73183, "avg_trip_duration": 1.3056047, "total_trip_distance": 38333.14, "total_trip_duration": 388.90918, "total_freight_value": 4443949.0, "trip_transport_costs": 250046.0, "cst_per_tonne": 23.0, "cst_per_tonne_km": 0.146342647185021, "co2_tn": 126.509544}], "LGA_54760": [{"commodity": "Wheat", "industry": "grains", "sector": "cropping", "trips_count": 10, "trailer_loads": 127.29608999999999, "tonnes": 3182.4048, "tonne_kms": 783686.9, "tonnes_per_trailer": 25.000004, "avg_trip_distance": 226.23004, "avg_trip_duration": 2.330846, "total_trip_distance": 20077.451, "total_trip_duration": 207.3483, "total_freight_value": 1304786.0, "trip_transport_costs": 114965.0, "cst_per_tonne": 36.0, "cst_per_tonne_km": 0.1466976285694661, "co2_tn": 60.905994}], "LGA_55460": [{"commodity": "Oats", "industry": "grains", "sector": "cropping", "trips_count": 13, "trailer_loads": 50.10368999999999, "tonnes": 851.7612, "tonne_kms": 89342.88, "tonnes_per_trailer": 16.999971, "avg_trip_distance": 91.87344, "avg_trip_duration": 0.93511164, "total_trip_distance": 3344.7986, "total_trip_duration": 34.076298, "total_freight_value": 276822.0, "trip_transport_costs": 20857.0, "cst_per_tonne": 24.0, "cst_per_tonne_km": 0.23344490587920175, "co2_tn": 10.061872}, {"commodity": "Barley", "industry": "grains", "sector": "cropping", "trips_count": 21, "trailer_loads": 76.75221000000003, "tonnes": 1918.802, "tonne_kms": 215519.05, "tonnes_per_trailer": 24.99995, "avg_trip_distance": 105.06722, "avg_trip_duration": 1.0760865, "total_trip_distance": 5645.9116, "total_trip_duration": 57.895657, "total_freight_value": 652393.0, "trip_transport_costs": 34368.0, "cst_per_tonne": 18.0, "cst_per_tonne_km": 0.1594664242262811, "co2_tn": 16.815962}, {"commodity": "Wheat", "industry": "grains", "sector": "cropping", "trips_count": 77, "trailer_loads": 1000.3973700000009, "tonnes": 25009.979, "tonne_kms": 2634333.8, "tonnes_per_trailer": 25.000013, "avg_trip_distance": 100.06496, "avg_trip_duration": 1.0276657, "total_trip_distance": 66673.766, "total_trip_duration": 686.01807, "total_freight_value": 10254083.0, "trip_transport_costs": 417025.0, "cst_per_tonne": 17.0, "cst_per_tonne_km": 0.15830372673836648, "co2_tn": 201.35059}], "LGA_55880": [{"commodity": "Barley", "industry": "grains", "sector": "cropping", "trips_count": 17, "trailer_loads": 54.28817, "tonnes": 1357.2018, "tonne_kms": 285251.53, "tonnes_per_trailer": 24.999949, "avg_trip_distance": 168.72604, "avg_trip_duration": 1.7340951, "total_trip_distance": 6354.3584, "total_trip_duration": 65.2608, "total_freight_value": 461448.0, "trip_transport_costs": 38728.0, "cst_per_tonne": 29.0, "cst_per_tonne_km": 0.13576619927557906, "co2_tn": 20.123343}, {"commodity": "Wheat", "industry": "grains", "sector": "cropping", "trips_count": 28, "trailer_loads": 410.34270999999995, "tonnes": 10258.579, "tonne_kms": 2003736.9, "tonnes_per_trailer": 25.000021, "avg_trip_distance": 186.65353, "avg_trip_duration": 1.9205313, "total_trip_distance": 45259.965, "total_trip_duration": 465.5255, "total_freight_value": 4206017.0, "trip_transport_costs": 276260.0, "cst_per_tonne": 27.0, "cst_per_tonne_km": 0.13787226057011367, "co2_tn": 143.62424}], "LGA_56370": [{"commodity": "Oats", "industry": "grains", "sector": "cropping", "trips_count": 7, "trailer_loads": 26.978910000000003, "tonnes": 458.64075, "tonne_kms": 57255.137, "tonnes_per_trailer": 16.999971, "avg_trip_distance": 116.94188, "avg_trip_duration": 1.179709, "total_trip_distance": 1824.3391, "total_trip_duration": 18.436264, "total_freight_value": 149058.0, "trip_transport_costs": 12247.0, "cst_per_tonne": 27.0, "cst_per_tonne_km": 0.2138950883910183, "co2_tn": 5.8833714}, {"commodity": "Barley", "industry": "grains", "sector": "cropping", "trips_count": 15, "trailer_loads": 51.29295, "tonnes": 1282.3214, "tonne_kms": 161587.05, "tonnes_per_trailer": 24.99995, "avg_trip_distance": 109.88925, "avg_trip_duration": 1.106211, "total_trip_distance": 3729.7246, "total_trip_duration": 37.54417, "total_freight_value": 435989.0, "trip_transport_costs": 24207.0, "cst_per_tonne": 19.0, "cst_per_tonne_km": 0.14980673028304878, "co2_tn": 11.852818}, {"commodity": "Wheat", "industry": "grains", "sector": "cropping", "trips_count": 57, "trailer_loads": 697.00837, "tonnes": 17425.232, "tonne_kms": 2214357.8, "tonnes_per_trailer": 25.000008, "avg_trip_distance": 112.91921, "avg_trip_duration": 1.1393173, "total_trip_distance": 51429.492, "total_trip_duration": 519.36847, "total_freight_value": 7144344.0, "trip_transport_costs": 330774.0, "cst_per_tonne": 19.0, "cst_per_tonne_km": 0.14937702064179925, "co2_tn": 161.27454}], "LGA_59360": [{"commodity": "Oats", "industry": "grains", "sector": "cropping", "trips_count": 46, "trailer_loads": 177.28997999999993, "tonnes": 3013.924, "tonne_kms": 122306.25, "tonnes_per_trailer": 16.999971, "avg_trip_distance": 35.86194, "avg_trip_duration": 0.3640842, "total_trip_distance": 4594.2354, "total_trip_duration": 46.690876, "total_freight_value": 979524.0, "trip_transport_costs": 35708.0, "cst_per_tonne": 12.0, "cst_per_tonne_km": 0.29195325075693696, "co2_tn": 13.790951}, {"commodity": "Barley", "industry": "grains", "sector": "cropping", "trips_count": 91, "trailer_loads": 319.1145299999998, "tonnes": 7977.8506, "tonne_kms": 311237.47, "tonnes_per_trailer": 24.99995, "avg_trip_distance": 35.526756, "avg_trip_duration": 0.36105436, "total_trip_distance": 8016.25, "total_trip_duration": 81.43861, "total_freight_value": 2712468.0, "trip_transport_costs": 63028.0, "cst_per_tonne": 8.0, "cst_per_tonne_km": 0.20250930721732308, "co2_tn": 24.003248}, {"commodity": "Wheat", "industry": "grains", "sector": "cropping", "trips_count": 277, "trailer_loads": 3713.5515100000002, "tonnes": 92838.93, "tonne_kms": 3631390.8, "tonnes_per_trailer": 25.000013, "avg_trip_distance": 38.39853, "avg_trip_duration": 0.39110523, "total_trip_distance": 91526.9, "total_trip_duration": 933.94586, "total_freight_value": 38063932.0, "trip_transport_costs": 730299.0, "cst_per_tonne": 8.0, "cst_per_tonne_km": 0.2011073284602823, "co2_tn": 277.59137}]}}