{"orig_lga": "LGA_54410", "orig_name": "Kellerberrin (S)", "orig_state": "WA", "fetched_at": "2026-03-16T08:49:29.645018+00:00", "destinations": {"LGA_55460": [{"commodity": "Wheat", "industry": "grains", "sector": "cropping", "trips_count": 13, "trailer_loads": 433.93051999999994, "tonnes": 10848.248, "tonne_kms": 549843.5, "tonnes_per_trailer": 24.999975, "avg_trip_distance": 49.52131, "avg_trip_duration": 0.5090351, "total_trip_distance": 14319.483, "total_trip_duration": 148.14674, "total_freight_value": 4447787.0, "trip_transport_costs": 102290.0, "cst_per_tonne": 9.0, "cst_per_tonne_km": 0.18603523062308017, "co2_tn": 42.685722}], "LGA_59360": [{"commodity": "Wheat", "industry": "grains", "sector": "cropping", "trips_count": 6, "trailer_loads": 220.77160000000003, "tonnes": 5519.283, "tonne_kms": 950185.56, "tonnes_per_trailer": 24.999985, "avg_trip_distance": 170.6114, "avg_trip_duration": 1.7430565, "total_trip_distance": 24137.184, "total_trip_duration": 246.62729, "total_freight_value": 2262909.0, "trip_transport_costs": 140061.0, "cst_per_tonne": 25.0, "cst_per_tonne_km": 0.14740391128535485, "co2_tn": 72.36859}]}}