{"orig_lga": "LGA_51190", "orig_name": "Bunbury (C)", "orig_state": "WA", "fetched_at": "2026-03-12T06:55:28.109186+00:00", "destinations": {"LGA_51190": [{"industry": "meat", "sector": "cold_food", "trips_count": 18, "trailer_loads": 82.74763999999998, "tonnes": 1489.4568, "tonne_kms": 9671.176, "tonnes_per_trailer": 18.000008, "avg_trip_distance": 5.0264053, "avg_trip_duration": 0.08815469, "total_trip_distance": 537.28754, "total_trip_duration": 9.505216, "total_freight_value": 38031868.0, "trip_transport_costs": 8083.0, "cst_per_tonne": 5.0, "cst_per_tonne_km": 0.835824669293413, "co2_tn": 1.3107816}, {"industry": "waste", "sector": "waste", "trips_count": 79, "trailer_loads": 1706.3999999999978, "tonnes": 17064.0, "tonne_kms": 55560.6, "tonnes_per_trailer": 10.0, "avg_trip_distance": 3.1968124, "avg_trip_duration": 0.06496364, "total_trip_distance": 5556.06, "total_trip_duration": 112.9068, "total_freight_value": 1706400.0, "trip_transport_costs": 136194.0, "cst_per_tonne": 8.0, "cst_per_tonne_km": 2.4512781880061425, "co2_tn": 14.4549265}], "LGA_51260": [{"industry": "meat", "sector": "cold_food", "trips_count": 26, "trailer_loads": 72.361803, "tonnes": 1302.5148, "tonne_kms": 84360.89, "tonnes_per_trailer": 18.000029, "avg_trip_distance": 43.61922, "avg_trip_duration": 0.51463586, "total_trip_distance": 4686.716, "total_trip_duration": 55.261986, "total_freight_value": 33141124.0, "trip_transport_costs": 25057.0, "cst_per_tonne": 19.0, "cst_per_tonne_km": 0.2970170222663506, "co2_tn": 10.41627}, {"industry": "grains", "sector": "cropping", "trips_count": 12, "trailer_loads": 181.44000000000008, "tonnes": 4536.0, "tonne_kms": 284745.47, "tonnes_per_trailer": 25.0, "avg_trip_distance": 60.98736, "avg_trip_duration": 0.688624, "total_trip_distance": 7593.212, "total_trip_duration": 85.71226, "total_freight_value": 2268000.0, "trip_transport_costs": 51156.0, "cst_per_tonne": 11.0, "cst_per_tonne_km": 0.17965624435831126, "co2_tn": 22.546263}], "LGA_51400": [{"industry": "grains", "sector": "cropping", "trips_count": 8, "trailer_loads": 168.48000000000005, "tonnes": 4212.0, "tonne_kms": 119616.586, "tonnes_per_trailer": 25.0, "avg_trip_distance": 31.450937, "avg_trip_duration": 0.3796682, "total_trip_distance": 3372.5117, "total_trip_duration": 40.09565, "total_freight_value": 2106000.0, "trip_transport_costs": 28000.0, "cst_per_tonne": 7.0, "cst_per_tonne_km": 0.23407938486138294, "co2_tn": 9.688995}], "LGA_52660": [], "LGA_53990": [{"industry": "meat", "sector": "cold_food", "trips_count": 9, "trailer_loads": 45.76095400000001, "tonnes": 823.6973, "tonne_kms": 8698.872, "tonnes_per_trailer": 18.000006, "avg_trip_distance": 10.48017, "avg_trip_duration": 0.13721435, "total_trip_distance": 483.2707, "total_trip_duration": 6.842166, "total_freight_value": 19334202.0, "trip_transport_costs": 5197.0, "cst_per_tonne": 6.0, "cst_per_tonne_km": 0.5973898246253648, "co2_tn": 1.106166}, {"industry": "grains", "sector": "cropping", "trips_count": 6, "trailer_loads": 68.31360000000001, "tonnes": 1707.84, "tonne_kms": 58552.77, "tonnes_per_trailer": 25.0, "avg_trip_distance": 33.029385, "avg_trip_duration": 0.37228557, "total_trip_distance": 1561.4072, "total_trip_duration": 17.707977, "total_freight_value": 853920.0, "trip_transport_costs": 12522.0, "cst_per_tonne": 7.0, "cst_per_tonne_km": 0.21386644068861752, "co2_tn": 4.646856}], "LGA_57210": [{"industry": "grains", "sector": "cropping", "trips_count": 7, "trailer_loads": 218.03080000000003, "tonnes": 5450.76, "tonne_kms": 1720949.8, "tonnes_per_trailer": 24.999989, "avg_trip_distance": 299.53085, "avg_trip_duration": 3.2725682, "total_trip_distance": 45891.992, "total_trip_duration": 503.8663, "total_freight_value": 2725380.0, "trip_transport_costs": 254406.0, "cst_per_tonne": 47.0, "cst_per_tonne_km": 0.1478289215055887, "co2_tn": 136.04889}], "LGA_57700": []}}