{"orig_lga": "LGA_50280", "orig_name": "Augusta-Margaret River (S)", "orig_state": "WA", "fetched_at": "2026-03-12T06:46:26.748366+00:00", "destinations": {"LGA_50080": [{"industry": "wood_product", "sector": "wood_product", "trips_count": 39, "trailer_loads": 666.8148679999997, "tonnes": 12133.334, "tonne_kms": 4031437.0, "tonnes_per_trailer": 22.66669, "avg_trip_distance": 214.15569, "avg_trip_duration": 2.3630283, "total_trip_distance": 147737.22, "total_trip_duration": 1651.7407, "total_freight_value": 3686670.0, "trip_transport_costs": 821885.0, "cst_per_tonne": 68.0, "cst_per_tonne_km": 0.2038689042487314, "co2_tn": 438.38492}], "LGA_51190": [{"industry": "wood_product", "sector": "wood_product", "trips_count": 227, "trailer_loads": 4289.684168000002, "tonnes": 79616.71, "tonne_kms": 7649555.5, "tonnes_per_trailer": 22.568298, "avg_trip_distance": 67.52488, "avg_trip_duration": 0.73293114, "total_trip_distance": 275996.2, "total_trip_duration": 2972.973, "total_freight_value": 26853349.0, "trip_transport_costs": 1702782.0, "cst_per_tonne": 21.0, "cst_per_tonne_km": 0.2225988145114894, "co2_tn": 817.44794}], "LGA_51260": [{"industry": "meat", "sector": "cold_food", "trips_count": 10, "trailer_loads": 34.01894, "tonnes": 612.34265, "tonne_kms": 21577.006, "tonnes_per_trailer": 18.000023, "avg_trip_distance": 27.851698, "avg_trip_duration": 0.32077622, "total_trip_distance": 1198.7225, "total_trip_duration": 13.815666, "total_freight_value": 20207263.0, "trip_transport_costs": 7430.0, "cst_per_tonne": 12.0, "cst_per_tonne_km": 0.3443364565511498, "co2_tn": 2.6694684}, {"industry": "grains", "sector": "cropping", "trips_count": 17, "trailer_loads": 298.08000000000004, "tonnes": 7452.0, "tonne_kms": 302277.4, "tonnes_per_trailer": 25.0, "avg_trip_distance": 40.324673, "avg_trip_duration": 0.4421297, "total_trip_distance": 8336.874, "total_trip_duration": 92.33266, "total_freight_value": 3726000.0, "trip_transport_costs": 61398.0, "cst_per_tonne": 8.0, "cst_per_tonne_km": 0.20311836458080165, "co2_tn": 24.124352}], "LGA_51400": [{"industry": "livestock", "sector": "livestock", "trips_count": 14, "trailer_loads": 100.0, "tonnes": 2000.0, "tonne_kms": 206754.6, "tonnes_per_trailer": 20.0, "avg_trip_distance": 85.51325, "avg_trip_duration": 0.9255924, "total_trip_distance": 6891.8203, "total_trip_duration": 74.846886, "total_freight_value": 4310000.0, "trip_transport_costs": 42021.0, "cst_per_tonne": 21.0, "cst_per_tonne_km": 0.20323989764170897, "co2_tn": 20.410126}], "LGA_52240": [], "LGA_53570": [], "LGA_53990": [{"industry": "grains", "sector": "cropping", "trips_count": 7, "trailer_loads": 112.1616, "tonnes": 2804.04, "tonne_kms": 365645.78, "tonnes_per_trailer": 25.0, "avg_trip_distance": 128.26839, "avg_trip_duration": 1.4354784, "total_trip_distance": 9750.554, "total_trip_duration": 109.360016, "total_freight_value": 1402020.0, "trip_transport_costs": 58331.0, "cst_per_tonne": 21.0, "cst_per_tonne_km": 0.15953007665589947, "co2_tn": 28.963457}, {"industry": "livestock", "sector": "livestock", "trips_count": 52, "trailer_loads": 872.6786699999996, "tonnes": 19553.334, "tonne_kms": 2922186.8, "tonnes_per_trailer": 18.057701, "avg_trip_distance": 131.80815, "avg_trip_duration": 1.4505275, "total_trip_distance": 86441.57, "total_trip_duration": 957.8937, "total_freight_value": 51769000.0, "trip_transport_costs": 508919.0, "cst_per_tonne": 26.0, "cst_per_tonne_km": 0.1741568842912814, "co2_tn": 256.61322}], "LGA_55180": [], "LGA_57210": [{"industry": "livestock", "sector": "livestock", "trips_count": 15, "trailer_loads": 88.0, "tonnes": 1280.0, "tonne_kms": 380093.7, "tonnes_per_trailer": 14.666667, "avg_trip_distance": 280.0793, "avg_trip_duration": 3.0063288, "total_trip_distance": 17625.545, "total_trip_duration": 189.17987, "total_freight_value": 5084000.0, "trip_transport_costs": 97553.0, "cst_per_tonne": 76.0, "cst_per_tonne_km": 0.2566556524550937, "co2_tn": 52.0671}], "LGA_57700": [{"industry": "grains", "sector": "cropping", "trips_count": 10, "trailer_loads": 93.91662000000002, "tonnes": 2347.9111, "tonne_kms": 531542.5, "tonnes_per_trailer": 24.99994, "avg_trip_distance": 196.51215, "avg_trip_duration": 2.1053867, "total_trip_distance": 14174.466, "total_trip_duration": 151.80945, "total_freight_value": 1173957.0, "trip_transport_costs": 79525.0, "cst_per_tonne": 34.0, "cst_per_tonne_km": 0.14961189750819548, "co2_tn": 41.8867}, {"industry": "livestock", "sector": "livestock", "trips_count": 8, "trailer_loads": 307.4, "tonnes": 7660.0, "tonne_kms": 1980733.1, "tonnes_per_trailer": 24.375, "avg_trip_distance": 252.54904, "avg_trip_duration": 2.6777866, "total_trip_distance": 52998.52, "total_trip_duration": 561.6791, "total_freight_value": 12311500.0, "trip_transport_costs": 294748.0, "cst_per_tonne": 38.0, "cst_per_tonne_km": 0.14880766606934995, "co2_tn": 156.48015}]}}