{"orig_lga": "LGA_57420", "orig_name": "Ravensthorpe (S)", "orig_state": "WA", "fetched_at": "2026-03-12T07:40:14.017522+00:00", "destinations": {"LGA_50080": [{"industry": "grains", "sector": "cropping", "trips_count": 8, "trailer_loads": 528.9453, "tonnes": 13223.609, "tonne_kms": 3156681.2, "tonnes_per_trailer": 24.999962, "avg_trip_distance": 232.7924, "avg_trip_duration": 2.365872, "total_trip_distance": 84178.17, "total_trip_duration": 856.7064, "total_freight_value": 4799713.0, "trip_transport_costs": 469574.0, "cst_per_tonne": 36.0, "cst_per_tonne_km": 0.1487556706360913, "co2_tn": 248.29056}, {"industry": "wood_product", "sector": "wood_product", "trips_count": 22, "trailer_loads": 382.37049800000017, "tonnes": 6966.6636, "tonne_kms": 2608576.2, "tonnes_per_trailer": 23.090935, "avg_trip_distance": 229.01201, "avg_trip_duration": 2.406178, "total_trip_distance": 95523.76, "total_trip_duration": 1008.28424, "total_freight_value": 2153335.0, "trip_transport_costs": 524141.0, "cst_per_tonne": 75.0, "cst_per_tonne_km": 0.2009298521171945, "co2_tn": 283.7026}], "LGA_53290": [{"industry": "grains", "sector": "cropping", "trips_count": 54, "trailer_loads": 25775.107799999998, "tonnes": 644222.0, "tonne_kms": 104423710.0, "tonnes_per_trailer": 24.85184, "avg_trip_distance": 183.55405, "avg_trip_duration": 1.8622857, "total_trip_distance": 2780847.8, "total_trip_duration": 28690.336, "total_freight_value": 313143173.0, "trip_transport_costs": 15982731.0, "cst_per_tonne": 25.0, "cst_per_tonne_km": 0.15305652590253072, "co2_tn": 8215.527}], "LGA_54550": [{"industry": "livestock", "sector": "livestock", "trips_count": 7, "trailer_loads": 42.0, "tonnes": 420.0, "tonne_kms": 137672.7, "tonnes_per_trailer": 10.0, "avg_trip_distance": 327.79214, "avg_trip_duration": 3.352912, "total_trip_distance": 9178.18, "total_trip_duration": 93.88153, "total_freight_value": 2940000.0, "trip_transport_costs": 50094.0, "cst_per_tonne": 119.0, "cst_per_tonne_km": 0.3638603872034364, "co2_tn": 27.06589}], "LGA_54760": [{"industry": "grains", "sector": "cropping", "trips_count": 26, "trailer_loads": 1223.6662999999999, "tonnes": 30591.621, "tonne_kms": 5316677.0, "tonnes_per_trailer": 24.999987, "avg_trip_distance": 180.00327, "avg_trip_duration": 1.8457817, "total_trip_distance": 139460.5, "total_trip_duration": 1420.7069, "total_freight_value": 11737340.0, "trip_transport_costs": 809278.0, "cst_per_tonne": 26.0, "cst_per_tonne_km": 0.15221501004645382, "co2_tn": 415.4199}], "LGA_54900": [{"industry": "grains", "sector": "cropping", "trips_count": 180, "trailer_loads": 9521.943000000008, "tonnes": 236958.86, "tonne_kms": 20757312.0, "tonnes_per_trailer": 24.688877, "avg_trip_distance": 85.27364, "avg_trip_duration": 0.877801, "total_trip_distance": 550987.25, "total_trip_duration": 5659.86, "total_freight_value": 90438424.0, "trip_transport_costs": 3493156.0, "cst_per_tonne": 15.0, "cst_per_tonne_km": 0.16828554478082078, "co2_tn": 1639.424}], "LGA_57700": [{"industry": "livestock", "sector": "livestock", "trips_count": 6, "trailer_loads": 36.0, "tonnes": 360.0, "tonne_kms": 192153.6, "tonnes_per_trailer": 10.0, "avg_trip_distance": 528.9122, "avg_trip_duration": 5.528707, "total_trip_distance": 12693.892, "total_trip_duration": 132.68896, "total_freight_value": 2520000.0, "trip_transport_costs": 70592.0, "cst_per_tonne": 196.0, "cst_per_tonne_km": 0.36737117950890524, "co2_tn": 37.878227}], "LGA_59360": [{"industry": "grains", "sector": "cropping", "trips_count": 11, "trailer_loads": 467.62640000000005, "tonnes": 11690.6455, "tonne_kms": 4305624.0, "tonnes_per_trailer": 24.999992, "avg_trip_distance": 320.44733, "avg_trip_duration": 3.2990096, "total_trip_distance": 98378.305, "total_trip_duration": 1013.4303, "total_freight_value": 4326451.0, "trip_transport_costs": 604755.0, "cst_per_tonne": 52.0, "cst_per_tonne_km": 0.14045695171376438, "co2_tn": 332.28336}]}}