{"orig_lga": "LGA_56860", "orig_name": "Nungarin (S)", "orig_state": "WA", "fetched_at": "2026-03-12T07:35:50.972819+00:00", "destinations": {"LGA_55460": [{"industry": "grains", "sector": "cropping", "trips_count": 26, "trailer_loads": 543.0057699999999, "tonnes": 13575.142, "tonne_kms": 651164.25, "tonnes_per_trailer": 25.000008, "avg_trip_distance": 43.52183, "avg_trip_duration": 0.4573396, "total_trip_distance": 16188.073, "total_trip_duration": 171.04842, "total_freight_value": 5489804.0, "trip_transport_costs": 121512.0, "cst_per_tonne": 9.0, "cst_per_tonne_km": 0.186606966147558, "co2_tn": 49.27615}], "LGA_55880": [{"industry": "grains", "sector": "cropping", "trips_count": 13, "trailer_loads": 267.27076, "tonnes": 6586.3276, "tonne_kms": 696900.0, "tonnes_per_trailer": 24.384596, "avg_trip_distance": 92.06272, "avg_trip_duration": 0.9525784, "total_trip_distance": 16727.018, "total_trip_duration": 173.31761, "total_freight_value": 2638823.0, "trip_transport_costs": 107115.0, "cst_per_tonne": 16.0, "cst_per_tonne_km": 0.15370176059407062, "co2_tn": 51.688366}], "LGA_59360": [{"industry": "grains", "sector": "cropping", "trips_count": 18, "trailer_loads": 512.9294299999999, "tonnes": 12823.222, "tonne_kms": 1539463.6, "tonnes_per_trailer": 24.999977, "avg_trip_distance": 121.166664, "avg_trip_duration": 1.2295942, "total_trip_distance": 37068.117, "total_trip_duration": 376.72482, "total_freight_value": 5238522.0, "trip_transport_costs": 232616.0, "cst_per_tonne": 18.0, "cst_per_tonne_km": 0.15110190987519984, "co2_tn": 113.86109}]}}