{"orig_lga": "LGA_52590", "orig_name": "Dandaragan (S)", "orig_state": "WA", "fetched_at": "2026-03-12T07:05:13.434712+00:00", "destinations": {"LGA_31000": [{"industry": "fruit", "sector": "horticulture", "trips_count": 27, "trailer_loads": 16.303617149999997, "tonnes": 291.14944, "tonne_kms": 1306056.1, "tonnes_per_trailer": 16.703707, "avg_trip_distance": 396.59412, "avg_trip_duration": 4.09722, "total_trip_distance": 41916.89, "total_trip_duration": 433.16943, "total_freight_value": 2686625.0, "trip_transport_costs": 229847.0, "cst_per_tonne": 789.0, "cst_per_tonne_km": 0.17598546751463984, "co2_tn": 129.78233}, {"industry": "vegetables", "sector": "horticulture", "trips_count": 11, "trailer_loads": 70.16915529999999, "tonnes": 1429.8204, "tonne_kms": 6420961.0, "tonnes_per_trailer": 18.727276, "avg_trip_distance": 1362.0868, "avg_trip_duration": 14.072833, "total_trip_distance": 180603.81, "total_trip_duration": 1866.5632, "total_freight_value": 4698086.0, "trip_transport_costs": 995197.0, "cst_per_tonne": 696.0, "cst_per_tonne_km": 0.15499184471615363, "co2_tn": 559.1085}], "LGA_50280": [{"industry": "grains", "sector": "cropping", "trips_count": 7, "trailer_loads": 38.56811, "tonnes": 887.068, "tonne_kms": 440663.97, "tonnes_per_trailer": 23.000038, "avg_trip_distance": 456.17386, "avg_trip_duration": 4.7883, "total_trip_distance": 12772.868, "total_trip_duration": 134.0724, "total_freight_value": 266120.0, "trip_transport_costs": 70317.0, "cst_per_tonne": 79.0, "cst_per_tonne_km": 0.15957156572748496, "co2_tn": 37.681717}], "LGA_51260": [{"industry": "grains", "sector": "cropping", "trips_count": 15, "trailer_loads": 82.64595, "tonnes": 1900.86, "tonne_kms": 790774.9, "tonnes_per_trailer": 23.000038, "avg_trip_distance": 382.01685, "avg_trip_duration": 4.012892, "total_trip_distance": 22921.012, "total_trip_duration": 240.77351, "total_freight_value": 570258.0, "trip_transport_costs": 124488.0, "cst_per_tonne": 65.0, "cst_per_tonne_km": 0.1574251792772801, "co2_tn": 67.55796}], "LGA_51400": [{"industry": "grains", "sector": "cropping", "trips_count": 6, "trailer_loads": 33.05838, "tonnes": 760.344, "tonne_kms": 294251.34, "tonnes_per_trailer": 23.000038, "avg_trip_distance": 355.37604, "avg_trip_duration": 3.7093554, "total_trip_distance": 8529.024, "total_trip_duration": 89.02453, "total_freight_value": 228103.0, "trip_transport_costs": 46360.0, "cst_per_tonne": 61.0, "cst_per_tonne_km": 0.15755146893976588, "co2_tn": 25.135807}], "LGA_51680": [{"industry": "livestock", "sector": "livestock", "trips_count": 25, "trailer_loads": 147.0, "tonnes": 1620.0, "tonne_kms": 228190.98, "tonnes_per_trailer": 11.2, "avg_trip_distance": 137.51422, "avg_trip_duration": 1.399829, "total_trip_distance": 13751.422, "total_trip_duration": 139.9829, "total_freight_value": 9886500.0, "trip_transport_costs": 79891.0, "cst_per_tonne": 49.0, "cst_per_tonne_km": 0.3501072119259614, "co2_tn": 40.50421}], "LGA_52520": [{"industry": "grains", "sector": "cropping", "trips_count": 13, "trailer_loads": 965.30423, "tonnes": 22905.871, "tonne_kms": 3450894.8, "tonnes_per_trailer": 22.99998, "avg_trip_distance": 140.75906, "avg_trip_duration": 1.452672, "total_trip_distance": 96531.66, "total_trip_duration": 996.2579, "total_freight_value": 8911319.0, "trip_transport_costs": 561471.0, "cst_per_tonne": 25.0, "cst_per_tonne_km": 0.16270307795094754, "co2_tn": 285.8542}], "LGA_52590": [{"industry": "livestock", "sector": "livestock", "trips_count": 6, "trailer_loads": 36.0, "tonnes": 660.0, "tonne_kms": 39088.7, "tonnes_per_trailer": 18.333334, "avg_trip_distance": 52.46409, "avg_trip_duration": 0.5387753, "total_trip_distance": 1370.6666, "total_trip_duration": 14.045989, "total_freight_value": 1713000.0, "trip_transport_costs": 9306.0, "cst_per_tonne": 14.0, "cst_per_tonne_km": 0.23806758432119568, "co2_tn": 4.048027}, {"industry": "waste", "sector": "waste", "trips_count": 11, "trailer_loads": 533.5200000000001, "tonnes": 5335.2, "tonne_kms": 166088.39, "tonnes_per_trailer": 10.0, "avg_trip_distance": 36.803413, "avg_trip_duration": 0.37704054, "total_trip_distance": 13850.542, "total_trip_duration": 141.33759, "total_freight_value": 533520.0, "trip_transport_costs": 96865.0, "cst_per_tonne": 18.0, "cst_per_tonne_km": 0.5832115911054326, "co2_tn": 34.559032}], "LGA_53800": [], "LGA_53990": [{"industry": "grains", "sector": "cropping", "trips_count": 12, "trailer_loads": 66.11675999999999, "tonnes": 1520.688, "tonne_kms": 486800.34, "tonnes_per_trailer": 23.000038, "avg_trip_distance": 293.96158, "avg_trip_duration": 3.068277, "total_trip_distance": 14110.155, "total_trip_duration": 147.27728, "total_freight_value": 456206.0, "trip_transport_costs": 77348.0, "cst_per_tonne": 51.0, "cst_per_tonne_km": 0.15888997376587463, "co2_tn": 41.581528}, {"industry": "livestock", "sector": "livestock", "trips_count": 44, "trailer_loads": 305.24243, "tonnes": 3393.334, "tonne_kms": 1150361.4, "tonnes_per_trailer": 11.045456, "avg_trip_distance": 335.6705, "avg_trip_duration": 3.4784753, "total_trip_distance": 69060.055, "total_trip_duration": 715.8291, "total_freight_value": 22831500.0, "trip_transport_costs": 376237.0, "cst_per_tonne": 111.0, "cst_per_tonne_km": 0.3270597148493881, "co2_tn": 203.39537}], "LGA_54550": [{"industry": "livestock", "sector": "livestock", "trips_count": 13, "trailer_loads": 78.0, "tonnes": 780.0, "tonne_kms": 359726.03, "tonnes_per_trailer": 10.0, "avg_trip_distance": 461.18723, "avg_trip_duration": 4.804341, "total_trip_distance": 23981.736, "total_trip_duration": 249.82573, "total_freight_value": 5460000.0, "trip_transport_costs": 129624.0, "cst_per_tonne": 166.0, "cst_per_tonne_km": 0.36033977637321735, "co2_tn": 70.76441}], "LGA_55600": [{"industry": "grains", "sector": "cropping", "trips_count": 19, "trailer_loads": 1763.0236999999997, "tonnes": 43265.094, "tonne_kms": 2570731.2, "tonnes_per_trailer": 24.157866, "avg_trip_distance": 55.424137, "avg_trip_duration": 0.59939337, "total_trip_distance": 70097.12, "total_trip_duration": 752.8386, "total_freight_value": 16935143.0, "trip_transport_costs": 475068.0, "cst_per_tonne": 11.0, "cst_per_tonne_km": 0.1847988067141645, "co2_tn": 208.64253}], "LGA_57700": [{"industry": "livestock", "sector": "livestock", "trips_count": 26, "trailer_loads": 154.0, "tonnes": 1640.0, "tonne_kms": 377977.12, "tonnes_per_trailer": 10.769231, "avg_trip_distance": 227.06905, "avg_trip_duration": 2.409977, "total_trip_distance": 23615.182, "total_trip_duration": 250.6376, "total_freight_value": 10511000.0, "trip_transport_costs": 132305.0, "cst_per_tonne": 81.0, "cst_per_tonne_km": 0.35003531507631747, "co2_tn": 69.72923}], "LGA_58050": []}}