{"orig_lga": "LGA_59360", "orig_name": "Yilgarn (S)", "orig_state": "WA", "fetched_at": "2026-03-12T07:58:21.581411+00:00", "destinations": {"LGA_54620": [{"industry": "grains", "sector": "cropping", "trips_count": 58, "trailer_loads": 528.0391499999997, "tonnes": 13046.818, "tonne_kms": 2011562.1, "tonnes_per_trailer": 24.310331, "avg_trip_distance": 124.906586, "avg_trip_duration": 1.268608, "total_trip_distance": 45051.453, "total_trip_duration": 457.2469, "total_freight_value": 5272928.0, "trip_transport_costs": 297864.0, "cst_per_tonne": 23.0, "cst_per_tonne_km": 0.14807573739881888, "co2_tn": 150.92366}], "LGA_54760": [{"industry": "grains", "sector": "cropping", "trips_count": 13, "trailer_loads": 135.90731999999997, "tonnes": 3397.685, "tonne_kms": 831053.56, "tonnes_per_trailer": 24.99999, "avg_trip_distance": 206.0615, "avg_trip_duration": 2.1225054, "total_trip_distance": 20910.45, "total_trip_duration": 215.91652, "total_freight_value": 1377981.0, "trip_transport_costs": 121293.0, "cst_per_tonne": 36.0, "cst_per_tonne_km": 0.14595069933631685, "co2_tn": 64.44488}], "LGA_55460": [{"industry": "grains", "sector": "cropping", "trips_count": 111, "trailer_loads": 1127.253270000001, "tonnes": 27780.541, "tonne_kms": 2939195.5, "tonnes_per_trailer": 24.063059, "avg_trip_distance": 100.05196, "avg_trip_duration": 1.0259868, "total_trip_distance": 75664.48, "total_trip_duration": 777.99, "total_freight_value": 11183297.0, "trip_transport_costs": 472250.0, "cst_per_tonne": 17.0, "cst_per_tonne_km": 0.16067306265425674, "co2_tn": 228.22841}], "LGA_55880": [{"industry": "grains", "sector": "cropping", "trips_count": 50, "trailer_loads": 483.9015299999999, "tonnes": 11943.382, "tonne_kms": 2358882.0, "tonnes_per_trailer": 24.199991, "avg_trip_distance": 181.39944, "avg_trip_duration": 1.8660132, "total_trip_distance": 53985.13, "total_trip_duration": 555.19073, "total_freight_value": 4773935.0, "trip_transport_costs": 329194.0, "cst_per_tonne": 28.0, "cst_per_tonne_km": 0.13955499780780353, "co2_tn": 171.15477}], "LGA_56370": [{"industry": "grains", "sector": "cropping", "trips_count": 79, "trailer_loads": 775.2802300000008, "tonnes": 19166.191, "tonne_kms": 2433200.0, "tonnes_per_trailer": 24.291134, "avg_trip_distance": 112.70035, "avg_trip_duration": 1.1366103, "total_trip_distance": 56983.555, "total_trip_duration": 575.3489, "total_freight_value": 7729391.0, "trip_transport_costs": 367228.0, "cst_per_tonne": 19.0, "cst_per_tonne_km": 0.15092371486429904, "co2_tn": 179.01071}], "LGA_59360": [{"industry": "grains", "sector": "cropping", "trips_count": 414, "trailer_loads": 4209.956020000002, "tonnes": 103830.75, "tonne_kms": 4064934.5, "tonnes_per_trailer": 24.111105, "avg_trip_distance": 37.48545, "avg_trip_duration": 0.38149753, "total_trip_distance": 104137.38, "total_trip_duration": 1062.0753, "total_freight_value": 41755924.0, "trip_transport_costs": 829035.0, "cst_per_tonne": 8.0, "cst_per_tonne_km": 0.2039480547054097, "co2_tn": 315.38556}]}}