{"orig_lga": "LGA_52030", "orig_name": "Coorow (S)", "orig_state": "WA", "fetched_at": "2026-03-12T07:03:15.271343+00:00", "destinations": {"LGA_52520": [{"industry": "grains", "sector": "cropping", "trips_count": 37, "trailer_loads": 1162.23563, "tonnes": 28994.184, "tonne_kms": 3511961.8, "tonnes_per_trailer": 24.783764, "avg_trip_distance": 117.91866, "avg_trip_duration": 1.2108338, "total_trip_distance": 86967.734, "total_trip_duration": 888.9846, "total_freight_value": 11810309.0, "trip_transport_costs": 536409.0, "cst_per_tonne": 19.0, "cst_per_tonne_km": 0.152737792255194, "co2_tn": 264.61176}], "LGA_53800": [{"industry": "grains", "sector": "cropping", "trips_count": 27, "trailer_loads": 1086.85612, "tonnes": 27109.686, "tonne_kms": 5563224.5, "tonnes_per_trailer": 24.70367, "avg_trip_distance": 195.32613, "avg_trip_duration": 2.0254505, "total_trip_distance": 148721.52, "total_trip_duration": 1545.0889, "total_freight_value": 11045973.0, "trip_transport_costs": 841073.0, "cst_per_tonne": 31.0, "cst_per_tonne_km": 0.15118443615362198, "co2_tn": 440.10538}], "LGA_55880": [{"industry": "grains", "sector": "cropping", "trips_count": 17, "trailer_loads": 720.5666699999999, "tonnes": 17952.51, "tonne_kms": 5015261.0, "tonnes_per_trailer": 24.529402, "avg_trip_distance": 263.39453, "avg_trip_duration": 2.72693, "total_trip_distance": 115393.79, "total_trip_duration": 1191.457, "total_freight_value": 7308104.0, "trip_transport_costs": 677804.0, "cst_per_tonne": 38.0, "cst_per_tonne_km": 0.13514836461464816, "co2_tn": 361.3909}], "LGA_57000": [{"industry": "grains", "sector": "cropping", "trips_count": 54, "trailer_loads": 1653.5439599999995, "tonnes": 41215.277, "tonne_kms": 4402925.5, "tonnes_per_trailer": 24.7037, "avg_trip_distance": 99.75883, "avg_trip_duration": 1.0343403, "total_trip_distance": 99109.29, "total_trip_duration": 1026.8279, "total_freight_value": 16694256.0, "trip_transport_costs": 657202.0, "cst_per_tonne": 16.0, "cst_per_tonne_km": 0.14926489069175605, "co2_tn": 314.06342}], "LGA_57700": [{"industry": "livestock", "sector": "livestock", "trips_count": 7, "trailer_loads": 42.0, "tonnes": 420.0, "tonne_kms": 130233.24, "tonnes_per_trailer": 10.0, "avg_trip_distance": 310.07913, "avg_trip_duration": 3.2994952, "total_trip_distance": 8682.216, "total_trip_duration": 92.385864, "total_freight_value": 2940000.0, "trip_transport_costs": 47881.0, "cst_per_tonne": 114.0, "cst_per_tonne_km": 0.3676542739873862, "co2_tn": 25.673317}]}}