{"orig_lga": "LGA_57210", "orig_name": "Plantagenet (S)", "orig_state": "WA", "fetched_at": "2026-03-12T07:37:14.748728+00:00", "destinations": {"LGA_50080": [{"industry": "meat", "sector": "cold_food", "trips_count": 9, "trailer_loads": 31.390832, "tonnes": 565.03534, "tonne_kms": 17061.902, "tonnes_per_trailer": 17.99999, "avg_trip_distance": 25.27083, "avg_trip_duration": 0.28168684, "total_trip_distance": 947.8834, "total_trip_duration": 10.554008, "total_freight_value": 19211220.0, "trip_transport_costs": 6085.0, "cst_per_tonne": 11.0, "cst_per_tonne_km": 0.35664554008960225, "co2_tn": 2.0973842}, {"industry": "grains", "sector": "cropping", "trips_count": 21, "trailer_loads": 659.5722999999999, "tonnes": 15840.895, "tonne_kms": 835612.1, "tonnes_per_trailer": 23.571417, "avg_trip_distance": 53.728584, "avg_trip_duration": 0.5609382, "total_trip_distance": 23463.447, "total_trip_duration": 246.07863, "total_freight_value": 6015940.0, "trip_transport_costs": 162238.0, "cst_per_tonne": 10.0, "cst_per_tonne_km": 0.19415413396725673, "co2_tn": 69.06592}, {"industry": "livestock", "sector": "livestock", "trips_count": 28, "trailer_loads": 159.0, "tonnes": 2640.0, "tonne_kms": 123846.02, "tonnes_per_trailer": 16.785715, "avg_trip_distance": 41.53137, "avg_trip_duration": 0.44781697, "total_trip_distance": 4860.0244, "total_trip_duration": 52.323647, "total_freight_value": 7912500.0, "trip_transport_costs": 35300.0, "cst_per_tonne": 13.0, "cst_per_tonne_km": 0.28503113475443403, "co2_tn": 14.441313}, {"industry": "wood_product", "sector": "wood_product", "trips_count": 311, "trailer_loads": 13108.813519999961, "tonnes": 238246.8, "tonne_kms": 18125536.0, "tonnes_per_trailer": 20.157566, "avg_trip_distance": 66.44054, "avg_trip_duration": 0.7446867, "total_trip_distance": 669098.25, "total_trip_duration": 7492.2163, "total_freight_value": 78611951.0, "trip_transport_costs": 4330246.0, "cst_per_tonne": 18.0, "cst_per_tonne_km": 0.23890307353348994, "co2_tn": 1992.6823}], "LGA_50770": [], "LGA_51260": [{"industry": "grains", "sector": "cropping", "trips_count": 8, "trailer_loads": 63.44, "tonnes": 1459.12, "tonne_kms": 393015.62, "tonnes_per_trailer": 23.0, "avg_trip_distance": 237.32828, "avg_trip_duration": 2.5444193, "total_trip_distance": 11391.757, "total_trip_duration": 122.13213, "total_freight_value": 437736.0, "trip_transport_costs": 63528.0, "cst_per_tonne": 44.0, "cst_per_tonne_km": 0.16164314644376415, "co2_tn": 33.655895}], "LGA_51400": [{"industry": "livestock", "sector": "livestock", "trips_count": 8, "trailer_loads": 839.545, "tonnes": 18400.0, "tonne_kms": 5101309.5, "tonnes_per_trailer": 20.250002, "avg_trip_distance": 236.07805, "avg_trip_duration": 2.5678787, "total_trip_distance": 155171.2, "total_trip_duration": 1707.2089, "total_freight_value": 110894500.0, "trip_transport_costs": 867732.0, "cst_per_tonne": 47.0, "cst_per_tonne_km": 0.1700999493939681, "co2_tn": 460.20996}], "LGA_52240": [{"industry": "grains", "sector": "cropping", "trips_count": 17, "trailer_loads": 738.8907999999999, "tonnes": 17128.812, "tonne_kms": 733201.94, "tonnes_per_trailer": 22.647034, "avg_trip_distance": 49.181778, "avg_trip_duration": 0.5257666, "total_trip_distance": 22353.322, "total_trip_duration": 241.2731, "total_freight_value": 6056383.0, "trip_transport_costs": 161393.0, "cst_per_tonne": 9.0, "cst_per_tonne_km": 0.22012039113798032, "co2_tn": 64.95928}], "LGA_52660": [{"industry": "wood_product", "sector": "wood_product", "trips_count": 37, "trailer_loads": 366.3875600000001, "tonnes": 8594.423, "tonne_kms": 2145487.5, "tonnes_per_trailer": 24.459492, "avg_trip_distance": 227.16483, "avg_trip_duration": 2.5160728, "total_trip_distance": 60858.77, "total_trip_duration": 673.65204, "total_freight_value": 15958289.0, "trip_transport_costs": 343415.0, "cst_per_tonne": 40.0, "cst_per_tonne_km": 0.16006389682706146, "co2_tn": 180.8897}], "LGA_52730": [{"industry": "livestock", "sector": "livestock", "trips_count": 14, "trailer_loads": 80.0, "tonnes": 1600.0, "tonne_kms": 109843.9, "tonnes_per_trailer": 20.0, "avg_trip_distance": 58.40705, "avg_trip_duration": 0.64558345, "total_trip_distance": 3661.4634, "total_trip_duration": 40.55239, "total_freight_value": 3448000.0, "trip_transport_costs": 24182.0, "cst_per_tonne": 15.0, "cst_per_tonne_km": 0.2201526452418022, "co2_tn": 10.910263}], "LGA_53290": [{"industry": "livestock", "sector": "livestock", "trips_count": 10, "trailer_loads": 64.0, "tonnes": 740.0, "tonne_kms": 368510.66, "tonnes_per_trailer": 12.0, "avg_trip_distance": 475.00473, "avg_trip_duration": 4.826065, "total_trip_distance": 21160.361, "total_trip_duration": 214.93268, "total_freight_value": 4211000.0, "trip_transport_costs": 114003.0, "cst_per_tonne": 154.0, "cst_per_tonne_km": 0.30936122808439814, "co2_tn": 62.26013}], "LGA_53640": [{"industry": "grains", "sector": "cropping", "trips_count": 21, "trailer_loads": 1063.9956000000002, "tonnes": 25256.428, "tonne_kms": 2473043.5, "tonnes_per_trailer": 23.095217, "avg_trip_distance": 94.537415, "avg_trip_duration": 0.9674559, "total_trip_distance": 69006.766, "total_trip_duration": 705.44183, "total_freight_value": 9292173.0, "trip_transport_costs": 421029.0, "cst_per_tonne": 17.0, "cst_per_tonne_km": 0.17024748316826008, "co2_tn": 203.46136}, {"industry": "livestock", "sector": "livestock", "trips_count": 10, "trailer_loads": 55.0, "tonnes": 800.0, "tonne_kms": 96069.56, "tonnes_per_trailer": 15.0, "avg_trip_distance": 112.726265, "avg_trip_duration": 1.147767, "total_trip_distance": 4509.051, "total_trip_duration": 45.91068, "total_freight_value": 3177500.0, "trip_transport_costs": 26672.0, "cst_per_tonne": 33.0, "cst_per_tonne_km": 0.2776349005204889, "co2_tn": 13.287926}], "LGA_53990": [{"industry": "grains", "sector": "cropping", "trips_count": 6, "trailer_loads": 47.58, "tonnes": 1094.34, "tonne_kms": 334661.75, "tonnes_per_trailer": 23.0, "avg_trip_distance": 269.45392, "avg_trip_duration": 2.9295475, "total_trip_distance": 9700.341, "total_trip_duration": 105.463715, "total_freight_value": 328302.0, "trip_transport_costs": 53856.0, "cst_per_tonne": 49.0, "cst_per_tonne_km": 0.1609278108791937, "co2_tn": 28.7641}, {"industry": "livestock", "sector": "livestock", "trips_count": 80, "trailer_loads": 1573.6724300000005, "tonnes": 32700.004, "tonne_kms": 9828233.0, "tonnes_per_trailer": 16.362505, "avg_trip_distance": 278.71353, "avg_trip_duration": 3.010353, "total_trip_distance": 314807.3, "total_trip_duration": 3403.5376, "total_freight_value": 168575000.0, "trip_transport_costs": 1745192.0, "cst_per_tonne": 53.0, "cst_per_tonne_km": 0.1775692849520706, "co2_tn": 933.1236}], "LGA_54130": [{"industry": "grains", "sector": "cropping", "trips_count": 8, "trailer_loads": 250.9877, "tonnes": 6006.0073, "tonne_kms": 1029521.5, "tonnes_per_trailer": 24.000029, "avg_trip_distance": 155.56572, "avg_trip_duration": 1.5722541, "total_trip_distance": 28320.572, "total_trip_duration": 285.60205, "total_freight_value": 2269349.0, "trip_transport_costs": 161174.0, "cst_per_tonne": 27.0, "cst_per_tonne_km": 0.1565521959109159, "co2_tn": 83.339066}, {"industry": "livestock", "sector": "livestock", "trips_count": 6, "trailer_loads": 42.0, "tonnes": 420.0, "tonne_kms": 77357.46, "tonnes_per_trailer": 10.0, "avg_trip_distance": 187.2235, "avg_trip_duration": 1.9126028, "total_trip_distance": 5157.164, "total_trip_duration": 52.662666, "total_freight_value": 2940000.0, "trip_transport_costs": 29249.0, "cst_per_tonne": 70.0, "cst_per_tonne_km": 0.37810337031162655, "co2_tn": 15.184534}], "LGA_54550": [{"industry": "livestock", "sector": "livestock", "trips_count": 42, "trailer_loads": 274.0, "tonnes": 2840.0, "tonne_kms": 323219.44, "tonnes_per_trailer": 10.238095, "avg_trip_distance": 112.837234, "avg_trip_duration": 1.1670029, "total_trip_distance": 20621.834, "total_trip_duration": 213.17522, "total_freight_value": 19091000.0, "trip_transport_costs": 123162.0, "cst_per_tonne": 43.0,