{"orig_lga": "LGA_54130", "orig_name": "Jerramungup (S)", "orig_state": "WA", "fetched_at": "2026-03-12T07:19:03.664310+00:00", "destinations": {"LGA_50080": [{"industry": "grains", "sector": "cropping", "trips_count": 29, "trailer_loads": 17290.54451, "tonnes": 432162.84, "tonne_kms": 74940560.0, "tonnes_per_trailer": 24.517248, "avg_trip_distance": 153.90443, "avg_trip_duration": 1.5884031, "total_trip_distance": 1998532.9, "total_trip_duration": 21138.553, "total_freight_value": 213582513.0, "trip_transport_costs": 11463561.0, "cst_per_tonne": 27.0, "cst_per_tonne_km": 0.15296871661546874, "co2_tn": 5910.5303}, {"industry": "wood_product", "sector": "wood_product", "trips_count": 41, "trailer_loads": 1229.94623, "tonnes": 22300.008, "tonne_kms": 3328252.5, "tonnes_per_trailer": 22.024408, "avg_trip_distance": 99.08631, "avg_trip_duration": 1.0686718, "total_trip_distance": 122483.24, "total_trip_duration": 1326.2805, "total_freight_value": 6340003.0, "trip_transport_costs": 717584.0, "cst_per_tonne": 32.0, "cst_per_tonne_km": 0.21560378789449897, "co2_tn": 364.29977}], "LGA_51260": [{"industry": "grains", "sector": "cropping", "trips_count": 8, "trailer_loads": 57.53384, "tonnes": 1323.2802, "tonne_kms": 579217.7, "tonnes_per_trailer": 23.000029, "avg_trip_distance": 419.72296, "avg_trip_duration": 4.3711033, "total_trip_distance": 16788.918, "total_trip_duration": 174.84412, "total_freight_value": 396983.0, "trip_transport_costs": 91027.0, "cst_per_tonne": 69.0, "cst_per_tonne_km": 0.15715471065606487, "co2_tn": 49.535297}], "LGA_53010": [{"industry": "grains", "sector": "cropping", "trips_count": 14, "trailer_loads": 694.5134, "tonnes": 17362.82, "tonne_kms": 3235795.5, "tonnes_per_trailer": 24.999992, "avg_trip_distance": 175.25177, "avg_trip_duration": 1.7883924, "total_trip_distance": 85892.08, "total_trip_duration": 876.6201, "total_freight_value": 6484532.0, "trip_transport_costs": 493648.0, "cst_per_tonne": 28.0, "cst_per_tonne_km": 0.15255835170352622, "co2_tn": 254.68143}], "LGA_53290": [{"industry": "grains", "sector": "cropping", "trips_count": 19, "trailer_loads": 584.4393999999999, "tonnes": 14610.981, "tonne_kms": 4273503.0, "tonnes_per_trailer": 25.00002, "avg_trip_distance": 275.1612, "avg_trip_duration": 2.779789, "total_trip_distance": 113960.08, "total_trip_duration": 1150.9207, "total_freight_value": 5723181.0, "trip_transport_costs": 625452.0, "cst_per_tonne": 43.0, "cst_per_tonne_km": 0.14635579767457457, "co2_tn": 335.72366}], "LGA_53640": [{"industry": "grains", "sector": "cropping", "trips_count": 41, "trailer_loads": 1428.0057, "tonnes": 35700.125, "tonne_kms": 2897070.2, "tonnes_per_trailer": 25.000002, "avg_trip_distance": 77.778114, "avg_trip_duration": 0.7943159, "total_trip_distance": 74681.0, "total_trip_duration": 761.3358, "total_freight_value": 13628616.0, "trip_transport_costs": 481836.0, "cst_per_tonne": 13.0, "cst_per_tonne_km": 0.16631825402628203, "co2_tn": 223.64294}, {"industry": "livestock", "sector": "livestock", "trips_count": 7, "trailer_loads": 39.0, "tonnes": 540.0, "tonne_kms": 64515.758, "tonnes_per_trailer": 14.285714, "avg_trip_distance": 114.891335, "avg_trip_duration": 1.1650552, "total_trip_distance": 3130.6306, "total_trip_duration": 31.729864, "total_freight_value": 2326500.0, "trip_transport_costs": 18815.0, "cst_per_tonne": 35.0, "cst_per_tonne_km": 0.29164173887023986, "co2_tn": 9.33343}], "LGA_53990": [{"industry": "grains", "sector": "cropping", "trips_count": 11, "trailer_loads": 79.10903000000002, "tonnes": 1819.5103, "tonne_kms": 741025.75, "tonnes_per_trailer": 23.000029, "avg_trip_distance": 390.52737, "avg_trip_duration": 4.115469, "total_trip_distance": 21479.006, "total_trip_duration": 226.3508, "total_freight_value": 545852.0, "trip_transport_costs": 117295.0, "cst_per_tonne": 64.0, "cst_per_tonne_km": 0.15828788201270333, "co2_tn": 63.592903}, {"industry": "livestock", "sector": "livestock", "trips_count": 19, "trailer_loads": 143.21213, "tonnes": 2286.667, "tonne_kms": 900863.9, "tonnes_per_trailer": 14.421058, "avg_trip_distance": 366.4891, "avg_trip_duration": 3.8462162, "total_trip_distance": 37349.02, "total_trip_duration": 392.51013, "total_freight_value": 14722000.0, "trip_transport_costs": 203539.0, "cst_per_tonne": 89.0, "cst_per_tonne_km": 0.22593801749372927, "co2_tn": 110.39951}], "LGA_54130": [{"industry": "grains", "sector": "cropping", "trips_count": 107, "trailer_loads": 3902.1285999999964, "tonnes": 97553.19, "tonne_kms": 2500349.5, "tonnes_per_trailer": 25.000004, "avg_trip_distance": 25.06514, "avg_trip_duration": 0.2517189, "total_trip_distance": 71881.28, "total_trip_duration": 721.65155, "total_freight_value": 36624942.0, "trip_transport_costs": 605640.0, "cst_per_tonne": 6.0, "cst_per_tonne_km": 0.2422223057298621, "co2_tn": 201.11595}], "LGA_54480": [{"industry": "grains", "sector": "cropping", "trips_count": 63, "trailer_loads": 2391.957699999999, "tonnes": 59588.94, "tonne_kms": 6624996.0, "tonnes_per_trailer": 24.87302, "avg_trip_distance": 106.25308, "avg_trip_duration": 1.0724167, "total_trip_distance": 161699.53, "total_trip_duration": 1631.336, "total_freight_value": 22200388.0, "trip_transport_costs": 1031312.0, "cst_per_tonne": 17.0, "cst_per_tonne_km": 0.15566987940357105, "co2_tn": 496.06204}], "LGA_54550": [{"industry": "grains", "sector": "cropping", "trips_count": 11, "trailer_loads": 380.8903000000001, "tonnes": 9522.253, "tonne_kms": 2082120.2, "tonnes_per_trailer": 25.000011, "avg_trip_distance": 216.22693, "avg_trip_duration": 2.2303517, "total_trip_distance": 55523.207, "total_trip_duration": 572.92224, "total_freight_value": 3469946.0, "trip_transport_costs": 311772.0, "cst_per_tonne": 33.0, "cst_per_tonne_km": 0.14973772772159774, "co2_tn": 163.99565}, {"industry": "livestock", "sector": "livestock", "trips_count": 24, "trailer_loads": 162.0, "tonnes": 1620.0, "tonne_kms": 350507.28, "tonnes_per_trailer": 10.0, "avg_trip_distance": 218.83492, "avg_trip_duration": 2.2562306, "total_trip_distance": 23367.152, "total_trip_duration": 240.9866, "total_freight_value": 11340000.0, "trip_transport_costs": 131070.0, "cst_per_tonne": 81.0, "cst_per_tonne_km": 0.373944226918699, "co2_tn": 69.003845}], "LGA_54620": [{"industry": "grains", "sector": "cropping", "trips_count": 12, "trailer_loads": 558.4809000000001, "tonnes": 13962.009, "tonne_kms": 3159593.5, "tonnes_per_trailer": 25.000004, "avg_trip_distance": 224.22533, "avg_trip_duration": 2.305752, "total_trip_distance": 79767.44, "total_trip_duration": 822.4931, "total_freight_value": 5357299.0, "trip_transport_costs": 463306.0, "cst_per_tonne": 33.0, "cst_per_tonne_km": 0.14663453338370505, "co2_tn": 241.56151}], "LGA_54760": [{"industry": "grains", "sector": "cropping", "trips_count": 20, "trailer_loads": 712.9836000000001, "tonnes": 17824.578, "tonne_kms": 3807374.5, "tonnes_per_trailer": 25.000008, "avg_trip_distance": 203.47101, "avg_trip_duration": 2.065727, "total_trip_distance": 96277.62, "total_trip_duration": 978.4656, "total_freight_value": 6873906.0, "trip_transport_costs": 558066.0, "cst_per_tonne": 31.0, "cst_per_tonne_km": 0.14657507967843064, "co2_tn": 290.52567}], "LGA_54900": [{"industry": "grains", "sector": "cropping", "trips_count": 88, "trailer_loads": 3022.485099999997, "tonnes": 75142.18, "tonne_kms": 10299472.0, "tonnes_per_trailer": 24.81819, "avg_trip_distance": 128.93889, "avg_trip_duration": 1.3036499, "total_trip_distance": 263208.78, "total_trip_duration": 2663.508, "total_freight_value": 28595203.0, "trip_transport_costs": 1606263.0, "cst_per_tonne": 21.0, "cst_per_tonne_km": 0.15595587307283507, "co2_tn": 795.10126}], "LGA_55180": [{"industry": "grains", "sector": "cropping", "trips_count": 8, "trailer_loads": 57.53384, "tonnes": 1323.2802, "tonne_kms": 507518.75, "tonnes_per_trailer": 23.000029, "avg_trip_distance": 367.7672, "avg_trip_duration": 3.9730544, "total_trip_distance": 14710.6875, "total_trip_duration": 158.92216,