{"orig_lga": "LGA_54620", "orig_name": "Kondinin (S)", "orig_state": "WA", "fetched_at": "2026-03-12T07:21:02.411932+00:00", "destinations": {"LGA_50080": [{"industry": "grains", "sector": "cropping", "trips_count": 6, "trailer_loads": 3942.1851600000005, "tonnes": 98528.54, "tonne_kms": 37090996.0, "tonnes_per_trailer": 24.333328, "avg_trip_distance": 327.17203, "avg_trip_duration": 3.3729773, "total_trip_distance": 989361.8, "total_trip_duration": 10404.715, "total_freight_value": 48971467.0, "trip_transport_costs": 5373299.0, "cst_per_tonne": 55.0, "cst_per_tonne_km": 0.14486801381387648, "co2_tn": 2924.9114}], "LGA_51260": [{"industry": "grains", "sector": "cropping", "trips_count": 14, "trailer_loads": 90.79098000000002, "tonnes": 2088.198, "tonne_kms": 938112.06, "tonnes_per_trailer": 23.000061, "avg_trip_distance": 388.4522, "avg_trip_duration": 4.1566772, "total_trip_distance": 27191.654, "total_trip_duration": 290.9674, "total_freight_value": 626458.0, "trip_transport_costs": 150437.0, "cst_per_tonne": 72.0, "cst_per_tonne_km": 0.16036113160421334, "co2_tn": 80.6288}], "LGA_51400": [{"industry": "grains", "sector": "cropping", "trips_count": 8, "trailer_loads": 55.79549, "tonnes": 1304.0989, "tonne_kms": 489285.2, "tonnes_per_trailer": 23.250053, "avg_trip_distance": 333.40192, "avg_trip_duration": 3.551094, "total_trip_distance": 13984.756, "total_trip_duration": 149.02715, "total_freight_value": 443229.0, "trip_transport_costs": 76668.0, "cst_per_tonne": 59.0, "cst_per_tonne_km": 0.15669421865800914, "co2_tn": 41.44643}], "LGA_53290": [{"industry": "grains", "sector": "cropping", "trips_count": 6, "trailer_loads": 51.65365, "tonnes": 1252.432, "tonne_kms": 440170.38, "tonnes_per_trailer": 24.000023, "avg_trip_distance": 315.59106, "avg_trip_duration": 3.1744757, "total_trip_distance": 11588.172, "total_trip_duration": 116.58047, "total_freight_value": 433699.0, "trip_transport_costs": 64936.0, "cst_per_tonne": 52.0, "cst_per_tonne_km": 0.1475247175685239, "co2_tn": 35.07354}], "LGA_53990": [{"industry": "grains", "sector": "cropping", "trips_count": 13, "trailer_loads": 128.82667000000006, "tonnes": 3078.0007, "tonne_kms": 1082414.1, "tonnes_per_trailer": 23.307749, "avg_trip_distance": 334.27426, "avg_trip_duration": 3.5660493, "total_trip_distance": 30374.03, "total_trip_duration": 325.03964, "total_freight_value": 1210854.0, "trip_transport_costs": 167269.0, "cst_per_tonne": 54.0, "cst_per_tonne_km": 0.15453320540916468, "co2_tn": 90.112656}, {"industry": "livestock", "sector": "livestock", "trips_count": 9, "trailer_loads": 63.45458000000001, "tonnes": 1180.001, "tonne_kms": 419429.1, "tonnes_per_trailer": 18.000011, "avg_trip_distance": 301.70926, "avg_trip_duration": 3.2328022, "total_trip_distance": 14720.24, "total_trip_duration": 157.75412, "total_freight_value": 7440000.0, "trip_transport_costs": 81047.0, "cst_per_tonne": 69.0, "cst_per_tonne_km": 0.19323207779607562, "co2_tn": 43.64408}], "LGA_54620": [{"industry": "grains", "sector": "cropping", "trips_count": 127, "trailer_loads": 2539.75901, "tonnes": 63090.875, "tonne_kms": 1567107.1, "tonnes_per_trailer": 24.448809, "avg_trip_distance": 24.533192, "avg_trip_duration": 0.25677344, "total_trip_distance": 43970.504, "total_trip_duration": 461.6221, "total_freight_value": 25285085.0, "trip_transport_costs": 385748.0, "cst_per_tonne": 6.0, "cst_per_tonne_km": 0.2461528478558013, "co2_tn": 125.949}], "LGA_54760": [{"industry": "grains", "sector": "cropping", "trips_count": 26, "trailer_loads": 479.18140999999997, "tonnes": 11934.016, "tonne_kms": 978904.9, "tonnes_per_trailer": 24.692295, "avg_trip_distance": 73.16836, "avg_trip_duration": 0.7575449, "total_trip_distance": 26094.232, "total_trip_duration": 269.97543, "total_freight_value": 4762427.0, "trip_transport_costs": 166307.0, "cst_per_tonne": 14.0, "cst_per_tonne_km": 0.1698911282489112, "co2_tn": 77.503685}], "LGA_54900": [{"industry": "grains", "sector": "cropping", "trips_count": 35, "trailer_loads": 588.72202, "tonnes": 14523.017, "tonne_kms": 1512343.5, "tonnes_per_trailer": 24.028572, "avg_trip_distance": 105.657005, "avg_trip_duration": 1.0771966, "total_trip_distance": 38639.24, "total_trip_duration": 394.7289, "total_freight_value": 5721036.0, "trip_transport_costs": 243347.0, "cst_per_tonne": 17.0, "cst_per_tonne_km": 0.16090713993712408, "co2_tn": 117.01149}], "LGA_55460": [{"industry": "grains", "sector": "cropping", "trips_count": 34, "trailer_loads": 668.5767799999999, "tonnes": 16623.387, "tonne_kms": 2226503.0, "tonnes_per_trailer": 24.52941, "avg_trip_distance": 132.73544, "avg_trip_duration": 1.3527335, "total_trip_distance": 51969.082, "total_trip_duration": 530.06433, "total_freight_value": 6599534.0, "trip_transport_costs": 330078.0, "cst_per_tonne": 20.0, "cst_per_tonne_km": 0.14824934409475307, "co2_tn": 162.89693}], "LGA_55880": [{"industry": "grains", "sector": "cropping", "trips_count": 9, "trailer_loads": 153.82727, "tonnes": 3800.1672, "tonne_kms": 1039088.8, "tonnes_per_trailer": 24.111113, "avg_trip_distance": 278.49677, "avg_trip_duration": 2.8639562, "total_trip_distance": 27298.234, "total_trip_duration": 281.2643, "total_freight_value": 1457683.0, "trip_transport_costs": 152940.0, "cst_per_tonne": 40.0, "cst_per_tonne_km": 0.14718666466401062, "co2_tn": 81.586876}], "LGA_56370": [{"industry": "grains", "sector": "cropping", "trips_count": 56, "trailer_loads": 1127.2177899999995, "tonnes": 28089.387, "tonne_kms": 1776812.2, "tonnes_per_trailer": 24.71427, "avg_trip_distance": 62.041847, "avg_trip_duration": 0.62846977, "total_trip_distance": 38391.977, "total_trip_duration": 390.21243, "total_freight_value": 11024762.0, "trip_transport_costs": 292612.0, "cst_per_tonne": 10.0, "cst_per_tonne_km": 0.16468346412827062, "co2_tn": 126.05517}], "LGA_57210": [{"industry": "grains", "sector": "cropping", "trips_count": 12, "trailer_loads": 77.82084, "tonnes": 1789.8839, "tonne_kms": 681820.8, "tonnes_per_trailer": 23.000061, "avg_trip_distance": 323.45743, "avg_trip_duration": 3.331883, "total_trip_distance": 19121.922, "total_trip_duration": 197.01459, "total_freight_value": 536964.0, "trip_transport_costs": 105918.0, "cst_per_tonne": 59.0, "cst_per_tonne_km": 0.15534585648327873, "co2_tn": 57.202564}, {"industry": "livestock", "sector": "livestock", "trips_count": 14, "trailer_loads": 83.0, "tonnes": 880.0, "tonne_kms": 292718.8, "tonnes_per_trailer": 10.714286, "avg_trip_distance": 319.17664, "avg_trip_duration": 3.303172, "total_trip_distance": 17873.89, "total_trip_duration": 184.97763, "total_freight_value": 5675500.0, "trip_transport_costs": 98847.0, "cst_per_tonne": 112.0, "cst_per_tonne_km": 0.3376866489005767, "co2_tn": 53.25173}], "LGA_57700": [], "LGA_59360": [{"industry": "grains", "sector": "cropping", "trips_count": 53, "trailer_loads": 1132.7825399999995, "tonnes": 28182.984, "tonne_kms": 3685079.2, "tonnes_per_trailer": 24.547153, "avg_trip_distance": 102.91853, "avg_trip_duration": 1.035531, "total_trip_distance": 73670.04, "total_trip_duration": 743.30426, "total_freight_value": 11084400.0, "trip_transport_costs": 534192.0, "cst_per_tonne": 19.0, "cst_per_tonne_km": 0.14496081377735975, "co2_tn": 268.11642}]}}