{"orig_lga": "LGA_55880", "orig_name": "Mount Marshall (S)", "orig_state": "WA", "fetched_at": "2026-03-12T07:31:32.315981+00:00", "destinations": {"LGA_52520": [{"industry": "grains", "sector": "cropping", "trips_count": 22, "trailer_loads": 297.67764999999997, "tonnes": 7403.775, "tonne_kms": 928737.75, "tonnes_per_trailer": 24.636383, "avg_trip_distance": 128.009, "avg_trip_duration": 1.3171117, "total_trip_distance": 18727.555, "total_trip_duration": 192.50574, "total_freight_value": 3082254.0, "trip_transport_costs": 127956.0, "cst_per_tonne": 17.0, "cst_per_tonne_km": 0.13777415210082009, "co2_tn": 62.158543}], "LGA_55460": [{"industry": "grains", "sector": "cropping", "trips_count": 21, "trailer_loads": 206.8820199999999, "tonnes": 5057.5303, "tonne_kms": 802426.06, "tonnes_per_trailer": 23.857145, "avg_trip_distance": 140.46555, "avg_trip_duration": 1.4456402, "total_trip_distance": 20817.676, "total_trip_duration": 214.41373, "total_freight_value": 2019706.0, "trip_transport_costs": 122625.0, "cst_per_tonne": 24.0, "cst_per_tonne_km": 0.1528173567802236, "co2_tn": 62.531883}], "LGA_55880": [{"industry": "grains", "sector": "cropping", "trips_count": 184, "trailer_loads": 2491.5038899999986, "tonnes": 61485.92, "tonne_kms": 1703626.0, "tonnes_per_trailer": 24.086958, "avg_trip_distance": 26.96739, "avg_trip_duration": 0.28180978, "total_trip_distance": 43838.29, "total_trip_duration": 459.31967, "total_freight_value": 24856529.0, "trip_transport_costs": 388574.0, "cst_per_tonne": 6.0, "cst_per_tonne_km": 0.2280865039739881, "co2_tn": 129.5611}], "LGA_57000": [{"industry": "grains", "sector": "cropping", "trips_count": 14, "trailer_loads": 191.84009000000003, "tonnes": 4605.129, "tonne_kms": 1054109.8, "tonnes_per_trailer": 22.142849, "avg_trip_distance": 211.96446, "avg_trip_duration": 2.2030659, "total_trip_distance": 22081.79, "total_trip_duration": 229.37004, "total_freight_value": 1828730.0, "trip_transport_costs": 139965.0, "cst_per_tonne": 30.0, "cst_per_tonne_km": 0.13278030504902952, "co2_tn": 73.20289}], "LGA_59360": [{"industry": "grains", "sector": "cropping", "trips_count": 26, "trailer_loads": 308.5648699999999, "tonnes": 7637.7725, "tonne_kms": 1618416.5, "tonnes_per_trailer": 24.384605, "avg_trip_distance": 191.76505, "avg_trip_duration": 1.9751136, "total_trip_distance": 35667.72, "total_trip_duration": 367.09036, "total_freight_value": 3008715.0, "trip_transport_costs": 221461.0, "cst_per_tonne": 29.0, "cst_per_tonne_km": 0.1368379384069243, "co2_tn": 116.89707}]}}