{"orig_lga": "LGA_54340", "orig_name": "Katanning (S)", "orig_state": "WA", "fetched_at": "2026-03-12T07:19:38.094878+00:00", "destinations": {"LGA_50080": [{"industry": "grains", "sector": "cropping", "trips_count": 11, "trailer_loads": 1995.65931, "tonnes": 49865.855, "tonne_kms": 9612478.0, "tonnes_per_trailer": 24.454548, "avg_trip_distance": 173.7476, "avg_trip_duration": 1.8316392, "total_trip_distance": 256458.27, "total_trip_duration": 2744.7402, "total_freight_value": 24248430.0, "trip_transport_costs": 1465574.0, "cst_per_tonne": 29.0, "cst_per_tonne_km": 0.15246578686293547, "co2_tn": 761.32574}, {"industry": "wood_product", "sector": "wood_product", "trips_count": 10, "trailer_loads": 98.59259900000004, "tonnes": 1816.6664, "tonne_kms": 340213.0, "tonnes_per_trailer": 23.600029, "avg_trip_distance": 111.910286, "avg_trip_duration": 1.2105842, "total_trip_distance": 12310.347, "total_trip_duration": 132.90875, "total_freight_value": 643334.0, "trip_transport_costs": 70593.0, "cst_per_tonne": 39.0, "cst_per_tonne_km": 0.20749525240337144, "co2_tn": 36.58692}], "LGA_51260": [{"industry": "grains", "sector": "cropping", "trips_count": 16, "trailer_loads": 68.06032000000002, "tonnes": 1565.387, "tonne_kms": 418127.25, "tonnes_per_trailer": 22.999998, "avg_trip_distance": 252.4923, "avg_trip_duration": 2.6510348, "total_trip_distance": 12119.631, "total_trip_duration": 127.24967, "total_freight_value": 469616.0, "trip_transport_costs": 67420.0, "cst_per_tonne": 43.0, "cst_per_tonne_km": 0.16124294071436984, "co2_tn": 35.834408}], "LGA_53010": [{"industry": "grains", "sector": "cropping", "trips_count": 16, "trailer_loads": 442.6519, "tonnes": 10236.737, "tonne_kms": 651517.0, "tonnes_per_trailer": 22.50001, "avg_trip_distance": 62.258823, "avg_trip_duration": 0.64445895, "total_trip_distance": 18883.36, "total_trip_duration": 196.63597, "total_freight_value": 3769641.0, "trip_transport_costs": 126679.0, "cst_per_tonne": 12.0, "cst_per_tonne_km": 0.1944372534030434, "co2_tn": 56.218678}], "LGA_53990": [{"industry": "grains", "sector": "cropping", "trips_count": 8, "trailer_loads": 67.07692000000002, "tonnes": 1625.8771, "tonne_kms": 382102.25, "tonnes_per_trailer": 23.499994, "avg_trip_distance": 229.37035, "avg_trip_duration": 2.4476418, "total_trip_distance": 10522.282, "total_trip_duration": 111.89928, "total_freight_value": 695535.0, "trip_transport_costs": 58866.0, "cst_per_tonne": 36.0, "cst_per_tonne_km": 0.15405931242778437, "co2_tn": 31.114082}, {"industry": "livestock", "sector": "livestock", "trips_count": 7, "trailer_loads": 41.0, "tonnes": 460.0, "tonne_kms": 110576.22, "tonnes_per_trailer": 11.428572, "avg_trip_distance": 233.1753, "avg_trip_duration": 2.4616854, "total_trip_distance": 6528.908, "total_trip_duration": 68.92719, "total_freight_value": 2735500.0, "trip_transport_costs": 36427.0, "cst_per_tonne": 79.0, "cst_per_tonne_km": 0.329432643179662, "co2_tn": 19.273102}], "LGA_54340": [{"industry": "grains", "sector": "cropping", "trips_count": 13, "trailer_loads": 460.17107, "tonnes": 11329.846, "tonne_kms": 253741.88, "tonnes_per_trailer": 24.230766, "avg_trip_distance": 20.548054, "avg_trip_duration": 0.2195504, "total_trip_distance": 7598.8, "total_trip_duration": 82.01801, "total_freight_value": 4437871.0, "trip_transport_costs": 66569.0, "cst_per_tonne": 6.0, "cst_per_tonne_km": 0.2623497462376413, "co2_tn": 20.936802}, {"industry": "livestock", "sector": "livestock", "trips_count": 51, "trailer_loads": 306.0, "tonnes": 3060.0, "tonne_kms": 50890.44, "tonnes_per_trailer": 10.0, "avg_trip_distance": 16.630863, "avg_trip_duration": 0.1876304, "total_trip_distance": 3902.988, "total_trip_duration": 44.631268, "total_freight_value": 21420000.0, "trip_transport_costs": 38523.0, "cst_per_tonne": 13.0, "cst_per_tonne_km": 0.7569806324571865, "co2_tn": 10.531031}], "LGA_54550": [{"industry": "livestock", "sector": "livestock", "trips_count": 13, "trailer_loads": 78.0, "tonnes": 780.0, "tonne_kms": 50084.94, "tonnes_per_trailer": 10.0, "avg_trip_distance": 64.211464, "avg_trip_duration": 0.6883974, "total_trip_distance": 3338.9958, "total_trip_duration": 35.796665, "total_freight_value": 5460000.0, "trip_transport_costs": 22252.0, "cst_per_tonne": 29.0, "cst_per_tonne_km": 0.44427571822322137, "co2_tn": 9.920401}, {"industry": "waste", "sector": "waste", "trips_count": 13, "trailer_loads": 280.8, "tonnes": 2808.0, "tonne_kms": 120916.37, "tonnes_per_trailer": 10.0, "avg_trip_distance": 42.27845, "avg_trip_duration": 0.46796477, "total_trip_distance": 12091.637, "total_trip_duration": 133.83792, "total_freight_value": 280800.0, "trip_transport_costs": 69060.0, "cst_per_tonne": 25.0, "cst_per_tonne_km": 0.5711413153913523, "co2_tn": 26.848911}], "LGA_54900": [{"industry": "grains", "sector": "cropping", "trips_count": 18, "trailer_loads": 660.8394000000001, "tonnes": 16355.06, "tonne_kms": 3225203.2, "tonnes_per_trailer": 24.555548, "avg_trip_distance": 192.74248, "avg_trip_duration": 1.9688447, "total_trip_distance": 86888.23, "total_trip_duration": 887.88904, "total_freight_value": 6036788.0, "trip_transport_costs": 493054.0, "cst_per_tonne": 30.0, "cst_per_tonne_km": 0.15287541026120796, "co2_tn": 256.77896}], "LGA_55180": [], "LGA_57210": [{"industry": "grains", "sector": "cropping", "trips_count": 12, "trailer_loads": 79.88393000000002, "tonnes": 1920.5302, "tonne_kms": 311967.53, "tonnes_per_trailer": 23.499998, "avg_trip_distance": 155.93607, "avg_trip_duration": 1.6304986, "total_trip_distance": 8657.221, "total_trip_duration": 90.34657, "total_freight_value": 784159.0, "trip_transport_costs": 50024.0, "cst_per_tonne": 26.0, "cst_per_tonne_km": 0.16034850610079507, "co2_tn": 25.603071}, {"industry": "livestock", "sector": "livestock", "trips_count": 13, "trailer_loads": 78.0, "tonnes": 780.0, "tonne_kms": 124023.3, "tonnes_per_trailer": 10.0, "avg_trip_distance": 159.00423, "avg_trip_duration": 1.6611435, "total_trip_distance": 8268.22, "total_trip_duration": 86.37946, "total_freight_value": 5460000.0, "trip_transport_costs": 47886.0, "cst_per_tonne": 61.0, "cst_per_tonne_km": 0.38610178817840546, "co2_tn": 24.442505}], "LGA_57700": [{"industry": "livestock", "sector": "livestock", "trips_count": 11, "trailer_loads": 66.0, "tonnes": 660.0, "tonne_kms": 166978.08, "tonnes_per_trailer": 10.0, "avg_trip_distance": 252.99709, "avg_trip_duration": 2.647653, "total_trip_distance": 11131.872, "total_trip_duration": 116.496735, "total_freight_value": 4620000.0, "trip_transport_costs": 61813.0, "cst_per_tonne": 94.0, "cst_per_tonne_km": 0.37018592658635857, "co2_tn": 32.885735}], "LGA_58890": []}}