{"orig_lga": "LGA_51610", "orig_name": "Chapman Valley (S)", "orig_state": "WA", "fetched_at": "2026-03-12T07:00:16.534610+00:00", "destinations": {"LGA_53800": [{"industry": "grains", "sector": "cropping", "trips_count": 65, "trailer_loads": 13005.972800000001, "tonnes": 324789.28, "tonne_kms": 26150114.0, "tonnes_per_trailer": 24.876915, "avg_trip_distance": 79.19483, "avg_trip_duration": 0.83356994, "total_trip_distance": 547229.75, "total_trip_duration": 5870.8613, "total_freight_value": 146016340.0, "trip_transport_costs": 3953748.0, "cst_per_tonne": 12.0, "cst_per_tonne_km": 0.15119428298966975, "co2_tn": 1797.3838}], "LGA_57000": [{"industry": "grains", "sector": "cropping", "trips_count": 14, "trailer_loads": 1309.4046999999998, "tonnes": 32735.115, "tonne_kms": 7299529.0, "tonnes_per_trailer": 25.000006, "avg_trip_distance": 222.4898, "avg_trip_duration": 2.3070216, "total_trip_distance": 184822.48, "total_trip_duration": 1916.6189, "total_freight_value": 13244070.0, "trip_transport_costs": 1065898.0, "cst_per_tonne": 33.0, "cst_per_tonne_km": 0.1460229132913062, "co2_tn": 562.9366}]}}