{"orig_lga": "LGA_56370", "orig_name": "Narembeen (S)", "orig_state": "WA", "fetched_at": "2026-03-12T07:33:23.160640+00:00", "destinations": {"LGA_53990": [{"industry": "grains", "sector": "cropping", "trips_count": 8, "trailer_loads": 76.25024, "tonnes": 1753.752, "tonne_kms": 673783.2, "tonnes_per_trailer": 22.999954, "avg_trip_distance": 307.27493, "avg_trip_duration": 3.2712426, "total_trip_distance": 17207.396, "total_trip_duration": 183.18959, "total_freight_value": 526126.0, "trip_transport_costs": 101678.0, "cst_per_tonne": 58.0, "cst_per_tonne_km": 0.15090551024341936, "co2_tn": 56.491493}], "LGA_55460": [{"industry": "grains", "sector": "cropping", "trips_count": 73, "trailer_loads": 2109.5133200000005, "tonnes": 52244.44, "tonne_kms": 3979365.0, "tonnes_per_trailer": 24.123262, "avg_trip_distance": 72.823586, "avg_trip_duration": 0.7455382, "total_trip_distance": 98243.5, "total_trip_duration": 1004.2852, "total_freight_value": 21016864.0, "trip_transport_costs": 664688.0, "cst_per_tonne": 13.0, "cst_per_tonne_km": 0.1670336949002267, "co2_tn": 301.1727}], "LGA_55880": [{"industry": "grains", "sector": "cropping", "trips_count": 25, "trailer_loads": 722.1310499999998, "tonnes": 17868.258, "tonne_kms": 4237613.5, "tonnes_per_trailer": 24.039974, "avg_trip_distance": 212.99724, "avg_trip_duration": 2.1918209, "total_trip_distance": 103435.89, "total_trip_duration": 1065.0779, "total_freight_value": 7143850.0, "trip_transport_costs": 608989.0, "cst_per_tonne": 34.0, "cst_per_tonne_km": 0.14371045075050054, "co2_tn": 322.15662}], "LGA_56370": [{"industry": "grains", "sector": "cropping", "trips_count": 128, "trailer_loads": 3665.742710000001, "tonnes": 91088.42, "tonne_kms": 2330934.5, "tonnes_per_trailer": 24.437468, "avg_trip_distance": 25.541906, "avg_trip_duration": 0.25863078, "total_trip_distance": 59374.15, "total_trip_duration": 602.761, "total_freight_value": 36434499.0, "trip_transport_costs": 549788.0, "cst_per_tonne": 6.0, "cst_per_tonne_km": 0.23586599802319175, "co2_tn": 176.37077}], "LGA_57210": [{"industry": "grains", "sector": "cropping", "trips_count": 7, "trailer_loads": 66.71896000000001, "tonnes": 1534.533, "tonne_kms": 601627.9, "tonnes_per_trailer": 22.999954, "avg_trip_distance": 355.88757, "avg_trip_duration": 3.6859958, "total_trip_distance": 17438.49, "total_trip_duration": 180.6138, "total_freight_value": 460361.0, "trip_transport_costs": 94737.0, "cst_per_tonne": 62.0, "cst_per_tonne_km": 0.15746852342072748, "co2_tn": 51.50523}], "LGA_59360": [{"industry": "grains", "sector": "cropping", "trips_count": 75, "trailer_loads": 2156.056400000001, "tonnes": 53654.68, "tonne_kms": 5388725.5, "tonnes_per_trailer": 24.573307, "avg_trip_distance": 87.48964, "avg_trip_duration": 0.8804487, "total_trip_distance": 121686.07, "total_trip_duration": 1226.539, "total_freight_value": 21457692.0, "trip_transport_costs": 836008.0, "cst_per_tonne": 16.0, "cst_per_tonne_km": 0.15514017629895596, "co2_tn": 390.65088}]}}