{"orig_lga": "LGA_50560", "orig_name": "Beverley (S)", "orig_state": "WA", "fetched_at": "2026-03-12T06:50:11.269513+00:00", "destinations": {"LGA_50280": [{"industry": "grains", "sector": "cropping", "trips_count": 16, "trailer_loads": 287.6379199999999, "tonnes": 6979.467, "tonne_kms": 2578503.0, "tonnes_per_trailer": 23.750006, "avg_trip_distance": 346.7819, "avg_trip_duration": 3.7999616, "total_trip_distance": 70912.336, "total_trip_duration": 774.78955, "total_freight_value": 3003327.0, "trip_transport_costs": 390830.0, "cst_per_tonne": 56.0, "cst_per_tonne_km": 0.15157250171538486, "co2_tn": 210.0739}], "LGA_51260": [{"industry": "grains", "sector": "cropping", "trips_count": 22, "trailer_loads": 211.48115999999993, "tonnes": 4864.0674, "tonne_kms": 1438830.0, "tonnes_per_trailer": 23.000006, "avg_trip_distance": 270.8131, "avg_trip_duration": 2.9815426, "total_trip_distance": 41705.22, "total_trip_duration": 459.15756, "total_freight_value": 1459220.0, "trip_transport_costs": 232787.0, "cst_per_tonne": 48.0, "cst_per_tonne_km": 0.16178912103280096, "co2_tn": 123.79213}], "LGA_51330": [{"industry": "grains", "sector": "cropping", "trips_count": 19, "trailer_loads": 659.52932, "tonnes": 16488.223, "tonne_kms": 1967679.4, "tonnes_per_trailer": 24.999987, "avg_trip_distance": 116.64478, "avg_trip_duration": 1.3290827, "total_trip_distance": 52471.45, "total_trip_duration": 597.88135, "total_freight_value": 8244116.0, "trip_transport_costs": 317847.0, "cst_per_tonne": 19.0, "cst_per_tonne_km": 0.1615338638668822, "co2_tn": 155.91228}], "LGA_51400": [{"industry": "grains", "sector": "cropping", "trips_count": 12, "trailer_loads": 115.35336000000001, "tonnes": 2653.128, "tonne_kms": 757613.94, "tonnes_per_trailer": 23.000006, "avg_trip_distance": 261.42648, "avg_trip_duration": 2.873046, "total_trip_distance": 21959.824, "total_trip_duration": 241.33585, "total_freight_value": 795938.0, "trip_transport_costs": 122762.0, "cst_per_tonne": 46.0, "cst_per_tonne_km": 0.16203783612002914, "co2_tn": 65.18112}], "LGA_53990": [{"industry": "grains", "sector": "cropping", "trips_count": 18, "trailer_loads": 229.2301599999999, "tonnes": 5461.5938, "tonne_kms": 1306813.0, "tonnes_per_trailer": 23.444443, "avg_trip_distance": 221.15686, "avg_trip_duration": 2.4619172, "total_trip_distance": 36539.652, "total_trip_duration": 405.81952, "total_freight_value": 2111736.0, "trip_transport_costs": 206839.0, "cst_per_tonne": 38.0, "cst_per_tonne_km": 0.15827778704876866, "co2_tn": 108.610016}, {"industry": "livestock", "sector": "livestock", "trips_count": 26, "trailer_loads": 153.09089999999998, "tonnes": 1640.0, "tonne_kms": 391670.47, "tonnes_per_trailer": 10.923079, "avg_trip_distance": 235.52457, "avg_trip_duration": 2.5839882, "total_trip_distance": 24494.555, "total_trip_duration": 268.73477, "total_freight_value": 11316000.0, "trip_transport_costs": 138084.0, "cst_per_tonne": 84.0, "cst_per_tonne_km": 0.3525521662572291, "co2_tn": 72.72398}], "LGA_55180": [], "LGA_56230": [{"industry": "grains", "sector": "cropping", "trips_count": 10, "trailer_loads": 369.56294, "tonnes": 9181.377, "tonne_kms": 1534044.0, "tonnes_per_trailer": 24.399986, "avg_trip_distance": 175.5826, "avg_trip_duration": 1.9644059, "total_trip_distance": 41195.03, "total_trip_duration": 457.81836, "total_freight_value": 4458032.0, "trip_transport_costs": 239818.0, "cst_per_tonne": 26.0, "cst_per_tonne_km": 0.15633077958232863, "co2_tn": 122.32629}], "LGA_57700": [{"industry": "livestock", "sector": "livestock", "trips_count": 17, "trailer_loads": 101.0, "tonnes": 1060.0, "tonne_kms": 127075.36, "tonnes_per_trailer": 10.588235, "avg_trip_distance": 119.19923, "avg_trip_duration": 1.3753116, "total_trip_distance": 8105.5474, "total_trip_duration": 93.52119, "total_freight_value": 6935500.0, "trip_transport_costs": 49319.0, "cst_per_tonne": 47.0, "cst_per_tonne_km": 0.38810560267634014, "co2_tn": 24.215582}]}}