{"orig_lga": "LGA_56790", "orig_name": "Northampton (S)", "orig_state": "WA", "fetched_at": "2026-03-12T07:35:19.285713+00:00", "destinations": {"LGA_52520": [{"industry": "grains", "sector": "cropping", "trips_count": 20, "trailer_loads": 1047.9476999999997, "tonnes": 26198.684, "tonne_kms": 10299446.0, "tonnes_per_trailer": 25.000004, "avg_trip_distance": 376.40103, "avg_trip_duration": 3.9508271, "total_trip_distance": 257479.25, "total_trip_duration": 2707.9368, "total_freight_value": 10720926.0, "trip_transport_costs": 1447720.0, "cst_per_tonne": 55.0, "cst_per_tonne_km": 0.14056293914907536, "co2_tn": 780.06824}], "LGA_53800": [{"industry": "grains", "sector": "cropping", "trips_count": 103, "trailer_loads": 16448.124399999997, "tonnes": 411032.9, "tonne_kms": 36500332.0, "tonnes_per_trailer": 24.844645, "avg_trip_distance": 130.27931, "avg_trip_duration": 1.3933249, "total_trip_distance": 928088.1, "total_trip_duration": 10530.043, "total_freight_value": 192943550.0, "trip_transport_costs": 6024367.0, "cst_per_tonne": 15.0, "cst_per_tonne_km": 0.16504965877562086, "co2_tn": 2829.0151}, {"industry": "livestock", "sector": "livestock", "trips_count": 6, "trailer_loads": 36.0, "tonnes": 660.0, "tonne_kms": 69527.4, "tonnes_per_trailer": 18.333334, "avg_trip_distance": 87.150894, "avg_trip_duration": 0.9857027, "total_trip_distance": 2449.09, "total_trip_duration": 27.582722, "total_freight_value": 1713000.0, "trip_transport_costs": 15284.0, "cst_per_tonne": 23.0, "cst_per_tonne_km": 0.2198280073969267, "co2_tn": 7.3124037}], "LGA_55880": [{"industry": "grains", "sector": "cropping", "trips_count": 16, "trailer_loads": 774.9215, "tonnes": 19287.86, "tonne_kms": 10671205.0, "tonnes_per_trailer": 24.499998, "avg_trip_distance": 507.16147, "avg_trip_duration": 5.254379, "total_trip_distance": 221603.83, "total_trip_duration": 2294.5647, "total_freight_value": 7831056.0, "trip_transport_costs": 1378454.0, "cst_per_tonne": 71.0, "cst_per_tonne_km": 0.12917506043424806, "co2_tn": 723.8079}], "LGA_57000": [{"industry": "grains", "sector": "cropping", "trips_count": 42, "trailer_loads": 1957.7412000000004, "tonnes": 48943.46, "tonne_kms": 14949456.0, "tonnes_per_trailer": 24.999994, "avg_trip_distance": 305.15427, "avg_trip_duration": 3.2114618, "total_trip_distance": 398652.16, "total_trip_duration": 4196.3633, "total_freight_value": 20005261.0, "trip_transport_costs": 2194682.0, "cst_per_tonne": 45.0, "cst_per_tonne_km": 0.146806845450597, "co2_tn": 1178.8408}]}}