{"orig_lga": "LGA_58760", "orig_name": "Wanneroo (C)", "orig_state": "WA", "fetched_at": "2026-03-12T07:50:23.817683+00:00", "destinations": {"LGA_31000": [{"industry": "fruit", "sector": "horticulture", "trips_count": 16, "trailer_loads": 16.74880564, "tonnes": 301.9972, "tonne_kms": 1342458.2, "tonnes_per_trailer": 12.81249, "avg_trip_distance": 803.14136, "avg_trip_duration": 8.31585, "total_trip_distance": 42495.18, "total_trip_duration": 440.12225, "total_freight_value": 1795682.0, "trip_transport_costs": 234921.0, "cst_per_tonne": 778.0, "cst_per_tonne_km": 0.17499280925985397, "co2_tn": 132.0289}], "LGA_51330": [{"industry": "fruit", "sector": "horticulture", "trips_count": 32, "trailer_loads": 51.14762035, "tonnes": 647.4753, "tonne_kms": 36327.355, "tonnes_per_trailer": 13.593752, "avg_trip_distance": 24.3615, "avg_trip_duration": 0.29267707, "total_trip_distance": 1847.5299, "total_trip_duration": 22.22518, "total_freight_value": 3742746.0, "trip_transport_costs": 13282.0, "cst_per_tonne": 21.0, "cst_per_tonne_km": 0.36561531619849474, "co2_tn": 5.5150585}, {"industry": "vegetables", "sector": "horticulture", "trips_count": 12, "trailer_loads": 151.96681739999997, "tonnes": 1964.1228, "tonne_kms": 125680.31, "tonnes_per_trailer": 16.000011, "avg_trip_distance": 30.416637, "avg_trip_duration": 0.37025723, "total_trip_distance": 6498.3574, "total_trip_duration": 77.737915, "total_freight_value": 7772684.0, "trip_transport_costs": 44739.0, "cst_per_tonne": 23.0, "cst_per_tonne_km": 0.3559779954983309, "co2_tn": 19.332752}, {"industry": "wood_product", "sector": "wood_product", "trips_count": 9, "trailer_loads": 4238.4694, "tonnes": 103969.39, "tonne_kms": 5658697.5, "tonnes_per_trailer": 22.222227, "avg_trip_distance": 53.3224, "avg_trip_duration": 0.66121554, "total_trip_distance": 165313.12, "total_trip_duration": 2057.623, "total_freight_value": 193446940.0, "trip_transport_costs": 1111056.0, "cst_per_tonne": 11.0, "cst_per_tonne_km": 0.19634476931722142, "co2_tn": 462.85907}], "LGA_51680": [{"industry": "grains", "sector": "cropping", "trips_count": 8, "trailer_loads": 128.37584, "tonnes": 3209.393, "tonne_kms": 194923.02, "tonnes_per_trailer": 24.999962, "avg_trip_distance": 49.31902, "avg_trip_duration": 0.5829521, "total_trip_distance": 5197.9473, "total_trip_duration": 60.7567, "total_freight_value": 1604696.0, "trip_transport_costs": 35525.0, "cst_per_tonne": 11.0, "cst_per_tonne_km": 0.1822520215663267, "co2_tn": 15.506851}], "LGA_51820": [{"industry": "fruit", "sector": "horticulture", "trips_count": 59, "trailer_loads": 81.51551389999999, "tonnes": 1124.6646, "tonne_kms": 72107.41, "tonnes_per_trailer": 12.118644, "avg_trip_distance": 20.341253, "avg_trip_duration": 0.2385126, "total_trip_distance": 3407.5278, "total_trip_duration": 39.93976, "total_freight_value": 6511384.0, "trip_transport_costs": 23483.0, "cst_per_tonne": 21.0, "cst_per_tonne_km": 0.3256617578167618, "co2_tn": 10.108165}, {"industry": "vegetables", "sector": "horticulture", "trips_count": 39, "trailer_loads": 204.887208, "tonnes": 3143.6357, "tonne_kms": 208593.23, "tonnes_per_trailer": 16.30769, "avg_trip_distance": 35.28985, "avg_trip_duration": 0.42365286, "total_trip_distance": 9040.263, "total_trip_duration": 106.2593, "total_freight_value": 15241767.0, "trip_transport_costs": 61571.0, "cst_per_tonne": 20.0, "cst_per_tonne_km": 0.29517081684142105, "co2_tn": 26.823853}], "LGA_53430": [{"industry": "vegetables", "sector": "horticulture", "trips_count": 16, "trailer_loads": 15.8475026, "tonnes": 244.53986, "tonne_kms": 14135.14, "tonnes_per_trailer": 17.499989, "avg_trip_distance": 19.143806, "avg_trip_duration": 0.2736157, "total_trip_distance": 613.768, "total_trip_duration": 8.707339, "total_freight_value": 1059464.0, "trip_transport_costs": 4511.0, "cst_per_tonne": 18.0, "cst_per_tonne_km": 0.31915460495146863, "co2_tn": 1.8925503}], "LGA_53570": [{"industry": "grains", "sector": "cropping", "trips_count": 14, "trailer_loads": 268.14208, "tonnes": 6703.547, "tonne_kms": 492463.38, "tonnes_per_trailer": 24.999949, "avg_trip_distance": 54.067513, "avg_trip_duration": 0.6227849, "total_trip_distance": 13132.356, "total_trip_duration": 148.54572, "total_freight_value": 3351772.0, "trip_transport_costs": 85730.0, "cst_per_tonne": 13.0, "cst_per_tonne_km": 0.17408405942370836, "co2_tn": 39.124363}], "LGA_53780": [{"industry": "wood_product", "sector": "wood_product", "trips_count": 17, "trailer_loads": 1993.6363999999996, "tonnes": 49500.01, "tonne_kms": 3047943.5, "tonnes_per_trailer": 22.352974, "avg_trip_distance": 65.43526, "avg_trip_duration": 0.75069946, "total_trip_distance": 81992.305, "total_trip_duration": 963.30804, "total_freight_value": 76000000.0, "trip_transport_costs": 558427.0, "cst_per_tonne": 11.0, "cst_per_tonne_km": 0.18321429685140575, "co2_tn": 243.5347}], "LGA_54170": [], "LGA_57080": [{"industry": "wood_product", "sector": "wood_product", "trips_count": 26, "trailer_loads": 454.9068, "tonnes": 9098.14, "tonne_kms": 363234.03, "tonnes_per_trailer": 20.000004, "avg_trip_distance": 37.358757, "avg_trip_duration": 0.44513825, "total_trip_distance": 22019.49, "total_trip_duration": 260.68085, "total_freight_value": 45490680.0, "trip_transport_costs": 103290.0, "cst_per_tonne": 11.0, "cst_per_tonne_km": 0.2843624757914771, "co2_tn": 34.565903}], "LGA_57700": [{"industry": "grains", "sector": "cropping", "trips_count": 19, "trailer_loads": 209.80774000000002, "tonnes": 5245.182, "tonne_kms": 400805.1, "tonnes_per_trailer": 24.999939, "avg_trip_distance": 65.78288, "avg_trip_duration": 0.79049283, "total_trip_distance": 10688.136, "total_trip_duration": 127.5873, "total_freight_value": 2622591.0, "trip_transport_costs": 69979.0, "cst_per_tonne": 13.0, "cst_per_tonne_km": 0.1745959364415591, "co2_tn": 31.929874}], "LGA_57910": [{"industry": "meat", "sector": "cold_food", "trips_count": 54, "trailer_loads": 2463.3321999999994, "tonnes": 32023.328, "tonne_kms": 970706.2, "tonnes_per_trailer": 13.000005, "avg_trip_distance": 29.847797, "avg_trip_duration": 0.36837173, "total_trip_distance": 49779.805, "total_trip_duration": 613.938, "total_freight_value": 192140040.0, "trip_transport_costs": 422218.0, "cst_per_tonne": 13.0, "cst_per_tonne_km": 0.4349599536877115, "co2_tn": 149.6981}, {"industry": "wood_product", "sector": "wood_product", "trips_count": 9, "trailer_loads": 314.8602, "tonnes": 6297.21, "tonne_kms": 220722.7, "tonnes_per_trailer": 20.000013, "avg_trip_distance": 34.35345, "avg_trip_duration": 0.41581437, "total_trip_distance": 20661.992, "total_trip_duration": 246.12991, "total_freight_value": 31486020.0, "trip_transport_costs": 72976.0, "cst_per_tonne": 12.0, "cst_per_tonne_km": 0.33062513662504833, "co2_tn": 19.942327}], "LGA_58050": [{"industry": "wood_product", "sector": "wood_product", "trips_count": 7, "trailer_loads": 440.9461, "tonnes": 8818.925, "tonne_kms": 412490.72, "tonnes_per_trailer": 20.00001, "avg_trip_distance": 45.625557, "avg_trip_duration": 0.5649029, "total_trip_distance": 27747.535, "total_trip_duration": 334.8493, "total_freight_value": 44094610.0, "trip_transport_costs": 121608.0, "cst_per_tonne": 14.0, "cst_per_tonne_km": 0.2948143733210323, "co2_tn": 42.39594}], "LGA_58570": [{"industry": "wood_product", "sector": "wood_product", "trips_count": 6, "trailer_loads": 157.4301, "tonnes": 3148.605, "tonne_kms": 127798.17, "tonnes_per_trailer": 20.000011, "avg_trip_distance": 36.317894, "avg_trip_duration": 0.44076008, "total_trip_distance": 12016.311, "total_trip_duration": 148.51825, "total_freight_value": 15743010.0, "trip_transport_costs": 41281.0, "cst_per_tonne": 13.0, "cst_per_tonne_km": 0.323017270567648, "co2_tn": 11.644214}], "LGA_58760": [{"industry": "grains", "sector": "cropping", "trips_count": 27, "trailer_loads": 1299.5386999999998, "tonnes": 32488.469, "tonne_kms": 220269.88, "tonnes_per_trailer": 25.000008, "avg_trip_distance": 8.575066, "avg_trip_duration": 0.1340723,