{"orig_lga": "LGA_59370", "orig_name": "York (S)", "orig_state": "WA", "fetched_at": "2026-03-12T07:58:27.101440+00:00", "destinations": {"LGA_51260": [{"industry": "grains", "sector": "cropping", "trips_count": 23, "trailer_loads": 200.17279000000002, "tonnes": 4624.7773, "tonne_kms": 1485826.5, "tonnes_per_trailer": 23.08698, "avg_trip_distance": 296.58487, "avg_trip_duration": 3.197877, "total_trip_distance": 42871.996, "total_trip_duration": 462.65643, "total_freight_value": 1439432.0, "trip_transport_costs": 236496.0, "cst_per_tonne": 51.0, "cst_per_tonne_km": 0.15916799400030893, "co2_tn": 126.62662}], "LGA_51330": [{"industry": "grains", "sector": "cropping", "trips_count": 7, "trailer_loads": 428.4577, "tonnes": 10711.438, "tonne_kms": 1050303.1, "tonnes_per_trailer": 24.999985, "avg_trip_distance": 102.060616, "avg_trip_duration": 1.1928031, "total_trip_distance": 28008.082, "total_trip_duration": 329.5194, "total_freight_value": 5355721.0, "trip_transport_costs": 174950.0, "cst_per_tonne": 16.0, "cst_per_tonne_km": 0.16657093738935486, "co2_tn": 83.42944}], "LGA_51400": [{"industry": "grains", "sector": "cropping", "trips_count": 11, "trailer_loads": 90.76089, "tonnes": 2087.5027, "tonne_kms": 608227.56, "tonnes_per_trailer": 23.000029, "avg_trip_distance": 267.11795, "avg_trip_duration": 2.8891141, "total_trip_distance": 17629.785, "total_trip_duration": 190.68153, "total_freight_value": 626250.0, "trip_transport_costs": 97951.0, "cst_per_tonne": 47.0, "cst_per_tonne_km": 0.16104293282217255, "co2_tn": 52.121227}], "LGA_51680": [{"industry": "livestock", "sector": "livestock", "trips_count": 9, "trailer_loads": 60.0, "tonnes": 600.0, "tonne_kms": 75188.76, "tonnes_per_trailer": 10.0, "avg_trip_distance": 125.875, "avg_trip_duration": 1.4597241, "total_trip_distance": 5012.584, "total_trip_duration": 58.17267, "total_freight_value": 4200000.0, "trip_transport_costs": 30197.0, "cst_per_tonne": 50.0, "cst_per_tonne_km": 0.40162137574901313, "co2_tn": 14.8838215}], "LGA_51820": [{"industry": "fruit", "sector": "horticulture", "trips_count": 12, "trailer_loads": 46.42251199999999, "tonnes": 835.6053, "tonne_kms": 91792.77, "tonnes_per_trailer": 18.000004, "avg_trip_distance": 78.770096, "avg_trip_duration": 0.8973793, "total_trip_distance": 3399.7324, "total_trip_duration": 38.83825, "total_freight_value": 8356053.0, "trip_transport_costs": 20796.0, "cst_per_tonne": 25.0, "cst_per_tonne_km": 0.2265540739253776, "co2_tn": 10.093651}, {"industry": "livestock", "sector": "livestock", "trips_count": 19, "trailer_loads": 105.0, "tonnes": 2100.0, "tonne_kms": 260107.5, "tonnes_per_trailer": 20.0, "avg_trip_distance": 103.96498, "avg_trip_duration": 1.2051107, "total_trip_distance": 8670.25, "total_trip_duration": 100.52922, "total_freight_value": 3150000.0, "trip_transport_costs": 52372.0, "cst_per_tonne": 25.0, "cst_per_tonne_km": 0.20134651733538067, "co2_tn": 25.765182}], "LGA_52450": [{"industry": "grains", "sector": "cropping", "trips_count": 12, "trailer_loads": 441.2646, "tonnes": 10520.651, "tonne_kms": 630443.3, "tonnes_per_trailer": 22.999975, "avg_trip_distance": 58.551792, "avg_trip_duration": 0.60787314, "total_trip_distance": 17548.84, "total_trip_duration": 182.02315, "total_freight_value": 4166362.0, "trip_transport_costs": 118591.0, "cst_per_tonne": 11.0, "cst_per_tonne_km": 0.18810794429326666, "co2_tn": 51.94752}], "LGA_53990": [{"industry": "grains", "sector": "cropping", "trips_count": 15, "trailer_loads": 138.69996, "tonnes": 3236.4724, "tonne_kms": 788220.25, "tonnes_per_trailer": 23.133356, "avg_trip_distance": 223.54393, "avg_trip_duration": 2.4002237, "total_trip_distance": 22513.771, "total_trip_duration": 241.6639, "total_freight_value": 1086871.0, "trip_transport_costs": 125976.0, "cst_per_tonne": 39.0, "cst_per_tonne_km": 0.1598234256819398, "co2_tn": 66.449905}, {"industry": "livestock", "sector": "livestock", "trips_count": 12, "trailer_loads": 90.0, "tonnes": 900.0, "tonne_kms": 225335.1, "tonnes_per_trailer": 10.0, "avg_trip_distance": 248.44, "avg_trip_duration": 2.65255, "total_trip_distance": 15022.34, "total_trip_duration": 160.36946, "total_freight_value": 6300000.0, "trip_transport_costs": 83732.0, "cst_per_tonne": 93.0, "cst_per_tonne_km": 0.3715876991461189, "co2_tn": 44.29477}], "LGA_54550": [{"industry": "livestock", "sector": "livestock", "trips_count": 23, "trailer_loads": 186.0, "tonnes": 1860.0, "tonne_kms": 517436.34, "tonnes_per_trailer": 10.0, "avg_trip_distance": 276.64847, "avg_trip_duration": 2.9380913, "total_trip_distance": 34495.754, "total_trip_duration": 366.32446, "total_freight_value": 13020000.0, "trip_transport_costs": 191546.0, "cst_per_tonne": 103.0, "cst_per_tonne_km": 0.37018254072073964, "co2_tn": 102.16771}], "LGA_57700": [{"industry": "livestock", "sector": "livestock", "trips_count": 54, "trailer_loads": 1176.0, "tonnes": 11760.0, "tonne_kms": 1717994.6, "tonnes_per_trailer": 10.0, "avg_trip_distance": 137.00783, "avg_trip_duration": 1.5754132, "total_trip_distance": 114532.97, "total_trip_duration": 1288.5131, "total_freight_value": 82320000.0, "trip_transport_costs": 677070.0, "cst_per_tonne": 58.0, "cst_per_tonne_km": 0.3941049187392412, "co2_tn": 338.8981}], "LGA_58050": [{"industry": "livestock", "sector": "livestock", "trips_count": 6, "trailer_loads": 36.0, "tonnes": 360.0, "tonne_kms": 31309.32, "tonnes_per_trailer": 10.0, "avg_trip_distance": 86.97033, "avg_trip_duration": 1.010475, "total_trip_distance": 2087.288, "total_trip_duration": 24.2514, "total_freight_value": 2520000.0, "trip_transport_costs": 13257.0, "cst_per_tonne": 37.0, "cst_per_tonne_km": 0.4234096103633773, "co2_tn": 6.203074}]}}