{"orig_lga": "LGA_55180", "orig_name": "Manjimup (S)", "orig_state": "WA", "fetched_at": "2026-03-12T07:25:51.706569+00:00", "destinations": {"LGA_31000": [{"industry": "fruit", "sector": "horticulture", "trips_count": 151, "trailer_loads": 45.95828146999999, "tonnes": 833.16266, "tonne_kms": 3753308.5, "tonnes_per_trailer": 16.291393, "avg_trip_distance": 449.76093, "avg_trip_duration": 4.639543, "total_trip_distance": 118745.35, "total_trip_duration": 1225.4952, "total_freight_value": 3716689.0, "trip_transport_costs": 654096.0, "cst_per_tonne": 785.0, "cst_per_tonne_km": 0.1742719303127367, "co2_tn": 367.65964}, {"industry": "vegetables", "sector": "horticulture", "trips_count": 25, "trailer_loads": 65.30180650999999, "tonnes": 1058.6663, "tonne_kms": 4776659.5, "tonnes_per_trailer": 16.600006, "avg_trip_distance": 1119.3009, "avg_trip_duration": 11.541873, "total_trip_distance": 169081.45, "total_trip_duration": 1744.5977, "total_freight_value": 4114016.0, "trip_transport_costs": 930387.0, "cst_per_tonne": 879.0, "cst_per_tonne_km": 0.19477772243894864, "co2_tn": 522.7726}], "LGA_53990": [{"industry": "livestock", "sector": "livestock", "trips_count": 65, "trailer_loads": 430.43019000000055, "tonnes": 8186.667, "tonne_kms": 1614262.8, "tonnes_per_trailer": 18.123089, "avg_trip_distance": 154.70602, "avg_trip_duration": 1.786884, "total_trip_distance": 54748.824, "total_trip_duration": 636.4102, "total_freight_value": 40526500.0, "trip_transport_costs": 318195.0, "cst_per_tonne": 39.0, "cst_per_tonne_km": 0.19711501051815292, "co2_tn": 163.35089}], "LGA_55180": [{"industry": "livestock", "sector": "livestock", "trips_count": 7, "trailer_loads": 312.4, "tonnes": 7760.0, "tonne_kms": 64314.28, "tonnes_per_trailer": 23.571428, "avg_trip_distance": 14.436191, "avg_trip_duration": 0.17401744, "total_trip_distance": 2539.5332, "total_trip_duration": 28.081799, "total_freight_value": 12527000.0, "trip_transport_costs": 30571.0, "cst_per_tonne": 4.0, "cst_per_tonne_km": 0.4753389285986733, "co2_tn": 5.7568336}, {"industry": "waste", "sector": "waste", "trips_count": 30, "trailer_loads": 1036.8000000000002, "tonnes": 10368.0, "tonne_kms": 382037.16, "tonnes_per_trailer": 10.0, "avg_trip_distance": 31.286247, "avg_trip_duration": 0.37917158, "total_trip_distance": 31028.242, "total_trip_duration": 376.88782, "total_freight_value": 1036800.0, "trip_transport_costs": 214495.0, "cst_per_tonne": 21.0, "cst_per_tonne_km": 0.5614499028016049, "co2_tn": 80.36084}, {"industry": "wood_product", "sector": "wood_product", "trips_count": 24, "trailer_loads": 655.798583, "tonnes": 14698.16, "tonne_kms": 520619.4, "tonnes_per_trailer": 22.833345, "avg_trip_distance": 33.92621, "avg_trip_duration": 0.39545774, "total_trip_distance": 17688.943, "total_trip_duration": 207.70279, "total_freight_value": 47362987.0, "trip_transport_costs": 123990.0, "cst_per_tonne": 8.0, "cst_per_tonne_km": 0.23815838524742214, "co2_tn": 44.27187}], "LGA_57080": [{"industry": "wood_product", "sector": "wood_product", "trips_count": 22, "trailer_loads": 135.0, "tonnes": 2700.0, "tonne_kms": 837782.4, "tonnes_per_trailer": 20.0, "avg_trip_distance": 263.91245, "avg_trip_duration": 2.8968825, "total_trip_distance": 27926.08, "total_trip_duration": 306.703, "total_freight_value": 13500000.0, "trip_transport_costs": 154926.0, "cst_per_tonne": 57.0, "cst_per_tonne_km": 0.18492368871916917, "co2_tn": 82.77037}], "LGA_57210": [{"industry": "livestock", "sector": "livestock", "trips_count": 45, "trailer_loads": 255.0, "tonnes": 3600.0, "tonne_kms": 646135.75, "tonnes_per_trailer": 14.444445, "avg_trip_distance": 169.71698, "avg_trip_duration": 1.8043123, "total_trip_distance": 31036.496, "total_trip_duration": 330.04456, "total_freight_value": 15025500.0, "trip_transport_costs": 177349.0, "cst_per_tonne": 49.0, "cst_per_tonne_km": 0.27447678816852245, "co2_tn": 91.68767}]}}