{"orig_lga": "LGA_56460", "orig_name": "Narrogin (S)", "orig_state": "WA", "fetched_at": "2026-03-12T07:33:52.100440+00:00", "destinations": {"LGA_50080": [{"industry": "grains", "sector": "cropping", "trips_count": 10, "trailer_loads": 164.99699999999999, "tonnes": 3736.3267, "tonne_kms": 1017753.8, "tonnes_per_trailer": 23.00002, "avg_trip_distance": 251.97333, "avg_trip_duration": 2.6532464, "total_trip_distance": 29969.252, "total_trip_duration": 315.07074, "total_freight_value": 1286548.0, "trip_transport_costs": 166681.0, "cst_per_tonne": 45.0, "cst_per_tonne_km": 0.16377324331903448, "co2_tn": 88.710014}], "LGA_51260": [{"industry": "grains", "sector": "cropping", "trips_count": 14, "trailer_loads": 205.52089999999995, "tonnes": 4747.7812, "tonne_kms": 1144198.6, "tonnes_per_trailer": 23.142862, "avg_trip_distance": 220.45938, "avg_trip_duration": 2.4051127, "total_trip_distance": 33024.18, "total_trip_duration": 360.3078, "total_freight_value": 1476332.0, "trip_transport_costs": 185639.0, "cst_per_tonne": 39.0, "cst_per_tonne_km": 0.1622441003741811, "co2_tn": 97.8162}], "LGA_51330": [], "LGA_53010": [{"industry": "grains", "sector": "cropping", "trips_count": 27, "trailer_loads": 540.4943999999999, "tonnes": 11010.509, "tonne_kms": 1010919.25, "tonnes_per_trailer": 21.444492, "avg_trip_distance": 87.548035, "avg_trip_duration": 0.9071531, "total_trip_distance": 33121.15, "total_trip_duration": 342.821, "total_freight_value": 3955824.0, "trip_transport_costs": 205385.0, "cst_per_tonne": 19.0, "cst_per_tonne_km": 0.20316680113135582, "co2_tn": 98.042915}], "LGA_53640": [{"industry": "grains", "sector": "cropping", "trips_count": 23, "trailer_loads": 953.6397999999997, "tonnes": 20296.686, "tonne_kms": 4089519.5, "tonnes_per_trailer": 19.086977, "avg_trip_distance": 194.60211, "avg_trip_duration": 2.0361853, "total_trip_distance": 128005.56, "total_trip_duration": 1354.6611, "total_freight_value": 7031289.0, "trip_transport_costs": 726017.0, "cst_per_tonne": 36.0, "cst_per_tonne_km": 0.17753102900731216, "co2_tn": 379.15674}], "LGA_53990": [{"industry": "grains", "sector": "cropping", "trips_count": 14, "trailer_loads": 225.79079999999996, "tonnes": 5254.529, "tonne_kms": 941495.9, "tonnes_per_trailer": 23.142864, "avg_trip_distance": 165.20781, "avg_trip_duration": 1.7917092, "total_trip_distance": 27004.424, "total_trip_duration": 292.98364, "total_freight_value": 1729706.0, "trip_transport_costs": 155849.0, "cst_per_tonne": 30.0, "cst_per_tonne_km": 0.1655329647786561, "co2_tn": 80.21495}, {"industry": "livestock", "sector": "livestock", "trips_count": 12, "trailer_loads": 105.4545, "tonnes": 1600.0, "tonne_kms": 275603.75, "tonnes_per_trailer": 12.000003, "avg_trip_distance": 173.81123, "avg_trip_duration": 1.8722091, "total_trip_distance": 12199.257, "total_trip_duration": 132.5501, "total_freight_value": 10380000.0, "trip_transport_costs": 70455.0, "cst_per_tonne": 44.0, "cst_per_tonne_km": 0.25564017672989525, "co2_tn": 36.162926}], "LGA_54550": [{"industry": "livestock", "sector": "livestock", "trips_count": 9, "trailer_loads": 54.0, "tonnes": 540.0, "tonne_kms": 70310.46, "tonnes_per_trailer": 10.0, "avg_trip_distance": 130.20456, "avg_trip_duration": 1.3569481, "total_trip_distance": 4687.3643, "total_trip_duration": 48.850132, "total_freight_value": 3780000.0, "trip_transport_costs": 27576.0, "cst_per_tonne": 51.0, "cst_per_tonne_km": 0.39220763096574274, "co2_tn": 13.869116}], "LGA_54760": [{"industry": "grains", "sector": "cropping", "trips_count": 20, "trailer_loads": 473.2492999999999, "tonnes": 9537.861, "tonne_kms": 1625504.4, "tonnes_per_trailer": 20.600035, "avg_trip_distance": 165.51285, "avg_trip_duration": 1.7153958, "total_trip_distance": 54771.1, "total_trip_duration": 567.6004, "total_freight_value": 3416343.0, "trip_transport_costs": 313657.0, "cst_per_tonne": 33.0, "cst_per_tonne_km": 0.19296005948826653, "co2_tn": 161.89542}], "LGA_54900": [{"industry": "grains", "sector": "cropping", "trips_count": 36, "trailer_loads": 859.4664999999999, "tonnes": 16065.957, "tonne_kms": 2725837.2, "tonnes_per_trailer": 19.222252, "avg_trip_distance": 163.55727, "avg_trip_duration": 1.678067, "total_trip_distance": 97235.24, "total_trip_duration": 997.04987, "total_freight_value": 5578024.0, "trip_transport_costs": 555746.0, "cst_per_tonne": 35.0, "cst_per_tonne_km": 0.2038808247914815, "co2_tn": 286.93417}], "LGA_56460": [{"industry": "grains", "sector": "cropping", "trips_count": 30, "trailer_loads": 768.8692, "tonnes": 15051.949, "tonne_kms": 262251.97, "tonnes_per_trailer": 19.666687, "avg_trip_distance": 15.838629, "avg_trip_duration": 0.18254304, "total_trip_distance": 9771.562, "total_trip_duration": 113.17365, "total_freight_value": 5218632.0, "trip_transport_costs": 98405.0, "cst_per_tonne": 7.0, "cst_per_tonne_km": 0.37523215713987734, "co2_tn": 27.51494}, {"industry": "livestock", "sector": "livestock", "trips_count": 30, "trailer_loads": 222.0, "tonnes": 2220.0, "tonne_kms": 40613.34, "tonnes_per_trailer": 10.0, "avg_trip_distance": 19.221867, "avg_trip_duration": 0.22622167, "total_trip_distance": 3337.832, "total_trip_duration": 40.243134, "total_freight_value": 15540000.0, "trip_transport_costs": 29939.0, "cst_per_tonne": 13.0, "cst_per_tonne_km": 0.7371798352399703, "co2_tn": 8.6371765}], "LGA_57210": [{"industry": "livestock", "sector": "livestock", "trips_count": 23, "trailer_loads": 138.0, "tonnes": 1380.0, "tonne_kms": 335984.6, "tonnes_per_trailer": 10.0, "avg_trip_distance": 243.46709, "avg_trip_duration": 2.5383651, "total_trip_distance": 22398.973, "total_trip_duration": 233.5296, "total_freight_value": 9660000.0, "trip_transport_costs": 124503.0, "cst_per_tonne": 90.0, "cst_per_tonne_km": 0.37056194628111205, "co2_tn": 66.18343}], "LGA_57700": [{"industry": "livestock", "sector": "livestock", "trips_count": 12, "trailer_loads": 72.0, "tonnes": 720.0, "tonne_kms": 124488.836, "tonnes_per_trailer": 10.0, "avg_trip_distance": 172.90117, "avg_trip_duration": 1.8428792, "total_trip_distance": 8299.256, "total_trip_duration": 88.4582, "total_freight_value": 5040000.0, "trip_transport_costs": 47859.0, "cst_per_tonne": 66.0, "cst_per_tonne_km": 0.38444643803087003, "co2_tn": 24.61346}], "LGA_59170": [{"industry": "grains", "sector": "cropping", "trips_count": 17, "trailer_loads": 448.04229999999984, "tonnes": 9324.657, "tonne_kms": 445493.1, "tonnes_per_trailer": 20.764729, "avg_trip_distance": 48.745197, "avg_trip_duration": 0.5375984, "total_trip_distance": 14501.573, "total_trip_duration": 160.3473, "total_freight_value": 3397757.0, "trip_transport_costs": 104447.0, "cst_per_tonne": 11.0, "cst_per_tonne_km": 0.234453054968094, "co2_tn": 43.49965}]}}