{"orig_lga": "LGA_52730", "orig_name": "Denmark (S)", "orig_state": "WA", "fetched_at": "2026-03-12T07:05:30.420556+00:00", "destinations": {"LGA_50080": [{"industry": "livestock", "sector": "livestock", "trips_count": 6, "trailer_loads": 35.0, "tonnes": 700.0, "tonne_kms": 61786.3, "tonnes_per_trailer": 20.0, "avg_trip_distance": 74.89073, "avg_trip_duration": 0.84827584, "total_trip_distance": 2059.5432, "total_trip_duration": 23.400667, "total_freight_value": 1508500.0, "trip_transport_costs": 13034.0, "cst_per_tonne": 19.0, "cst_per_tonne_km": 0.21095625469067286, "co2_tn": 6.1506686}, {"industry": "wood_product", "sector": "wood_product", "trips_count": 24, "trailer_loads": 1158.7408339999995, "tonnes": 20866.668, "tonne_kms": 1512958.1, "tonnes_per_trailer": 18.583334, "avg_trip_distance": 70.91091, "avg_trip_duration": 0.831061, "total_trip_distance": 56006.51, "total_trip_duration": 656.54987, "total_freight_value": 5463339.0, "trip_transport_costs": 370724.0, "cst_per_tonne": 18.0, "cst_per_tonne_km": 0.2450326358869626, "co2_tn": 168.35313}], "LGA_52730": [{"industry": "waste", "sector": "waste", "trips_count": 22, "trailer_loads": 710.6400000000002, "tonnes": 7106.4, "tonne_kms": 66450.48, "tonnes_per_trailer": 10.0, "avg_trip_distance": 12.481445, "avg_trip_duration": 0.15450798, "total_trip_distance": 6645.048, "total_trip_duration": 81.80417, "total_freight_value": 710640.0, "trip_transport_costs": 73742.0, "cst_per_tonne": 10.0, "cst_per_tonne_km": 1.1097242435067658, "co2_tn": 14.925031}], "LGA_53990": [{"industry": "livestock", "sector": "livestock", "trips_count": 42, "trailer_loads": 330.3817100000001, "tonnes": 6720.0, "tonne_kms": 2240659.8, "tonnes_per_trailer": 19.357155, "avg_trip_distance": 283.50497, "avg_trip_duration": 3.2875953, "total_trip_distance": 73369.805, "total_trip_duration": 852.82324, "total_freight_value": 35818500.0, "trip_transport_costs": 412268.0, "cst_per_tonne": 61.0, "cst_per_tonne_km": 0.18399404779280132, "co2_tn": 218.29062}], "LGA_57210": [{"industry": "livestock", "sector": "livestock", "trips_count": 31, "trailer_loads": 204.0, "tonnes": 3240.0, "tonne_kms": 238330.14, "tonnes_per_trailer": 15.4838705, "avg_trip_distance": 72.538414, "avg_trip_duration": 0.7827104, "total_trip_distance": 10298.586, "total_trip_duration": 111.56836, "total_freight_value": 11052000.0, "trip_transport_costs": 66249.0, "cst_per_tonne": 20.0, "cst_per_tonne_km": 0.2779698866417835, "co2_tn": 30.540941}]}}