{"orig_lga": "LGA_55530", "orig_name": "Mingenew (S)", "orig_state": "WA", "fetched_at": "2026-03-12T07:28:58.813555+00:00", "destinations": {"LGA_53800": [{"industry": "grains", "sector": "cropping", "trips_count": 23, "trailer_loads": 2235.1749, "tonnes": 55879.297, "tonne_kms": 5195235.5, "tonnes_per_trailer": 24.999973, "avg_trip_distance": 97.30403, "avg_trip_duration": 1.00283, "total_trip_distance": 138539.61, "total_trip_duration": 1424.9878, "total_freight_value": 22711543.0, "trip_transport_costs": 860270.0, "cst_per_tonne": 15.0, "cst_per_tonne_km": 0.16558823483104135, "co2_tn": 410.51343}], "LGA_57000": [{"industry": "grains", "sector": "cropping", "trips_count": 18, "trailer_loads": 2163.9147000000003, "tonnes": 54097.773, "tonne_kms": 6849615.0, "tonnes_per_trailer": 24.99996, "avg_trip_distance": 121.57239, "avg_trip_duration": 1.2646947, "total_trip_distance": 145123.1, "total_trip_duration": 1507.2814, "total_freight_value": 21980904.0, "trip_transport_costs": 954296.0, "cst_per_tonne": 18.0, "cst_per_tonne_km": 0.13932111826494992, "co2_tn": 468.84525}]}}