{"orig_lga": "LGA_52310", "orig_name": "Cuballing (S)", "orig_state": "WA", "fetched_at": "2026-03-12T07:04:30.338706+00:00", "destinations": {"LGA_50080": [{"industry": "grains", "sector": "cropping", "trips_count": 7, "trailer_loads": 68.91162, "tonnes": 1608.5498, "tonne_kms": 475516.72, "tonnes_per_trailer": 23.571371, "avg_trip_distance": 268.77597, "avg_trip_duration": 2.8282287, "total_trip_distance": 13565.58, "total_trip_duration": 142.70691, "total_freight_value": 519630.0, "trip_transport_costs": 74913.0, "cst_per_tonne": 47.0, "cst_per_tonne_km": 0.15754090451604127, "co2_tn": 40.134064}], "LGA_50280": [{"industry": "grains", "sector": "cropping", "trips_count": 14, "trailer_loads": 192.83169999999993, "tonnes": 4569.464, "tonne_kms": 1418084.0, "tonnes_per_trailer": 23.428514, "avg_trip_distance": 300.88788, "avg_trip_duration": 3.2705421, "total_trip_distance": 39947.926, "total_trip_duration": 435.0849, "total_freight_value": 1706698.0, "trip_transport_costs": 221419.0, "cst_per_tonne": 48.0, "cst_per_tonne_km": 0.15613964120117355, "co2_tn": 118.42051}], "LGA_51260": [{"industry": "grains", "sector": "cropping", "trips_count": 10, "trailer_loads": 121.91799999999998, "tonnes": 2933.7097, "tonne_kms": 742355.94, "tonnes_per_trailer": 23.999966, "avg_trip_distance": 242.06483, "avg_trip_duration": 2.6512628, "total_trip_distance": 20572.617, "total_trip_duration": 225.3487, "total_freight_value": 1204112.0, "trip_transport_costs": 115640.0, "cst_per_tonne": 39.0, "cst_per_tonne_km": 0.15577490124346516, "co2_tn": 61.002064}], "LGA_51400": [{"industry": "grains", "sector": "cropping", "trips_count": 6, "trailer_loads": 70.078, "tonnes": 1637.71, "tonne_kms": 366855.12, "tonnes_per_trailer": 23.333275, "avg_trip_distance": 213.80295, "avg_trip_duration": 2.3142986, "total_trip_distance": 10470.63, "total_trip_duration": 113.353714, "total_freight_value": 556112.0, "trip_transport_costs": 59129.0, "cst_per_tonne": 36.0, "cst_per_tonne_km": 0.16117732453393557, "co2_tn": 31.030823}], "LGA_52100": [{"industry": "grains", "sector": "cropping", "trips_count": 17, "trailer_loads": 334.06082, "tonnes": 7416.257, "tonne_kms": 672898.8, "tonnes_per_trailer": 21.705908, "avg_trip_distance": 80.60842, "avg_trip_duration": 0.8498266, "total_trip_distance": 15917.283, "total_trip_duration": 168.19731, "total_freight_value": 2594147.0, "trip_transport_costs": 114072.0, "cst_per_tonne": 15.0, "cst_per_tonne_km": 0.16952271924927698, "co2_tn": 53.180065}], "LGA_52240": [{"industry": "grains", "sector": "cropping", "trips_count": 7, "trailer_loads": 173.73999999999998, "tonnes": 4076.2827, "tonne_kms": 859529.9, "tonnes_per_trailer": 22.71431, "avg_trip_distance": 194.17047, "avg_trip_duration": 2.066881, "total_trip_distance": 24356.174, "total_trip_duration": 257.91693, "total_freight_value": 1896337.0, "trip_transport_costs": 137334.0, "cst_per_tonne": 34.0, "cst_per_tonne_km": 0.15977780399830488, "co2_tn": 72.1607}], "LGA_52310": [{"industry": "grains", "sector": "cropping", "trips_count": 21, "trailer_loads": 2225.2470399999997, "tonnes": 54829.41, "tonne_kms": 299093.66, "tonnes_per_trailer": 22.714296, "avg_trip_distance": 16.618366, "avg_trip_duration": 0.18044935, "total_trip_distance": 9855.377, "total_trip_duration": 108.222664, "total_freight_value": 26754823.0, "trip_transport_costs": 186490.0, "cst_per_tonne": 3.0, "cst_per_tonne_km": 0.6235167917981794, "co2_tn": 25.950382}], "LGA_53570": [{"industry": "grains", "sector": "cropping", "trips_count": 9, "trailer_loads": 384.97363999999993, "tonnes": 9601.497, "tonne_kms": 2599560.0, "tonnes_per_trailer": 24.777754, "avg_trip_distance": 230.65732, "avg_trip_duration": 2.4444408, "total_trip_distance": 69461.0, "total_trip_duration": 734.2921, "total_freight_value": 4748201.0, "trip_transport_costs": 385542.0, "cst_per_tonne": 40.0, "cst_per_tonne_km": 0.14831032750569448, "co2_tn": 205.24806}], "LGA_53990": [{"industry": "grains", "sector": "cropping", "trips_count": 10, "trailer_loads": 151.6099, "tonnes": 3744.5518, "tonne_kms": 681849.25, "tonnes_per_trailer": 24.599987, "avg_trip_distance": 173.28441, "avg_trip_duration": 1.8867413, "total_trip_distance": 18384.693, "total_trip_duration": 200.18861, "total_freight_value": 1767179.0, "trip_transport_costs": 105941.0, "cst_per_tonne": 28.0, "cst_per_tonne_km": 0.1553734237317211, "co2_tn": 54.605995}, {"industry": "livestock", "sector": "livestock", "trips_count": 16, "trailer_loads": 102.18185, "tonnes": 1240.0, "tonne_kms": 243085.66, "tonnes_per_trailer": 11.499998, "avg_trip_distance": 197.65154, "avg_trip_duration": 2.1406643, "total_trip_distance": 13617.766, "total_trip_duration": 147.84026, "total_freight_value": 8352000.0, "trip_transport_costs": 77599.0, "cst_per_tonne": 63.0, "cst_per_tonne_km": 0.31922695318721883, "co2_tn": 40.377846}], "LGA_56230": [{"industry": "grains", "sector": "cropping", "trips_count": 6, "trailer_loads": 238.7348, "tonnes": 5922.6743, "tonne_kms": 1037195.44, "tonnes_per_trailer": 24.3333, "avg_trip_distance": 167.30959, "avg_trip_duration": 1.7787218, "total_trip_distance": 27870.424, "total_trip_duration": 293.6604, "total_freight_value": 2856242.0, "trip_transport_costs": 159631.0, "cst_per_tonne": 27.0, "cst_per_tonne_km": 0.15390603772947925, "co2_tn": 82.30778}], "LGA_56460": [{"industry": "livestock", "sector": "livestock", "trips_count": 21, "trailer_loads": 129.0, "tonnes": 1440.0, "tonne_kms": 37401.14, "tonnes_per_trailer": 10.952381, "avg_trip_distance": 26.177855, "avg_trip_duration": 0.28387544, "total_trip_distance": 2408.1206, "total_trip_duration": 26.27789, "total_freight_value": 8626500.0, "trip_transport_costs": 20288.0, "cst_per_tonne": 14.0, "cst_per_tonne_km": 0.5424462380878677, "co2_tn": 6.8373}], "LGA_57210": [{"industry": "grains", "sector": "cropping", "trips_count": 7, "trailer_loads": 151.1224, "tonnes": 3732.3638, "tonne_kms": 952135.25, "tonnes_per_trailer": 24.42855, "avg_trip_distance": 250.18025, "avg_trip_duration": 2.6048405, "total_trip_distance": 25722.389, "total_trip_duration": 268.09308, "total_freight_value": 1761085.0, "trip_transport_costs": 142776.0, "cst_per_tonne": 38.0, "cst_per_tonne_km": 0.1499539374133034, "co2_tn": 76.0806}], "LGA_57700": [{"industry": "grains", "sector": "cropping", "trips_count": 22, "trailer_loads": 280.5740200000001, "tonnes": 7014.3374, "tonne_kms": 1109981.5, "tonnes_per_trailer": 24.999945, "avg_trip_distance": 141.23799, "avg_trip_duration": 1.4757054, "total_trip_distance": 29599.506, "total_trip_duration": 308.69473, "total_freight_value": 3507170.0, "trip_transport_costs": 170983.0, "cst_per_tonne": 24.0, "cst_per_tonne_km": 0.15404168704754315, "co2_tn": 87.2768}, {"industry": "livestock", "sector": "livestock", "trips_count": 14, "trailer_loads": 84.0, "tonnes": 840.0, "tonne_kms": 128281.2, "tonnes_per_trailer": 10.0, "avg_trip_distance": 152.71571, "avg_trip_duration": 1.605987, "total_trip_distance": 8552.08, "total_trip_duration": 89.935265, "total_freight_value": 5880000.0, "trip_transport_costs": 49718.0, "cst_per_tonne": 59.0, "cst_per_tonne_km": 0.38756965859731735, "co2_tn": 25.266085}], "LGA_58760": [{"industry": "grains", "sector": "cropping", "trips_count": 6, "trailer_loads": 71.8126, "tonnes": 1795.313, "tonne_kms": 373423.84, "tonnes_per_trailer": 24.999949, "avg_trip_distance": 182.54774, "avg_trip_duration": 2.0280328, "total_trip_distance": 9957.97, "total_trip_duration": 111.109146, "total_freight_value": 897658.0, "trip_transport_costs": 56850.0, "cst_per_tonne": 32.0, "cst_per_tonne_km": 0.15223868829973114, "co2_tn": 29.617714}]}}