{"orig_lga": "LGA_55460", "orig_name": "Merredin (S)", "orig_state": "WA", "fetched_at": "2026-03-12T07:28:14.097746+00:00", "destinations": {"LGA_51260": [{"industry": "grains", "sector": "cropping", "trips_count": 6, "trailer_loads": 57.47208, "tonnes": 1321.8601, "tonne_kms": 657589.6, "tonnes_per_trailer": 23.000038, "avg_trip_distance": 453.8231, "avg_trip_duration": 4.795404, "total_trip_distance": 19060.57, "total_trip_duration": 201.40698, "total_freight_value": 396557.0, "trip_transport_costs": 105198.0, "cst_per_tonne": 80.0, "cst_per_tonne_km": 0.15997470170178324, "co2_tn": 56.21708}], "LGA_54900": [{"industry": "grains", "sector": "cropping", "trips_count": 9, "trailer_loads": 406.9736, "tonnes": 10174.324, "tonne_kms": 2085617.5, "tonnes_per_trailer": 24.999992, "avg_trip_distance": 199.20363, "avg_trip_duration": 2.0562093, "total_trip_distance": 54905.242, "total_trip_duration": 569.37213, "total_freight_value": 4071888.0, "trip_transport_costs": 313960.0, "cst_per_tonne": 31.0, "cst_per_tonne_km": 0.15053574979142867, "co2_tn": 163.86821}], "LGA_55460": [{"industry": "grains", "sector": "cropping", "trips_count": 189, "trailer_loads": 6461.640900000002, "tonnes": 160262.03, "tonne_kms": 4020399.0, "tonnes_per_trailer": 24.44974, "avg_trip_distance": 24.499012, "avg_trip_duration": 0.26090646, "total_trip_distance": 113599.484, "total_trip_duration": 1215.0328, "total_freight_value": 63645642.0, "trip_transport_costs": 986671.0, "cst_per_tonne": 6.0, "cst_per_tonne_km": 0.24541617954575898, "co2_tn": 322.99472}], "LGA_55880": [{"industry": "grains", "sector": "cropping", "trips_count": 25, "trailer_loads": 734.3391000000001, "tonnes": 17964.975, "tonne_kms": 2366888.5, "tonnes_per_trailer": 23.720009, "avg_trip_distance": 124.39206, "avg_trip_duration": 1.2839465, "total_trip_distance": 59801.742, "total_trip_duration": 616.8803, "total_freight_value": 6970901.0, "trip_transport_costs": 365782.0, "cst_per_tonne": 20.0, "cst_per_tonne_km": 0.15454130211952052, "co2_tn": 183.51408}], "LGA_56370": [{"industry": "grains", "sector": "cropping", "trips_count": 50, "trailer_loads": 1666.4645, "tonnes": 41464.832, "tonne_kms": 3202770.5, "tonnes_per_trailer": 24.680012, "avg_trip_distance": 69.135994, "avg_trip_duration": 0.7085313, "total_trip_distance": 79709.87, "total_trip_duration": 822.05255, "total_freight_value": 16616489.0, "trip_transport_costs": 534223.0, "cst_per_tonne": 13.0, "cst_per_tonne_km": 0.16680035239704968, "co2_tn": 243.4178}, {"industry": "waste", "sector": "waste", "trips_count": 8, "trailer_loads": 172.79999999999998, "tonnes": 1728.0, "tonne_kms": 138313.02, "tonnes_per_trailer": 10.0, "avg_trip_distance": 78.58694, "avg_trip_duration": 0.82255703, "total_trip_distance": 13831.301, "total_trip_duration": 144.77003, "total_freight_value": 172800.0, "trip_transport_costs": 68638.0, "cst_per_tonne": 40.0, "cst_per_tonne_km": 0.49625330771473625, "co2_tn": 30.375643}], "LGA_59360": [{"industry": "grains", "sector": "cropping", "trips_count": 60, "trailer_loads": 1865.9612999999995, "tonnes": 46353.887, "tonne_kms": 4729104.5, "tonnes_per_trailer": 24.600018, "avg_trip_distance": 100.420685, "avg_trip_duration": 1.0169377, "total_trip_distance": 110764.016, "total_trip_duration": 1120.8622, "total_freight_value": 18420209.0, "trip_transport_costs": 731504.0, "cst_per_tonne": 16.0, "cst_per_tonne_km": 0.15468122645249882, "co2_tn": 345.99808}]}}