{"orig_lga": "LGA_58540", "orig_name": "Victoria Plains (S)", "orig_state": "WA", "fetched_at": "2026-03-12T07:49:12.760877+00:00", "destinations": {"LGA_50280": [{"industry": "grains", "sector": "cropping", "trips_count": 10, "trailer_loads": 95.73959999999997, "tonnes": 2326.5417, "tonne_kms": 938162.4, "tonnes_per_trailer": 23.8, "avg_trip_distance": 385.19714, "avg_trip_duration": 4.0906153, "total_trip_distance": 25754.219, "total_trip_duration": 274.58862, "total_freight_value": 1009291.0, "trip_transport_costs": 140739.0, "cst_per_tonne": 60.0, "cst_per_tonne_km": 0.15001587961385682, "co2_tn": 76.00188}], "LGA_51260": [{"industry": "grains", "sector": "cropping", "trips_count": 23, "trailer_loads": 148.65799999999993, "tonnes": 3470.9731, "tonne_kms": 1277343.2, "tonnes_per_trailer": 23.173914, "avg_trip_distance": 342.7784, "avg_trip_duration": 3.6441767, "total_trip_distance": 36483.246, "total_trip_duration": 388.08157, "total_freight_value": 1170892.0, "trip_transport_costs": 199231.0, "cst_per_tonne": 57.0, "cst_per_tonne_km": 0.1559731623534091, "co2_tn": 107.61575}], "LGA_51680": [{"industry": "grains", "sector": "cropping", "trips_count": 12, "trailer_loads": 406.37848999999994, "tonnes": 10148.305, "tonne_kms": 487875.3, "tonnes_per_trailer": 24.833326, "avg_trip_distance": 54.239887, "avg_trip_duration": 0.5597085, "total_trip_distance": 13020.674, "total_trip_duration": 134.87772, "total_freight_value": 5048494.0, "trip_transport_costs": 92291.0, "cst_per_tonne": 9.0, "cst_per_tonne_km": 0.18917017977065412, "co2_tn": 38.372925}, {"industry": "livestock", "sector": "livestock", "trips_count": 11, "trailer_loads": 64.0, "tonnes": 740.0, "tonne_kms": 66904.16, "tonnes_per_trailer": 11.818182, "avg_trip_distance": 87.64047, "avg_trip_duration": 0.9208366, "total_trip_distance": 3856.1807, "total_trip_duration": 40.51681, "total_freight_value": 4211000.0, "trip_transport_costs": 23910.0, "cst_per_tonne": 32.0, "cst_per_tonne_km": 0.3573836003975838, "co2_tn": 11.3702345}], "LGA_52520": [{"industry": "grains", "sector": "cropping", "trips_count": 14, "trailer_loads": 752.0348, "tonnes": 18076.14, "tonne_kms": 2089344.8, "tonnes_per_trailer": 23.142859, "avg_trip_distance": 114.082245, "avg_trip_duration": 1.1845145, "total_trip_distance": 57828.625, "total_trip_duration": 600.58484, "total_freight_value": 6879175.0, "trip_transport_costs": 345032.0, "cst_per_tonne": 19.0, "cst_per_tonne_km": 0.16513881388811463, "co2_tn": 170.79424}], "LGA_52660": [{"industry": "wood_product", "sector": "wood_product", "trips_count": 10, "trailer_loads": 54.77507000000001, "tonnes": 1095.502, "tonne_kms": 346530.03, "tonnes_per_trailer": 19.999996, "avg_trip_distance": 275.82236, "avg_trip_duration": 2.9176033, "total_trip_distance": 11551.001, "total_trip_duration": 122.20287, "total_freight_value": 1643254.0, "trip_transport_costs": 63475.0, "cst_per_tonne": 58.0, "cst_per_tonne_km": 0.18317230151792396, "co2_tn": 34.060036}], "LGA_53570": [{"industry": "grains", "sector": "cropping", "trips_count": 13, "trailer_loads": 354.1862799999999, "tonnes": 8821.185, "tonne_kms": 654534.25, "tonnes_per_trailer": 24.53843, "avg_trip_distance": 69.446526, "avg_trip_duration": 0.7075956, "total_trip_distance": 17530.828, "total_trip_duration": 180.0917, "total_freight_value": 4333603.0, "trip_transport_costs": 112112.0, "cst_per_tonne": 13.0, "cst_per_tonne_km": 0.17128508267519996, "co2_tn": 51.68386}, {"industry": "livestock", "sector": "livestock", "trips_count": 7, "trailer_loads": 39.0, "tonnes": 540.0, "tonne_kms": 34730.277, "tonnes_per_trailer": 14.285714, "avg_trip_distance": 63.17793, "avg_trip_duration": 0.6550611, "total_trip_distance": 1768.9819, "total_trip_duration": 18.341711, "total_freight_value": 2326500.0, "trip_transport_costs": 11590.0, "cst_per_tonne": 21.0, "cst_per_tonne_km": 0.33370945076629016, "co2_tn": 5.2383757}], "LGA_53990": [{"industry": "grains", "sector": "cropping", "trips_count": 16, "trailer_loads": 126.00869999999993, "tonnes": 2982.8442, "tonne_kms": 844261.25, "tonnes_per_trailer": 23.124996, "avg_trip_distance": 265.83804, "avg_trip_duration": 2.8054905, "total_trip_distance": 23788.014, "total_trip_duration": 251.18002, "total_freight_value": 1106473.0, "trip_transport_costs": 131542.0, "cst_per_tonne": 44.0, "cst_per_tonne_km": 0.15580731973607845, "co2_tn": 70.129265}, {"industry": "livestock", "sector": "livestock", "trips_count": 10, "trailer_loads": 59.181810000000006, "tonnes": 860.0, "tonne_kms": 247564.86, "tonnes_per_trailer": 14.600004, "avg_trip_distance": 263.01227, "avg_trip_duration": 2.7703505, "total_trip_distance": 11301.368, "total_trip_duration": 119.00796, "total_freight_value": 5207500.0, "trip_transport_costs": 62388.0, "cst_per_tonne": 73.0, "cst_per_tonne_km": 0.2520062707209746, "co2_tn": 33.302677}], "LGA_55600": [{"industry": "grains", "sector": "cropping", "trips_count": 25, "trailer_loads": 1900.8540999999998, "tonnes": 47034.48, "tonne_kms": 3799264.8, "tonnes_per_trailer": 24.28, "avg_trip_distance": 72.95083, "avg_trip_duration": 0.7549392, "total_trip_distance": 102371.26, "total_trip_duration": 1061.2458, "total_freight_value": 18915468.0, "trip_transport_costs": 649219.0, "cst_per_tonne": 14.0, "cst_per_tonne_km": 0.17088014670382728, "co2_tn": 303.2265}], "LGA_56090": [{"industry": "grains", "sector": "cropping", "trips_count": 8, "trailer_loads": 169.29364, "tonnes": 4232.339, "tonne_kms": 551350.2, "tonnes_per_trailer": 24.999964, "avg_trip_distance": 119.358505, "avg_trip_duration": 1.3207574, "total_trip_distance": 14702.672, "total_trip_duration": 162.27222, "total_freight_value": 2116170.0, "trip_transport_costs": 87337.0, "cst_per_tonne": 21.0, "cst_per_tonne_km": 0.15840490172251007, "co2_tn": 43.505836}], "LGA_56230": [], "LGA_57000": [{"industry": "grains", "sector": "cropping", "trips_count": 20, "trailer_loads": 932.7844999999998, "tonnes": 23081.805, "tonne_kms": 4521210.0, "tonnes_per_trailer": 24.600035, "avg_trip_distance": 194.62744, "avg_trip_duration": 2.024262, "total_trip_distance": 121852.16, "total_trip_duration": 1267.1628, "total_freight_value": 8704210.0, "trip_transport_costs": 689108.0, "cst_per_tonne": 30.0, "cst_per_tonne_km": 0.15241666025591047, "co2_tn": 359.6586}], "LGA_57210": [{"industry": "grains", "sector": "cropping", "trips_count": 10, "trailer_loads": 88.47999999999998, "tonnes": 2122.736, "tonne_kms": 1048497.9, "tonnes_per_trailer": 23.6, "avg_trip_distance": 468.06638, "avg_trip_duration": 4.9073167, "total_trip_distance": 29155.252, "total_trip_duration": 305.84402, "total_freight_value": 856061.0, "trip_transport_costs": 157911.0, "cst_per_tonne": 74.0, "cst_per_tonne_km": 0.15060650512614296, "co2_tn": 86.11627}], "LGA_57700": [{"industry": "grains", "sector": "cropping", "trips_count": 12, "trailer_loads": 111.19004000000002, "tonnes": 2768.587, "tonne_kms": 471792.4, "tonnes_per_trailer": 24.833279, "avg_trip_distance": 150.14558, "avg_trip_duration": 1.646594, "total_trip_distance": 12629.426, "total_trip_duration": 139.10864, "total_freight_value": 1358631.0, "trip_transport_costs": 73174.0, "cst_per_tonne": 26.0, "cst_per_tonne_km": 0.15509862090430795, "co2_tn": 37.380222}, {"industry": "livestock", "sector": "livestock", "trips_count": 11, "trailer_loads": 66.0, "tonnes": 660.0, "tonne_kms": 118679.22, "tonnes_per_trailer": 10.0, "avg_trip_distance": 179.817, "avg_trip_duration": 1.9678531, "total_trip_distance": 7911.9478, "total_trip_duration": 86.58553, "total_freight_value": 4620000.0, "trip_transport_costs": 45615.0, "cst_per_tonne": 69.0, "cst_per_tonne_km": 0.3843524968665533, "co2_tn": 23.423786}], "LGA_58050": [{"industry": "grains", "sector": "cropping", "trips_count": 8, "trailer_loads": 130.5176, "tonnes": 3229.4695, "tonne_kms": 348899.47, "tonnes_per_trailer": 24.250013, "avg_trip_distance": 109.68785, "avg_trip_duration": 1.1655883, "total_trip_distance": 9414.703, "total_trip_duration": 99.3446,