{"orig_lga": "LGA_57000", "orig_name": "Perenjori (S)", "orig_state": "WA", "fetched_at": "2026-03-12T07:36:59.530667+00:00", "destinations": {"LGA_52520": [{"industry": "grains", "sector": "cropping", "trips_count": 41, "trailer_loads": 1184.91231, "tonnes": 29496.498, "tonne_kms": 2342108.8, "tonnes_per_trailer": 24.609735, "avg_trip_distance": 82.10071, "avg_trip_duration": 0.8598655, "total_trip_distance": 53067.867, "total_trip_duration": 550.377, "total_freight_value": 11914177.0, "trip_transport_costs": 370288.0, "cst_per_tonne": 13.0, "cst_per_tonne_km": 0.15810038878642083, "co2_tn": 167.61043}], "LGA_53800": [{"industry": "grains", "sector": "cropping", "trips_count": 41, "trailer_loads": 23396.980269999996, "tonnes": 584799.5, "tonne_kms": 134597340.0, "tonnes_per_trailer": 24.609747, "avg_trip_distance": 159.01181, "avg_trip_duration": 1.6482022, "total_trip_distance": 3586405.2, "total_trip_duration": 37648.87, "total_freight_value": 289840799.0, "trip_transport_costs": 20037015.0, "cst_per_tonne": 34.0, "cst_per_tonne_km": 0.1488663510054019, "co2_tn": 10614.969}], "LGA_55880": [{"industry": "grains", "sector": "cropping", "trips_count": 13, "trailer_loads": 391.90212, "tonnes": 9734.404, "tonne_kms": 2360352.8, "tonnes_per_trailer": 24.384586, "avg_trip_distance": 229.96005, "avg_trip_duration": 2.3956497, "total_trip_distance": 47511.434, "total_trip_duration": 495.21432, "total_freight_value": 3937338.0, "trip_transport_costs": 299741.0, "cst_per_tonne": 31.0, "cst_per_tonne_km": 0.12699012022342318, "co2_tn": 157.49849}], "LGA_57000": [{"industry": "grains", "sector": "cropping", "trips_count": 152, "trailer_loads": 5152.39322, "tonnes": 128241.37, "tonne_kms": 3542787.5, "tonnes_per_trailer": 24.526283, "avg_trip_distance": 28.133667, "avg_trip_duration": 0.29647648, "total_trip_distance": 89103.86, "total_trip_duration": 943.6177, "total_freight_value": 52118239.0, "trip_transport_costs": 802197.0, "cst_per_tonne": 6.0, "cst_per_tonne_km": 0.2264309253424045, "co2_tn": 266.76883}]}}