{"orig_lga": "LGA_53570", "orig_name": "Gingin (S)", "orig_state": "WA", "fetched_at": "2026-03-12T07:09:41.964944+00:00", "destinations": {"LGA_31000": [{"industry": "fruit", "sector": "horticulture", "trips_count": 112, "trailer_loads": 11.018124509000002, "tonnes": 196.23404, "tonne_kms": 872822.75, "tonnes_per_trailer": 17.035707, "avg_trip_distance": 249.9096, "avg_trip_duration": 2.5807452, "total_trip_distance": 27989.877, "total_trip_duration": 289.04346, "total_freight_value": 1083678.0, "trip_transport_costs": 154402.0, "cst_per_tonne": 787.0, "cst_per_tonne_km": 0.17690006659296847, "co2_tn": 86.95998}, {"industry": "vegetables", "sector": "horticulture", "trips_count": 56, "trailer_loads": 27.35970004000001, "tonnes": 458.28256, "tonne_kms": 2042737.8, "tonnes_per_trailer": 17.464287, "avg_trip_distance": 656.2734, "avg_trip_duration": 6.7849865, "total_trip_distance": 69899.56, "total_trip_duration": 722.55084, "total_freight_value": 1754258.0, "trip_transport_costs": 385283.0, "cst_per_tonne": 841.0, "cst_per_tonne_km": 0.188611070552758, "co2_tn": 216.41017}], "LGA_51820": [{"industry": "vegetables", "sector": "horticulture", "trips_count": 369, "trailer_loads": 308.5383645350005, "tonnes": 5057.4727, "tonne_kms": 609068.75, "tonnes_per_trailer": 17.205963, "avg_trip_distance": 31.4371, "avg_trip_duration": 0.3555528, "total_trip_distance": 24753.344, "total_trip_duration": 279.27045, "total_freight_value": 18987085.0, "trip_transport_costs": 150813.0, "cst_per_tonne": 30.0, "cst_per_tonne_km": 0.24761201293210047, "co2_tn": 73.16463}, {"industry": "fruit", "sector": "horticulture", "trips_count": 574, "trailer_loads": 302.51594317199954, "tonnes": 5929.952, "tonne_kms": 652853.6, "tonnes_per_trailer": 17.858887, "avg_trip_distance": 21.63159, "avg_trip_duration": 0.24472903, "total_trip_distance": 22221.65, "total_trip_duration": 251.67519, "total_freight_value": 22526514.0, "trip_transport_costs": 136903.0, "cst_per_tonne": 23.0, "cst_per_tonne_km": 0.20969974140355271, "co2_tn": 65.86387}], "LGA_53570": [{"industry": "livestock", "sector": "livestock", "trips_count": 22, "trailer_loads": 337.3636200000001, "tonnes": 6038.0, "tonne_kms": 133906.36, "tonnes_per_trailer": 17.818186, "avg_trip_distance": 18.186665, "avg_trip_duration": 0.2046553, "total_trip_distance": 5011.1206, "total_trip_duration": 54.94264, "total_freight_value": 24257420.0, "trip_transport_costs": 47291.0, "cst_per_tonne": 8.0, "cst_per_tonne_km": 0.3531643159867022, "co2_tn": 14.8379755}], "LGA_58760": [{"industry": "waste", "sector": "waste", "trips_count": 10, "trailer_loads": 215.99999999999997, "tonnes": 2160.0, "tonne_kms": 144359.5, "tonnes_per_trailer": 10.0, "avg_trip_distance": 65.61795, "avg_trip_duration": 0.75969654, "total_trip_distance": 14435.949, "total_trip_duration": 167.13324, "total_freight_value": 216000.0, "trip_transport_costs": 75493.0, "cst_per_tonne": 35.0, "cst_per_tonne_km": 0.5229513716461768, "co2_tn": 31.845783}, {"industry": "wood_product", "sector": "wood_product", "trips_count": 28, "trailer_loads": 220.091555, "tonnes": 4535.175, "tonne_kms": 454481.28, "tonnes_per_trailer": 20.53576, "avg_trip_distance": 88.930984, "avg_trip_duration": 0.93507904, "total_trip_distance": 14697.836, "total_trip_duration": 154.54344, "total_freight_value": 7136083.0, "trip_transport_costs": 90112.0, "cst_per_tonne": 20.0, "cst_per_tonne_km": 0.19827394068595738, "co2_tn": 43.42423}]}}