{"orig_lga": "LGA_57140", "orig_name": "Pingelly (S)", "orig_state": "WA", "fetched_at": "2026-03-12T07:37:06.581598+00:00", "destinations": {"LGA_50080": [], "LGA_50280": [{"industry": "grains", "sector": "cropping", "trips_count": 6, "trailer_loads": 77.9451, "tonnes": 1886.2802, "tonne_kms": 607503.94, "tonnes_per_trailer": 23.333342, "avg_trip_distance": 285.02478, "avg_trip_duration": 3.0959766, "total_trip_distance": 16762.508, "total_trip_duration": 183.51619, "total_freight_value": 799740.0, "trip_transport_costs": 92834.0, "cst_per_tonne": 49.0, "cst_per_tonne_km": 0.1528127738536777, "co2_tn": 49.726223}], "LGA_50770": [{"industry": "livestock", "sector": "livestock", "trips_count": 6, "trailer_loads": 36.0, "tonnes": 360.0, "tonne_kms": 75951.48, "tonnes_per_trailer": 10.0, "avg_trip_distance": 210.97633, "avg_trip_duration": 2.2329361, "total_trip_distance": 5063.432, "total_trip_duration": 53.59047, "total_freight_value": 2520000.0, "trip_transport_costs": 28564.0, "cst_per_tonne": 79.0, "cst_per_tonne_km": 0.3760776887360958, "co2_tn": 14.995181}], "LGA_51260": [{"industry": "grains", "sector": "cropping", "trips_count": 12, "trailer_loads": 74.81736, "tonnes": 1720.8002, "tonne_kms": 483074.28, "tonnes_per_trailer": 23.00001, "avg_trip_distance": 233.36923, "avg_trip_duration": 2.547112, "total_trip_distance": 14002.153, "total_trip_duration": 152.82672, "total_freight_value": 516240.0, "trip_transport_costs": 78491.0, "cst_per_tonne": 46.0, "cst_per_tonne_km": 0.1624818486361796, "co2_tn": 41.539284}], "LGA_51400": [{"industry": "grains", "sector": "cropping", "trips_count": 7, "trailer_loads": 43.64346, "tonnes": 1003.80005, "tonne_kms": 254538.28, "tonnes_per_trailer": 23.00001, "avg_trip_distance": 210.79776, "avg_trip_duration": 2.2911758, "total_trip_distance": 7377.9214, "total_trip_duration": 80.19115, "total_freight_value": 301140.0, "trip_transport_costs": 41505.0, "cst_per_tonne": 41.0, "cst_per_tonne_km": 0.16305862100187532, "co2_tn": 21.889212}], "LGA_52100": [{"industry": "grains", "sector": "cropping", "trips_count": 26, "trailer_loads": 771.6467, "tonnes": 17272.354, "tonne_kms": 1043501.75, "tonnes_per_trailer": 21.615408, "avg_trip_distance": 56.20232, "avg_trip_duration": 0.5867737, "total_trip_distance": 24373.344, "total_trip_duration": 254.47372, "total_freight_value": 6354469.0, "trip_transport_costs": 191992.0, "cst_per_tonne": 11.0, "cst_per_tonne_km": 0.18398845559255173, "co2_tn": 83.410965}], "LGA_53990": [{"industry": "grains", "sector": "cropping", "trips_count": 10, "trailer_loads": 77.39622, "tonnes": 1822.6802, "tonne_kms": 374504.7, "tonnes_per_trailer": 23.200008, "avg_trip_distance": 172.02673, "avg_trip_duration": 1.853599, "total_trip_distance": 10595.146, "total_trip_duration": 114.48403, "total_freight_value": 653220.0, "trip_transport_costs": 60293.0, "cst_per_tonne": 33.0, "cst_per_tonne_km": 0.1609941529541102, "co2_tn": 31.428173}, {"industry": "livestock", "sector": "livestock", "trips_count": 10, "trailer_loads": 60.0, "tonnes": 600.0, "tonne_kms": 138690.9, "tonnes_per_trailer": 10.0, "avg_trip_distance": 231.1515, "avg_trip_duration": 2.4439666, "total_trip_distance": 9246.061, "total_trip_duration": 97.75867, "total_freight_value": 4200000.0, "trip_transport_costs": 51869.0, "cst_per_tonne": 86.0, "cst_per_tonne_km": 0.37398991327162084, "co2_tn": 27.375431}], "LGA_54760": [{"industry": "grains", "sector": "cropping", "trips_count": 16, "trailer_loads": 504.28829999999994, "tonnes": 11322.496, "tonne_kms": 1545024.9, "tonnes_per_trailer": 21.50001, "avg_trip_distance": 124.06307, "avg_trip_duration": 1.2865117, "total_trip_distance": 44314.69, "total_trip_duration": 459.44482, "total_freight_value": 4106161.0, "trip_transport_costs": 262749.0, "cst_per_tonne": 23.0, "cst_per_tonne_km": 0.17006132445764022, "co2_tn": 132.15587}], "LGA_57700": [{"industry": "livestock", "sector": "livestock", "trips_count": 35, "trailer_loads": 210.0, "tonnes": 2100.0, "tonne_kms": 320923.84, "tonnes_per_trailer": 10.0, "avg_trip_distance": 152.82089, "avg_trip_duration": 1.6441686, "total_trip_distance": 21394.924, "total_trip_duration": 230.1836, "total_freight_value": 14700000.0, "trip_transport_costs": 124879.0, "cst_per_tonne": 59.0, "cst_per_tonne_km": 0.38912273914430434, "co2_tn": 63.468983}]}}