{"orig_lga": "LGA_54690", "orig_name": "Koorda (S)", "orig_state": "WA", "fetched_at": "2026-03-12T07:21:05.428148+00:00", "destinations": {"LGA_52520": [{"industry": "grains", "sector": "cropping", "trips_count": 15, "trailer_loads": 228.33704000000003, "tonnes": 5649.5415, "tonne_kms": 353877.7, "tonnes_per_trailer": 24.333319, "avg_trip_distance": 59.8446, "avg_trip_duration": 0.6132277, "total_trip_distance": 8659.846, "total_trip_duration": 88.84604, "total_freight_value": 2308584.0, "trip_transport_costs": 61261.0, "cst_per_tonne": 11.0, "cst_per_tonne_km": 0.1731128927452733, "co2_tn": 26.526045}], "LGA_54620": [{"industry": "grains", "sector": "cropping", "trips_count": 15, "trailer_loads": 126.24474999999998, "tonnes": 3038.351, "tonne_kms": 1046820.9, "tonnes_per_trailer": 23.666664, "avg_trip_distance": 301.7589, "avg_trip_duration": 3.0917807, "total_trip_distance": 26343.697, "total_trip_duration": 270.65674, "total_freight_value": 1185338.0, "trip_transport_costs": 151541.0, "cst_per_tonne": 50.0, "cst_per_tonne_km": 0.14476308428095447, "co2_tn": 83.05805}], "LGA_55460": [{"industry": "grains", "sector": "cropping", "trips_count": 10, "trailer_loads": 160.61793999999998, "tonnes": 4015.4448, "tonne_kms": 808866.56, "tonnes_per_trailer": 24.999983, "avg_trip_distance": 178.74432, "avg_trip_duration": 1.8294913, "total_trip_distance": 18316.111, "total_trip_duration": 187.18118, "total_freight_value": 1617506.0, "trip_transport_costs": 111250.0, "cst_per_tonne": 28.0, "cst_per_tonne_km": 0.13753824253208483, "co2_tn": 57.606895}], "LGA_55880": [{"industry": "grains", "sector": "cropping", "trips_count": 42, "trailer_loads": 617.14393, "tonnes": 15281.789, "tonne_kms": 1000610.25, "tonnes_per_trailer": 24.238108, "avg_trip_distance": 55.20342, "avg_trip_duration": 0.56796867, "total_trip_distance": 21761.75, "total_trip_duration": 223.6453, "total_freight_value": 6202980.0, "trip_transport_costs": 160915.0, "cst_per_tonne": 11.0, "cst_per_tonne_km": 0.16081636840297897, "co2_tn": 69.89926}], "LGA_59360": [{"industry": "grains", "sector": "cropping", "trips_count": 10, "trailer_loads": 172.97303, "tonnes": 4324.328, "tonne_kms": 1102972.4, "tonnes_per_trailer": 25.000006, "avg_trip_distance": 212.21844, "avg_trip_duration": 2.1926014, "total_trip_distance": 21811.484, "total_trip_duration": 225.04507, "total_freight_value": 1758560.0, "trip_transport_costs": 140751.0, "cst_per_tonne": 33.0, "cst_per_tonne_km": 0.12761048002540917, "co2_tn": 74.121284}]}}