{"orig_lga": "LGA_51260", "orig_name": "Busselton (C)", "orig_state": "WA", "fetched_at": "2026-03-12T06:56:06.804422+00:00", "destinations": {"LGA_31000": [{"industry": "fruit", "sector": "horticulture", "trips_count": 26, "trailer_loads": 6.825926770000002, "tonnes": 102.850716, "tonne_kms": 469957.16, "tonnes_per_trailer": 15.884624, "avg_trip_distance": 449.33923, "avg_trip_duration": 4.6375675, "total_trip_distance": 17916.785, "total_trip_duration": 184.98769, "total_freight_value": 638914.0, "trip_transport_costs": 98677.0, "cst_per_tonne": 959.0, "cst_per_tonne_km": 0.2099709794128341, "co2_tn": 55.498085}, {"industry": "vegetables", "sector": "horticulture", "trips_count": 8, "trailer_loads": 16.403907800000002, "tonnes": 344.48163, "tonne_kms": 1572801.2, "tonnes_per_trailer": 20.99999, "avg_trip_distance": 1529.7893, "avg_trip_duration": 15.79138, "total_trip_distance": 43148.273, "total_trip_duration": 445.3957, "total_freight_value": 1550170.0, "trip_transport_costs": 237033.0, "cst_per_tonne": 688.0, "cst_per_tonne_km": 0.15070749304221503, "co2_tn": 133.17046}], "LGA_51190": [{"industry": "livestock", "sector": "livestock", "trips_count": 13, "trailer_loads": 75.0909, "tonnes": 860.0, "tonne_kms": 55752.64, "tonnes_per_trailer": 11.846157, "avg_trip_distance": 62.25131, "avg_trip_duration": 0.7173498, "total_trip_distance": 3237.068, "total_trip_duration": 37.30219, "total_freight_value": 5856000.0, "trip_transport_costs": 21776.0, "cst_per_tonne": 25.0, "cst_per_tonne_km": 0.39059040373718246, "co2_tn": 9.653645}, {"industry": "wood_product", "sector": "wood_product", "trips_count": 113, "trailer_loads": 2734.780909999998, "tonnes": 51249.996, "tonne_kms": 3158213.5, "tonnes_per_trailer": 23.026566, "avg_trip_distance": 51.768517, "avg_trip_duration": 0.5815492, "total_trip_distance": 112322.19, "total_trip_duration": 1261.6556, "total_freight_value": 53310004.0, "trip_transport_costs": 761322.0, "cst_per_tonne": 15.0, "cst_per_tonne_km": 0.24106104862358363, "co2_tn": 334.68228}], "LGA_51260": [{"industry": "waste", "sector": "waste", "trips_count": 94, "trailer_loads": 2030.3999999999965, "tonnes": 20304.0, "tonne_kms": 486027.22, "tonnes_per_trailer": 10.0, "avg_trip_distance": 23.502283, "avg_trip_duration": 0.32276177, "total_trip_distance": 48602.723, "total_trip_duration": 667.4713, "total_freight_value": 2030400.0, "trip_transport_costs": 347357.0, "cst_per_tonne": 17.0, "cst_per_tonne_km": 0.7146865440470765, "co2_tn": 110.12103}], "LGA_53990": [{"industry": "livestock", "sector": "livestock", "trips_count": 66, "trailer_loads": 1322.9999200000016, "tonnes": 30680.0, "tonne_kms": 2901113.5, "tonnes_per_trailer": 18.878794, "avg_trip_distance": 88.824295, "avg_trip_duration": 1.0098299, "total_trip_distance": 83267.94, "total_trip_duration": 949.58435, "total_freight_value": 66671500.0, "trip_transport_costs": 520387.0, "cst_per_tonne": 17.0, "cst_per_tonne_km": 0.17937483714328298, "co2_tn": 247.7554}], "LGA_55180": [{"industry": "livestock", "sector": "livestock", "trips_count": 14, "trailer_loads": 571.6, "tonnes": 14240.0, "tonne_kms": 2443454.8, "tonnes_per_trailer": 24.285715, "avg_trip_distance": 163.37192, "avg_trip_duration": 1.8700888, "total_trip_distance": 65353.926, "total_trip_duration": 750.0463, "total_freight_value": 22895000.0, "trip_transport_costs": 382043.0, "cst_per_tonne": 27.0, "cst_per_tonne_km": 0.15635363494348398, "co2_tn": 193.92369}]}}