{"orig_lga": "LGA_54410", "orig_name": "Kellerberrin (S)", "orig_state": "WA", "fetched_at": "2026-03-12T07:19:44.002615+00:00", "destinations": {"LGA_55460": [{"industry": "grains", "sector": "cropping", "trips_count": 18, "trailer_loads": 487.4697499999999, "tonnes": 12186.73, "tonne_kms": 615456.25, "tonnes_per_trailer": 24.999985, "avg_trip_distance": 48.148014, "avg_trip_duration": 0.49716997, "total_trip_distance": 16069.157, "total_trip_duration": 166.44542, "total_freight_value": 4902871.0, "trip_transport_costs": 114704.0, "cst_per_tonne": 9.0, "cst_per_tonne_km": 0.18637204943709193, "co2_tn": 47.86991}], "LGA_59360": [{"industry": "grains", "sector": "cropping", "trips_count": 10, "trailer_loads": 251.68534, "tonnes": 6227.5234, "tonne_kms": 1079110.8, "tonnes_per_trailer": 24.199978, "avg_trip_distance": 163.34364, "avg_trip_duration": 1.6723874, "total_trip_distance": 27795.791, "total_trip_duration": 284.2205, "total_freight_value": 2501652.0, "trip_transport_costs": 160995.0, "cst_per_tonne": 26.0, "cst_per_tonne_km": 0.1491918485548315, "co2_tn": 83.180405}]}}