{"orig_lga": "LGA_50980", "orig_name": "Broome (S)", "orig_state": "WA", "fetched_at": "2026-03-12T06:54:51.166494+00:00", "destinations": {"LGA_50980": [{"industry": "fuel", "sector": "fuel", "trips_count": 12, "trailer_loads": 867.6000000000003, "tonnes": 21690.0, "tonne_kms": 140901.86, "tonnes_per_trailer": 25.0, "avg_trip_distance": 6.415737, "avg_trip_duration": 0.105599366, "total_trip_distance": 5636.074, "total_trip_duration": 92.765724, "total_freight_value": 39042000.0, "trip_transport_costs": 81460.0, "cst_per_tonne": 4.0, "cst_per_tonne_km": 0.5781346797274898, "co2_tn": 13.349498}, {"industry": "livestock", "sector": "livestock", "trips_count": 33, "trailer_loads": 2026.657, "tonnes": 40533.14, "tonne_kms": 1841401.8, "tonnes_per_trailer": 20.0, "avg_trip_distance": 48.074303, "avg_trip_duration": 0.5181566, "total_trip_distance": 48503.75, "total_trip_duration": 596.2283, "total_freight_value": 87348900.0, "trip_transport_costs": 415344.0, "cst_per_tonne": 10.0, "cst_per_tonne_km": 0.22555848973722992, "co2_tn": 161.58167}, {"industry": "waste", "sector": "waste", "trips_count": 45, "trailer_loads": 972.0000000000007, "tonnes": 9720.0, "tonne_kms": 84447.36, "tonnes_per_trailer": 10.0, "avg_trip_distance": 8.457473, "avg_trip_duration": 0.16147771, "total_trip_distance": 7367.1694, "total_trip_duration": 142.3374, "total_freight_value": 972000.0, "trip_transport_costs": 102528.0, "cst_per_tonne": 11.0, "cst_per_tonne_km": 1.2141042069985908, "co2_tn": 20.800282}], "LGA_52800": [{"industry": "fuel", "sector": "fuel", "trips_count": 10, "trailer_loads": 723.0, "tonnes": 18075.0, "tonne_kms": 5181162.5, "tonnes_per_trailer": 25.0, "avg_trip_distance": 274.6499, "avg_trip_duration": 2.87095, "total_trip_distance": 69082.17, "total_trip_duration": 722.19104, "total_freight_value": 32535000.0, "trip_transport_costs": 610461.0, "cst_per_tonne": 34.0, "cst_per_tonne_km": 0.11782309200637887, "co2_tn": 370.0593}], "LGA_54310": []}}