{"orig_lga": "LGA_56090", "orig_name": "Mundaring (S)", "orig_state": "WA", "fetched_at": "2026-03-12T07:31:56.332111+00:00", "destinations": {"LGA_50210": [], "LGA_51260": [{"industry": "grains", "sector": "cropping", "trips_count": 9, "trailer_loads": 116.64000000000004, "tonnes": 2916.0, "tonne_kms": 727952.5, "tonnes_per_trailer": 25.0, "avg_trip_distance": 239.65515, "avg_trip_duration": 2.54592, "total_trip_distance": 19412.066, "total_trip_duration": 206.21951, "total_freight_value": 1458000.0, "trip_transport_costs": 107868.0, "cst_per_tonne": 37.0, "cst_per_tonne_km": 0.14817942652078947, "co2_tn": 57.2224}], "LGA_51330": [{"industry": "waste", "sector": "waste", "trips_count": 98, "trailer_loads": 2116.799999999996, "tonnes": 21168.0, "tonne_kms": 586214.7, "tonnes_per_trailer": 10.0, "avg_trip_distance": 27.189922, "avg_trip_duration": 0.36670908, "total_trip_distance": 58621.473, "total_trip_duration": 790.6248, "total_freight_value": 2116800.0, "trip_transport_costs": 397535.0, "cst_per_tonne": 19.0, "cst_per_tonne_km": 0.6781392257702623, "co2_tn": 133.63155}], "LGA_51680": [{"industry": "grains", "sector": "cropping", "trips_count": 8, "trailer_loads": 101.05902000000002, "tonnes": 2526.4722, "tonne_kms": 142302.08, "tonnes_per_trailer": 24.999954, "avg_trip_distance": 49.917885, "avg_trip_duration": 0.6062418, "total_trip_distance": 3794.722, "total_trip_duration": 46.02714, "total_freight_value": 1263236.0, "trip_transport_costs": 26580.0, "cst_per_tonne": 11.0, "cst_per_tonne_km": 0.18678636146828048, "co2_tn": 11.335478}], "LGA_51820": [{"industry": "fruit", "sector": "horticulture", "trips_count": 21, "trailer_loads": 15.701813090000002, "tonnes": 302.24988, "tonne_kms": 22261.979, "tonnes_per_trailer": 16.42857, "avg_trip_distance": 17.86491, "avg_trip_duration": 0.2098538, "total_trip_distance": 767.51685, "total_trip_duration": 8.900741, "total_freight_value": 1190503.0, "trip_transport_costs": 5104.0, "cst_per_tonne": 17.0, "cst_per_tonne_km": 0.22926434953752994, "co2_tn": 2.2783027}], "LGA_53570": [{"industry": "grains", "sector": "cropping", "trips_count": 27, "trailer_loads": 649.2525999999998, "tonnes": 16231.298, "tonne_kms": 1516502.2, "tonnes_per_trailer": 24.999952, "avg_trip_distance": 66.528625, "avg_trip_duration": 0.7722972, "total_trip_distance": 40440.06, "total_trip_duration": 459.6544, "total_freight_value": 8115650.0, "trip_transport_costs": 253279.0, "cst_per_tonne": 16.0, "cst_per_tonne_km": 0.1670155116287641, "co2_tn": 120.28841}], "LGA_53780": [{"industry": "grains", "sector": "cropping", "trips_count": 9, "trailer_loads": 99.96458000000001, "tonnes": 2499.11, "tonne_kms": 58076.625, "tonnes_per_trailer": 24.999945, "avg_trip_distance": 20.809607, "avg_trip_duration": 0.26228094, "total_trip_distance": 1548.71, "total_trip_duration": 19.568672, "total_freight_value": 1249555.0, "trip_transport_costs": 14665.0, "cst_per_tonne": 6.0, "cst_per_tonne_km": 0.252512963830247, "co2_tn": 4.674904}], "LGA_53990": [{"industry": "grains", "sector": "cropping", "trips_count": 11, "trailer_loads": 137.23200000000003, "tonnes": 3430.8, "tonne_kms": 571592.25, "tonnes_per_trailer": 25.0, "avg_trip_distance": 157.57806, "avg_trip_duration": 1.653189, "total_trip_distance": 15242.459, "total_trip_duration": 159.86736, "total_freight_value": 1715400.0, "trip_transport_costs": 87518.0, "cst_per_tonne": 26.0, "cst_per_tonne_km": 0.1531120350002832, "co2_tn": 44.889397}], "LGA_54170": [], "LGA_57210": [{"industry": "grains", "sector": "cropping", "trips_count": 6, "trailer_loads": 99.20160000000001, "tonnes": 2480.04, "tonne_kms": 970308.6, "tonnes_per_trailer": 25.0, "avg_trip_distance": 374.98294, "avg_trip_duration": 3.9766762, "total_trip_distance": 25874.896, "total_trip_duration": 274.22873, "total_freight_value": 1240020.0, "trip_transport_costs": 141373.0, "cst_per_tonne": 57.0, "cst_per_tonne_km": 0.14569851512853063, "co2_tn": 76.56363}], "LGA_57700": [{"industry": "grains", "sector": "cropping", "trips_count": 49, "trailer_loads": 647.2790799999998, "tonnes": 16181.946, "tonne_kms": 1055958.1, "tonnes_per_trailer": 24.999943, "avg_trip_distance": 56.82708, "avg_trip_duration": 0.6834904, "total_trip_distance": 28158.883, "total_trip_duration": 335.58215, "total_freight_value": 8090970.0, "trip_transport_costs": 190181.0, "cst_per_tonne": 12.0, "cst_per_tonne_km": 0.18010247020737383, "co2_tn": 84.11081}], "LGA_57910": [{"industry": "meat", "sector": "cold_food", "trips_count": 7, "trailer_loads": 279.84296, "tonnes": 3660.1562, "tonne_kms": 181529.19, "tonnes_per_trailer": 13.71429, "avg_trip_distance": 49.308407, "avg_trip_duration": 0.62172157, "total_trip_distance": 9329.67, "total_trip_duration": 117.96402, "total_freight_value": 22520300.0, "trip_transport_costs": 67715.0, "cst_per_tonne": 19.0, "cst_per_tonne_km": 0.37302382255074684, "co2_tn": 27.858292}], "LGA_58050": [{"industry": "grains", "sector": "cropping", "trips_count": 6, "trailer_loads": 84.58546000000001, "tonnes": 2114.633, "tonne_kms": 21616.16, "tonnes_per_trailer": 24.99995, "avg_trip_distance": 10.969652, "avg_trip_duration": 0.1691305, "total_trip_distance": 864.64636, "total_trip_duration": 13.509171, "total_freight_value": 1057315.0, "trip_transport_costs": 9402.0, "cst_per_tonne": 4.0, "cst_per_tonne_km": 0.4349741978160511, "co2_tn": 2.0232213}], "LGA_58760": [{"industry": "grains", "sector": "cropping", "trips_count": 17, "trailer_loads": 153.79172000000005, "tonnes": 3844.7832, "tonne_kms": 196692.39, "tonnes_per_trailer": 24.999935, "avg_trip_distance": 43.795128, "avg_trip_duration": 0.54194766, "total_trip_distance": 5245.1304, "total_trip_duration": 64.589966, "total_freight_value": 1922393.0, "trip_transport_costs": 37755.0, "cst_per_tonne": 10.0, "cst_per_tonne_km": 0.19194844965028285, "co2_tn": 15.701578}]}}