{"orig_lga": "LGA_65410", "orig_name": "Waratah/Wynyard (M)", "orig_state": "TAS", "fetched_at": "2026-03-12T07:50:25.839810+00:00", "destinations": {"LGA_60610": [{"industry": "waste", "sector": "waste", "trips_count": 13, "trailer_loads": 280.8, "tonnes": 2808.0, "tonne_kms": 30521.88, "tonnes_per_trailer": 10.0, "avg_trip_distance": 10.671986, "avg_trip_duration": 0.15261987, "total_trip_distance": 3052.188, "total_trip_duration": 43.64928, "total_freight_value": 280800.0, "trip_transport_costs": 31582.0, "cst_per_tonne": 11.0, "cst_per_tonne_km": 1.0347423096122836, "co2_tn": 7.01766}, {"industry": "wood_product", "sector": "wood_product", "trips_count": 238, "trailer_loads": 11562.135315999996, "tonnes": 209979.11, "tonne_kms": 8564388.0, "tonnes_per_trailer": 18.705877, "avg_trip_distance": 40.097225, "avg_trip_duration": 0.64946437, "total_trip_distance": 329712.88, "total_trip_duration": 5332.2144, "total_freight_value": 64488634.0, "trip_transport_costs": 2686994.0, "cst_per_tonne": 13.0, "cst_per_tonne_km": 0.313740361413915, "co2_tn": 1052.0654}], "LGA_61210": [{"industry": "livestock", "sector": "livestock", "trips_count": 12, "trailer_loads": 59.0909, "tonnes": 1200.0, "tonne_kms": 85236.0, "tonnes_per_trailer": 20.333338, "avg_trip_distance": 59.664494, "avg_trip_duration": 0.7663257, "total_trip_distance": 2956.7407, "total_trip_duration": 37.826416, "total_freight_value": 3391000.0, "trip_transport_costs": 19489.0, "cst_per_tonne": 16.0, "cst_per_tonne_km": 0.228647045787303, "co2_tn": 8.750526}, {"industry": "wood_product", "sector": "wood_product", "trips_count": 18, "trailer_loads": 355.07070899999997, "tonnes": 8251.764, "tonne_kms": 725717.9, "tonnes_per_trailer": 22.222237, "avg_trip_distance": 82.913574, "avg_trip_duration": 0.96577513, "total_trip_distance": 26696.793, "total_trip_duration": 296.30103, "total_freight_value": 15253524.0, "trip_transport_costs": 143856.0, "cst_per_tonne": 17.0, "cst_per_tonne_km": 0.19822578978350885, "co2_tn": 65.10415}], "LGA_64610": [{"industry": "livestock", "sector": "livestock", "trips_count": 6, "trailer_loads": 29.090899999999998, "tonnes": 600.0, "tonne_kms": 107113.1, "tonnes_per_trailer": 20.666674, "avg_trip_distance": 144.43399, "avg_trip_duration": 1.6250885, "total_trip_distance": 3466.416, "total_trip_duration": 39.00212, "total_freight_value": 2098000.0, "trip_transport_costs": 20151.0, "cst_per_tonne": 34.0, "cst_per_tonne_km": 0.18812683358864904, "co2_tn": 10.359595}]}}