{"orig_lga": "LGA_65810", "orig_name": "West Tamar (M)", "orig_state": "TAS", "fetched_at": "2026-03-12T07:51:39.175317+00:00", "destinations": {"LGA_64010": [{"industry": "waste", "sector": "waste", "trips_count": 33, "trailer_loads": 1153.4399999999998, "tonnes": 11534.4, "tonne_kms": 247858.77, "tonnes_per_trailer": 10.0, "avg_trip_distance": 11.357045, "avg_trip_duration": 0.19225723, "total_trip_distance": 18690.86, "total_trip_duration": 271.63828, "total_freight_value": 1153440.0, "trip_transport_costs": 171310.0, "cst_per_tonne": 15.0, "cst_per_tonne_km": 0.6911595488856084, "co2_tn": 52.98604}], "LGA_64610": []}}