{"orig_lga": "LGA_23430", "orig_name": "Kingston (C) (Vic.)", "orig_state": "VIC", "fetched_at": "2026-03-12T07:20:08.981329+00:00", "destinations": {"LGA_10750": [{"industry": "dairy_product", "sector": "cold_food", "trips_count": 8, "trailer_loads": 1146.51473, "tonnes": 23397.062, "tonne_kms": 20531652.0, "tonnes_per_trailer": 20.500023, "avg_trip_distance": 795.28107, "avg_trip_duration": 8.254724, "total_trip_distance": 670742.7, "total_trip_duration": 6958.2827, "total_freight_value": 128365701.0, "trip_transport_costs": 3702666.0, "cst_per_tonne": 158.0, "cst_per_tonne_km": 0.18033940304630017, "co2_tn": 1979.35}, {"industry": "other_retail_ess", "sector": "general", "trips_count": 6, "trailer_loads": 54.61012, "tonnes": 546.1012, "tonne_kms": 477854.47, "tonnes_per_trailer": 10.0, "avg_trip_distance": 708.2334, "avg_trip_duration": 7.340412, "total_trip_distance": 31865.328, "total_trip_duration": 330.2786, "total_freight_value": 67170540.0, "trip_transport_costs": 174678.0, "cst_per_tonne": 320.0, "cst_per_tonne_km": 0.3655456319713056, "co2_tn": 94.01054}], "LGA_20910": [{"industry": "waste", "sector": "waste", "trips_count": 83, "trailer_loads": 1792.7999999999975, "tonnes": 17928.0, "tonne_kms": 78020.06, "tonnes_per_trailer": 10.0, "avg_trip_distance": 4.272731, "avg_trip_duration": 0.07067415, "total_trip_distance": 7802.0063, "total_trip_duration": 129.051, "total_freight_value": 1792800.0, "trip_transport_costs": 149686.0, "cst_per_tonne": 8.0, "cst_per_tonne_km": 1.9185634284596065, "co2_tn": 18.599794}], "LGA_22670": [{"industry": "waste", "sector": "waste", "trips_count": 41, "trailer_loads": 885.6000000000006, "tonnes": 8856.0, "tonne_kms": 100708.055, "tonnes_per_trailer": 10.0, "avg_trip_distance": 11.164973, "avg_trip_duration": 0.15786918, "total_trip_distance": 10070.806, "total_trip_duration": 142.398, "total_freight_value": 885600.0, "trip_transport_costs": 101365.0, "cst_per_tonne": 11.0, "cst_per_tonne_km": 1.0065260575684774, "co2_tn": 22.970581}], "LGA_24600": [], "LGA_24970": [{"industry": "waste", "sector": "waste", "trips_count": 38, "trailer_loads": 820.8000000000005, "tonnes": 8208.0, "tonne_kms": 46761.625, "tonnes_per_trailer": 10.0, "avg_trip_distance": 5.593496, "avg_trip_duration": 0.09540345, "total_trip_distance": 4676.1626, "total_trip_duration": 79.75728, "total_freight_value": 820800.0, "trip_transport_costs": 74254.0, "cst_per_tonne": 9.0, "cst_per_tonne_km": 1.5879236058112558, "co2_tn": 11.248567}], "LGA_27070": [], "LGA_27260": [{"industry": "dairy_product", "sector": "cold_food", "trips_count": 6, "trailer_loads": 2553.931, "tonnes": 52256.32, "tonne_kms": 2509181.8, "tonnes_per_trailer": 20.500013, "avg_trip_distance": 47.446922, "avg_trip_duration": 0.6317862, "total_trip_distance": 81758.555, "total_trip_duration": 1093.8445, "total_freight_value": 269661150.0, "trip_transport_costs": 620930.0, "cst_per_tonne": 12.0, "cst_per_tonne_km": 0.24746329623940155, "co2_tn": 247.15219}], "LGA_31000": [{"industry": "dairy_product", "sector": "cold_food", "trips_count": 10, "trailer_loads": 651.78359, "tonnes": 13313.547, "tonne_kms": 23546094.0, "tonnes_per_trailer": 20.50002, "avg_trip_distance": 1134.66, "avg_trip_duration": 11.831117, "total_trip_distance": 768653.44, "total_trip_duration": 8008.989, "total_freight_value": 71499159.0, "trip_transport_costs": 4206316.0, "cst_per_tonne": 316.0, "cst_per_tonne_km": 0.17864176242856883, "co2_tn": 2267.2747}, {"industry": "other_retail_ess", "sector": "general", "trips_count": 6, "trailer_loads": 18.776490000000003, "tonnes": 187.7649, "tonne_kms": 331194.62, "tonnes_per_trailer": 10.0, "avg_trip_distance": 903.906, "avg_trip_duration": 9.417814, "total_trip_distance": 22084.059, "total_trip_duration": 230.06383, "total_freight_value": 23095074.0, "trip_transport_costs": 120018.0, "cst_per_tonne": 639.0, "cst_per_tonne_km": 0.3623802322632378, "co2_tn": 65.14361}], "LGA_37010": [{"industry": "dairy_product", "sector": "cold_food", "trips_count": 8, "trailer_loads": 182.29597000000004, "tonnes": 3767.133, "tonne_kms": 9481968.0, "tonnes_per_trailer": 20.499994, "avg_trip_distance": 1142.7334, "avg_trip_duration": 12.350889, "total_trip_distance": 193239.83, "total_trip_duration": 2089.8083, "total_freight_value": 14863981.0, "trip_transport_costs": 1340927.0, "cst_per_tonne": 356.0, "cst_per_tonne_km": 0.14141864293098225, "co2_tn": 811.6121}, {"industry": "other_retail_ess", "sector": "general", "trips_count": 6, "trailer_loads": 10.487642, "tonnes": 104.87642, "tonne_kms": 262964.03, "tonnes_per_trailer": 10.0, "avg_trip_distance": 787.8143, "avg_trip_duration": 8.504123, "total_trip_distance": 11023.978, "total_trip_duration": 118.923386, "total_freight_value": 12899810.0, "trip_transport_costs": 76088.0, "cst_per_tonne": 725.0, "cst_per_tonne_km": 0.28934578828301016, "co2_tn": 46.47301}]}}