{"orig_lga": "LGA_23350", "orig_name": "Indigo (S)", "orig_state": "VIC", "fetched_at": "2026-03-12T07:18:11.231000+00:00", "destinations": {"LGA_10050": [{"industry": "livestock", "sector": "livestock", "trips_count": 27, "trailer_loads": 1148.2000000000003, "tonnes": 28580.0, "tonne_kms": 1065407.8, "tonnes_per_trailer": 24.074074, "avg_trip_distance": 35.93101, "avg_trip_duration": 0.4249859, "total_trip_distance": 42718.793, "total_trip_duration": 499.57672, "total_freight_value": 46005500.0, "trip_transport_costs": 255994.0, "cst_per_tonne": 9.0, "cst_per_tonne_km": 0.24027801040808966, "co2_tn": 94.326546}], "LGA_10550": [{"industry": "grains", "sector": "cropping", "trips_count": 6, "trailer_loads": 90.72000000000003, "tonnes": 2268.0, "tonne_kms": 1085298.2, "tonnes_per_trailer": 25.0, "avg_trip_distance": 401.3275, "avg_trip_duration": 4.519512, "total_trip_distance": 36323.492, "total_trip_duration": 408.5087, "total_freight_value": 1134000.0, "trip_transport_costs": 180341.0, "cst_per_tonne": 80.0, "cst_per_tonne_km": 0.16616723538034361, "co2_tn": 90.82414}], "LGA_12870": [{"industry": "grains", "sector": "cropping", "trips_count": 7, "trailer_loads": 157.10790000000003, "tonnes": 3927.699, "tonne_kms": 208868.83, "tonnes_per_trailer": 25.000008, "avg_trip_distance": 46.056976, "avg_trip_duration": 0.51798916, "total_trip_distance": 5569.8354, "total_trip_duration": 62.703224, "total_freight_value": 1975294.0, "trip_transport_costs": 39021.0, "cst_per_tonne": 10.0, "cst_per_tonne_km": 0.18681983772523195, "co2_tn": 16.510561}, {"industry": "waste", "sector": "waste", "trips_count": 10, "trailer_loads": 215.99999999999997, "tonnes": 2160.0, "tonne_kms": 48613.824, "tonnes_per_trailer": 10.0, "avg_trip_distance": 22.097193, "avg_trip_duration": 0.26437092, "total_trip_distance": 4861.3823, "total_trip_duration": 58.161602, "total_freight_value": 216000.0, "trip_transport_costs": 34594.0, "cst_per_tonne": 16.0, "cst_per_tonne_km": 0.7116177147559382, "co2_tn": 10.846939}], "LGA_13340": [{"industry": "livestock", "sector": "livestock", "trips_count": 8, "trailer_loads": 40.0, "tonnes": 800.0, "tonne_kms": 50516.5, "tonnes_per_trailer": 20.0, "avg_trip_distance": 58.971855, "avg_trip_duration": 0.6742337, "total_trip_distance": 2191.9233, "total_trip_duration": 25.093111, "total_freight_value": 1724000.0, "trip_transport_costs": 12640.0, "cst_per_tonne": 16.0, "cst_per_tonne_km": 0.2502183595799143, "co2_tn": 5.3847737}], "LGA_13450": [], "LGA_17040": [{"industry": "livestock", "sector": "livestock", "trips_count": 6, "trailer_loads": 38.18185, "tonnes": 800.0, "tonne_kms": 312482.6, "tonnes_per_trailer": 20.66666, "avg_trip_distance": 321.64038, "avg_trip_duration": 3.6696262, "total_trip_distance": 11598.6045, "total_trip_duration": 131.88782, "total_freight_value": 3268500.0, "trip_transport_costs": 60135.0, "cst_per_tonne": 75.0, "cst_per_tonne_km": 0.19244197214284836, "co2_tn": 30.793308}], "LGA_20110": [{"industry": "grains", "sector": "cropping", "trips_count": 6, "trailer_loads": 103.68000000000004, "tonnes": 2592.0, "tonne_kms": 212227.12, "tonnes_per_trailer": 25.0, "avg_trip_distance": 81.14893, "avg_trip_duration": 0.90879095, "total_trip_distance": 5659.39, "total_trip_duration": 63.480816, "total_freight_value": 1296000.0, "trip_transport_costs": 36082.0, "cst_per_tonne": 14.0, "cst_per_tonne_km": 0.17001533025570484, "co2_tn": 16.773123}, {"industry": "livestock", "sector": "livestock", "trips_count": 6, "trailer_loads": 32.0, "tonnes": 520.0, "tonne_kms": 31923.82, "tonnes_per_trailer": 16.666666, "avg_trip_distance": 55.951305, "avg_trip_duration": 0.66237456, "total_trip_distance": 1342.8313, "total_trip_duration": 15.896989, "total_freight_value": 2062000.0, "trip_transport_costs": 9209.0, "cst_per_tonne": 18.0, "cst_per_tonne_km": 0.28845951155326066, "co2_tn": 4.0470514}], "LGA_21370": [{"industry": "livestock", "sector": "livestock", "trips_count": 11, "trailer_loads": 115.54546, "tonnes": 2460.0, "tonne_kms": 529261.75, "tonnes_per_trailer": 20.72728, "avg_trip_distance": 185.90053, "avg_trip_duration": 2.0455675, "total_trip_distance": 16537.781, "total_trip_duration": 181.2317, "total_freight_value": 15029500.0, "trip_transport_costs": 93777.0, "cst_per_tonne": 38.0, "cst_per_tonne_km": 0.1771845493060322, "co2_tn": 48.912}], "LGA_22110": [{"industry": "livestock", "sector": "livestock", "trips_count": 10, "trailer_loads": 221.4, "tonnes": 5060.0, "tonne_kms": 1566162.5, "tonnes_per_trailer": 21.2, "avg_trip_distance": 317.20767, "avg_trip_duration": 3.714436, "total_trip_distance": 68362.24, "total_trip_duration": 793.7911, "total_freight_value": 18560500.0, "trip_transport_costs": 313053.0, "cst_per_tonne": 62.0, "cst_per_tonne_km": 0.19988512676286785, "co2_tn": 151.29121}], "LGA_22830": [{"industry": "grains", "sector": "cropping", "trips_count": 9, "trailer_loads": 185.37842999999998, "tonnes": 4634.467, "tonne_kms": 591902.06, "tonnes_per_trailer": 25.00002, "avg_trip_distance": 116.87571, "avg_trip_duration": 1.2532505, "total_trip_distance": 15784.056, "total_trip_duration": 169.75067, "total_freight_value": 2559833.0, "trip_transport_costs": 93632.0, "cst_per_tonne": 20.0, "cst_per_tonne_km": 0.15818818066779522, "co2_tn": 46.560795}, {"industry": "livestock", "sector": "livestock", "trips_count": 8, "trailer_loads": 180.745, "tonnes": 3860.0, "tonne_kms": 669486.0, "tonnes_per_trailer": 17.125011, "avg_trip_distance": 137.7128, "avg_trip_duration": 1.4995569, "total_trip_distance": 20638.473, "total_trip_duration": 221.48347, "total_freight_value": 17848500.0, "trip_transport_costs": 118999.0, "cst_per_tonne": 31.0, "cst_per_tonne_km": 0.17774686526947073, "co2_tn": 60.546124}], "LGA_23350": [{"industry": "grains", "sector": "cropping", "trips_count": 13, "trailer_loads": 181.44000000000008, "tonnes": 4536.0, "tonne_kms": 320517.66, "tonnes_per_trailer": 25.0, "avg_trip_distance": 68.69473, "avg_trip_duration": 0.7667346, "total_trip_distance": 9294.877, "total_trip_duration": 103.8829, "total_freight_value": 2268000.0, "trip_transport_costs": 57698.0, "cst_per_tonne": 13.0, "cst_per_tonne_km": 0.18001518265374422, "co2_tn": 25.79202}, {"industry": "livestock", "sector": "livestock", "trips_count": 54, "trailer_loads": 2994.4000000000005, "tonnes": 74360.0, "tonne_kms": 897720.56, "tonnes_per_trailer": 24.25926, "avg_trip_distance": 15.128793, "avg_trip_duration": 0.20042603, "total_trip_distance": 32073.57, "total_trip_duration": 402.2597, "total_freight_value": 120086000.0, "trip_transport_costs": 337965.0, "cst_per_tonne": 5.0, "cst_per_tonne_km": 0.37647040256763326, "co2_tn": 79.27289}, {"industry": "waste", "sector": "waste", "trips_count": 13, "trailer_loads": 280.8, "tonnes": 2808.0, "tonne_kms": 20183.256, "tonnes_per_trailer": 10.0, "avg_trip_distance": 7.0570827, "avg_trip_duration": 0.10948657, "total_trip_distance": 2018.3256, "total_trip_duration": 31.31316, "total_freight_value": 280800.0, "trip_transport_costs": 27186.0, "cst_per_tonne": 10.0, "cst_per_tonne_km": 1.346962952350566, "co2_tn": 4.82068}], "LGA_24900": [{"industry": "grains", "sector": "cropping", "trips_count": 10, "trailer_loads": 175.11191000000002, "tonnes": 4377.802, "tonne_kms": 232035.03, "tonnes_per_trailer": 25.000011, "avg_trip_distance": 52.222378, "avg_trip_duration": 0.58984774, "total_trip_distance": 6300.291, "total_trip_duration": 71.70923, "total_freight_value": 1748036.0, "trip_transport_costs": 43772.0, "cst_per_tonne": 10.0, "cst_per_tonne_km": 0.18864325525385375, "co2_tn": 18.443676}, {"industry": "livestock", "sector": "livestock", "trips_count": 10, "trailer_loads": 60.0, "tonnes": 1200.0, "tonne_kms": 109081.8, "tonnes_per_trailer": 20.0, "avg_trip_distance": 76.7895, "avg_trip_duration": 0.86085856, "total_trip_distance": 3636.06, "total_trip_duration": 40.71739, "total_freight_value": 2586000.0, "trip_transport_costs": 22866.0, "cst_per_tonne": 19.0, "cst_per_tonne_km": 0.2096217205390594,