{"orig_lga": "LGA_21270", "orig_name": "Buloke (S)", "orig_state": "VIC", "fetched_at": "2026-03-12T06:55:23.757278+00:00", "destinations": {"LGA_10650": [{"industry": "grains", "sector": "cropping", "trips_count": 112, "trailer_loads": 2248.998230000002, "tonnes": 56212.08, "tonne_kms": 16939142.0, "tonnes_per_trailer": 24.964281, "avg_trip_distance": 258.1884, "avg_trip_duration": 2.9082534, "total_trip_distance": 447230.0, "total_trip_duration": 5039.0435, "total_freight_value": 25169337.0, "trip_transport_costs": 2520908.0, "cst_per_tonne": 45.0, "cst_per_tonne_km": 0.14882146558736103, "co2_tn": 1333.8523}], "LGA_12730": [{"industry": "grains", "sector": "cropping", "trips_count": 48, "trailer_loads": 779.2625499999997, "tonnes": 19443.018, "tonne_kms": 4400156.5, "tonnes_per_trailer": 24.749994, "avg_trip_distance": 142.49747, "avg_trip_duration": 1.5846933, "total_trip_distance": 116565.016, "total_trip_duration": 1293.013, "total_freight_value": 8831438.0, "trip_transport_costs": 669824.0, "cst_per_tonne": 34.0, "cst_per_tonne_km": 0.15222732802674888, "co2_tn": 346.02344}], "LGA_15520": [{"industry": "grains", "sector": "cropping", "trips_count": 40, "trailer_loads": 1483.32238, "tonnes": 37063.79, "tonne_kms": 5821273.5, "tonnes_per_trailer": 24.850002, "avg_trip_distance": 152.03242, "avg_trip_duration": 1.6847101, "total_trip_distance": 155334.28, "total_trip_duration": 1718.1881, "total_freight_value": 15117637.0, "trip_transport_costs": 908178.0, "cst_per_tonne": 25.0, "cst_per_tonne_km": 0.15601012391835845, "co2_tn": 459.805}, {"industry": "livestock", "sector": "livestock", "trips_count": 10, "trailer_loads": 62.0, "tonnes": 820.0, "tonne_kms": 127516.22, "tonnes_per_trailer": 13.0, "avg_trip_distance": 141.04964, "avg_trip_duration": 1.57043, "total_trip_distance": 5843.6562, "total_trip_duration": 65.082184, "total_freight_value": 3802000.0, "trip_transport_costs": 35383.0, "cst_per_tonne": 43.0, "cst_per_tonne_km": 0.2774806150577904, "co2_tn": 17.677246}], "LGA_15560": [{"industry": "grains", "sector": "cropping", "trips_count": 121, "trailer_loads": 2516.49127, "tonnes": 62553.043, "tonne_kms": 22854006.0, "tonnes_per_trailer": 24.619818, "avg_trip_distance": 322.4482, "avg_trip_duration": 3.4504576, "total_trip_distance": 567485.5, "total_trip_duration": 6057.224, "total_freight_value": 24029106.0, "trip_transport_costs": 3215482.0, "cst_per_tonne": 51.0, "cst_per_tonne_km": 0.14069666697345778, "co2_tn": 1722.5955}], "LGA_20740": [{"industry": "grains", "sector": "cropping", "trips_count": 8, "trailer_loads": 25.694639999999996, "tonnes": 590.9776, "tonne_kms": 262050.62, "tonnes_per_trailer": 23.000034, "avg_trip_distance": 316.48627, "avg_trip_duration": 3.4359658, "total_trip_distance": 7595.6704, "total_trip_duration": 82.46318, "total_freight_value": 177293.0, "trip_transport_costs": 41455.0, "cst_per_tonne": 70.0, "cst_per_tonne_km": 0.15819562611351337, "co2_tn": 22.409288}], "LGA_20830": [{"industry": "grains", "sector": "cropping", "trips_count": 19, "trailer_loads": 207.00293999999985, "tonnes": 5059.4585, "tonne_kms": 1927304.1, "tonnes_per_trailer": 23.105299, "avg_trip_distance": 294.8549, "avg_trip_duration": 3.1691282, "total_trip_distance": 52650.63, "total_trip_duration": 563.3367, "total_freight_value": 2263789.0, "trip_transport_costs": 286957.0, "cst_per_tonne": 57.0, "cst_per_tonne_km": 0.14889017727393244, "co2_tn": 155.1644}], "LGA_21270": [{"industry": "grains", "sector": "cropping", "trips_count": 468, "trailer_loads": 9860.311120000004, "tonnes": 243970.58, "tonne_kms": 13061012.0, "tonnes_per_trailer": 24.497854, "avg_trip_distance": 49.88271, "avg_trip_duration": 0.54180723, "total_trip_distance": 351266.16, "total_trip_duration": 3814.0872, "total_freight_value": 96854907.0, "trip_transport_costs": 2438772.0, "cst_per_tonne": 10.0, "cst_per_tonne_km": 0.18672153620068535, "co2_tn": 1027.9773}, {"industry": "livestock", "sector": "livestock", "trips_count": 19, "trailer_loads": 615.1818000000001, "tonnes": 11420.003, "tonne_kms": 284452.8, "tonnes_per_trailer": 12.315793, "avg_trip_distance": 34.033054, "avg_trip_duration": 0.37778786, "total_trip_distance": 10331.561, "total_trip_duration": 115.35985, "total_freight_value": 35589500.0, "trip_transport_costs": 92810.0, "cst_per_tonne": 8.0, "cst_per_tonne_km": 0.32627718486919516, "co2_tn": 30.123955}, {"industry": "waste", "sector": "waste", "trips_count": 9, "trailer_loads": 332.6400000000001, "tonnes": 3326.4001, "tonne_kms": 81406.47, "tonnes_per_trailer": 10.0, "avg_trip_distance": 20.89753, "avg_trip_duration": 0.23147379, "total_trip_distance": 6426.825, "total_trip_duration": 69.20842, "total_freight_value": 332640.0, "trip_transport_costs": 51340.0, "cst_per_tonne": 15.0, "cst_per_tonne_km": 0.6306673012299008, "co2_tn": 16.707926}], "LGA_21370": [{"industry": "grains", "sector": "cropping", "trips_count": 54, "trailer_loads": 1656.5709500000005, "tonnes": 41189.457, "tonne_kms": 6978919.0, "tonnes_per_trailer": 23.703732, "avg_trip_distance": 149.38153, "avg_trip_duration": 1.6290874, "total_trip_distance": 187320.53, "total_trip_duration": 2051.9084, "total_freight_value": 17997290.0, "trip_transport_costs": 1081501.0, "cst_per_tonne": 26.0, "cst_per_tonne_km": 0.15496678759635918, "co2_tn": 552.70996}, {"industry": "livestock", "sector": "livestock", "trips_count": 23, "trailer_loads": 402.90907, "tonnes": 7920.0, "tonne_kms": 1210526.0, "tonnes_per_trailer": 16.173916, "avg_trip_distance": 163.97409, "avg_trip_duration": 1.7919506, "total_trip_distance": 42070.46, "total_trip_duration": 459.7831, "total_freight_value": 47756000.0, "trip_transport_costs": 245120.0, "cst_per_tonne": 31.0, "cst_per_tonne_km": 0.20249028047937687, "co2_tn": 124.09369}], "LGA_21750": [{"industry": "grains", "sector": "cropping", "trips_count": 10, "trailer_loads": 32.1183, "tonnes": 738.722, "tonne_kms": 224825.1, "tonnes_per_trailer": 23.000034, "avg_trip_distance": 217.2223, "avg_trip_duration": 2.415986, "total_trip_distance": 6516.6694, "total_trip_duration": 72.47958, "total_freight_value": 221616.0, "trip_transport_costs": 36317.0, "cst_per_tonne": 49.0, "cst_per_tonne_km": 0.16153503720183593, "co2_tn": 19.253418}], "LGA_21830": [{"industry": "grains", "sector": "cropping", "trips_count": 53, "trailer_loads": 1193.954659999999, "tonnes": 29643.352, "tonne_kms": 7623375.5, "tonnes_per_trailer": 23.792473, "avg_trip_distance": 228.98778, "avg_trip_duration": 2.5191975, "total_trip_distance": 204989.48, "total_trip_duration": 2262.7593, "total_freight_value": 13662094.0, "trip_transport_costs": 1149474.0, "cst_per_tonne": 39.0, "cst_per_tonne_km": 0.15078277860435643, "co2_tn": 605.2644}], "LGA_22250": [{"industry": "grains", "sector": "cropping", "trips_count": 135, "trailer_loads": 2183.3294200000064, "tonnes": 54319.844, "tonne_kms": 4406332.0, "tonnes_per_trailer": 24.392603, "avg_trip_distance": 79.98275, "avg_trip_duration": 0.87205285, "total_trip_distance": 118487.55, "total_trip_duration": 1292.1567, "total_freight_value": 20637406.0, "trip_transport_costs": 753238.0, "cst_per_tonne": 14.0, "cst_per_tonne_km": 0.17094450635952793, "co2_tn": 349.85175}], "LGA_22410": [{"industry": "grains", "sector": "cropping", "trips_count": 10, "trailer_loads": 260.78458, "tonnes": 6481.077, "tonne_kms": 1888216.8, "tonnes_per_trailer": 23.80003, "avg_trip_distance": 252.97154, "avg_trip_duration": 2.753657, "total_trip_distance": 50682.67, "total_trip_duration": 547.415, "total_freight_value": 2645802.0, "trip_transport_costs": 280550.0, "cst_per_tonne": 43.0, "cst_per_tonne_km": 0.14857925003222286, "co2_tn": 149.03302}], "LGA_22750": [{"industry": "grains", "sector": "cropping", "trips_count": 12, "trailer_loads": 399.13849000000005, "tonnes": 9978.469, "tonne_kms": 2571017.2, "tonnes_per_trailer": 25.00002, "avg_trip_distance": 253.82764, "avg_trip_duration": 2.8099513, "total_trip_distance": 68560.45, "total_trip_duration": 762.87854,