{"orig_lga": "LGA_26610", "orig_name": "Swan Hill (RC)", "orig_state": "VIC", "fetched_at": "2026-03-12T07:45:29.586981+00:00", "destinations": {"LGA_10650": [{"industry": "grains", "sector": "cropping", "trips_count": 115, "trailer_loads": 3254.5980299999965, "tonnes": 81349.11, "tonne_kms": 23629146.0, "tonnes_per_trailer": 24.982615, "avg_trip_distance": 256.34116, "avg_trip_duration": 2.8851788, "total_trip_distance": 621370.5, "total_trip_duration": 6993.5835, "total_freight_value": 36868721.0, "trip_transport_costs": 3513021.0, "cst_per_tonne": 43.0, "cst_per_tonne_km": 0.14867320948224413, "co2_tn": 1855.2921}], "LGA_11700": [{"industry": "livestock", "sector": "livestock", "trips_count": 7, "trailer_loads": 42.0, "tonnes": 420.0, "tonne_kms": 211044.9, "tonnes_per_trailer": 10.0, "avg_trip_distance": 361.63486, "avg_trip_duration": 3.9015536, "total_trip_distance": 10578.069, "total_trip_duration": 113.832596, "total_freight_value": 2940000.0, "trip_transport_costs": 68092.0, "cst_per_tonne": 162.0, "cst_per_tonne_km": 0.3226445313142034, "co2_tn": 34.969765}], "LGA_15520": [{"industry": "grains", "sector": "cropping", "trips_count": 30, "trailer_loads": 1222.62973, "tonnes": 30565.746, "tonne_kms": 4385458.5, "tonnes_per_trailer": 25.000004, "avg_trip_distance": 137.8465, "avg_trip_duration": 1.5462935, "total_trip_distance": 116945.56, "total_trip_duration": 1305.8424, "total_freight_value": 13159403.0, "trip_transport_costs": 690872.0, "cst_per_tonne": 23.0, "cst_per_tonne_km": 0.15753701377696597, "co2_tn": 346.2895}, {"industry": "livestock", "sector": "livestock", "trips_count": 12, "trailer_loads": 67.0, "tonnes": 1220.0, "tonne_kms": 99810.86, "tonnes_per_trailer": 18.333334, "avg_trip_distance": 78.33202, "avg_trip_duration": 0.8814216, "total_trip_distance": 3895.8423, "total_trip_duration": 43.801388, "total_freight_value": 3210500.0, "trip_transport_costs": 24645.0, "cst_per_tonne": 20.0, "cst_per_tonne_km": 0.24691776246077538, "co2_tn": 11.473979}], "LGA_19399": [], "LGA_21270": [{"industry": "grains", "sector": "cropping", "trips_count": 173, "trailer_loads": 4248.064749999999, "tonnes": 105946.82, "tonne_kms": 13835583.0, "tonnes_per_trailer": 24.774572, "avg_trip_distance": 133.21295, "avg_trip_duration": 1.4555606, "total_trip_distance": 365527.72, "total_trip_duration": 3984.3127, "total_freight_value": 42953025.0, "trip_transport_costs": 2183848.0, "cst_per_tonne": 21.0, "cst_per_tonne_km": 0.1578428619668716, "co2_tn": 1083.3943}], "LGA_21370": [{"industry": "grains", "sector": "cropping", "trips_count": 20, "trailer_loads": 765.3810000000001, "tonnes": 19039.115, "tonne_kms": 2999574.5, "tonnes_per_trailer": 24.399998, "avg_trip_distance": 157.83289, "avg_trip_duration": 1.762971, "total_trip_distance": 80502.66, "total_trip_duration": 900.2974, "total_freight_value": 7419103.0, "trip_transport_costs": 469762.0, "cst_per_tonne": 25.0, "cst_per_tonne_km": 0.15660952893915142, "co2_tn": 238.08823}], "LGA_22250": [{"industry": "grains", "sector": "cropping", "trips_count": 63, "trailer_loads": 1803.8905400000003, "tonnes": 44922.35, "tonne_kms": 4629750.0, "tonnes_per_trailer": 24.650797, "avg_trip_distance": 98.35489, "avg_trip_duration": 1.0875138, "total_trip_distance": 124035.83, "total_trip_duration": 1370.0746, "total_freight_value": 17334336.0, "trip_transport_costs": 761302.0, "cst_per_tonne": 17.0, "cst_per_tonne_km": 0.1644370453096735, "co2_tn": 366.27893}, {"industry": "waste", "sector": "waste", "trips_count": 45, "trailer_loads": 972.0000000000007, "tonnes": 9720.0, "tonne_kms": 478980.66, "tonnes_per_trailer": 10.0, "avg_trip_distance": 48.38188, "avg_trip_duration": 0.53935164, "total_trip_distance": 47898.066, "total_trip_duration": 533.9581, "total_freight_value": 972000.0, "trip_transport_costs": 264094.0, "cst_per_tonne": 27.0, "cst_per_tonne_km": 0.5513676120491492, "co2_tn": 105.114845}], "LGA_22830": [{"industry": "grains", "sector": "cropping", "trips_count": 6, "trailer_loads": 47.7087, "tonnes": 1097.298, "tonne_kms": 277373.5, "tonnes_per_trailer": 22.999956, "avg_trip_distance": 223.32812, "avg_trip_duration": 2.4778976, "total_trip_distance": 8039.8125, "total_trip_duration": 89.204315, "total_freight_value": 329190.0, "trip_transport_costs": 45247.0, "cst_per_tonne": 41.0, "cst_per_tonne_km": 0.1631274541733664, "co2_tn": 23.743015}], "LGA_23940": [{"industry": "grains", "sector": "cropping", "trips_count": 34, "trailer_loads": 818.5271500000001, "tonnes": 20399.562, "tonne_kms": 3423692.5, "tonnes_per_trailer": 24.764696, "avg_trip_distance": 166.98576, "avg_trip_duration": 1.8442348, "total_trip_distance": 89241.02, "total_trip_duration": 983.8684, "total_freight_value": 9523591.0, "trip_transport_costs": 524316.0, "cst_per_tonne": 26.0, "cst_per_tonne_km": 0.15314348561531155, "co2_tn": 266.44583}], "LGA_24780": [{"industry": "meat", "sector": "cold_food", "trips_count": 9, "trailer_loads": 20.039303999999998, "tonnes": 360.70682, "tonne_kms": 78458.74, "tonnes_per_trailer": 17.999964, "avg_trip_distance": 179.73842, "avg_trip_duration": 1.9771315, "total_trip_distance": 4358.819, "total_trip_duration": 48.1254, "total_freight_value": 12007562.0, "trip_transport_costs": 19988.0, "cst_per_tonne": 55.0, "cst_per_tonne_km": 0.2547616897873974, "co2_tn": 9.565873}, {"industry": "grains", "sector": "cropping", "trips_count": 9, "trailer_loads": 298.68824, "tonnes": 7467.1963, "tonne_kms": 899879.94, "tonnes_per_trailer": 24.99999, "avg_trip_distance": 128.42816, "avg_trip_duration": 1.3632523, "total_trip_distance": 22827.23, "total_trip_duration": 240.64218, "total_freight_value": 2823980.0, "trip_transport_costs": 138772.0, "cst_per_tonne": 19.0, "cst_per_tonne_km": 0.15421120208553515, "co2_tn": 68.44523}, {"industry": "waste", "sector": "waste", "trips_count": 12, "trailer_loads": 259.2, "tonnes": 2592.0, "tonne_kms": 270599.62, "tonnes_per_trailer": 10.0, "avg_trip_distance": 102.499855, "avg_trip_duration": 1.0980641, "total_trip_distance": 27059.96, "total_trip_duration": 289.88892, "total_freight_value": 259200.0, "trip_transport_costs": 130688.0, "cst_per_tonne": 50.0, "cst_per_tonne_km": 0.4829573331529469, "co2_tn": 59.156}], "LGA_24900": [{"industry": "grains", "sector": "cropping", "trips_count": 7, "trailer_loads": 125.97428, "tonnes": 3117.5562, "tonne_kms": 882684.6, "tonnes_per_trailer": 24.428581, "avg_trip_distance": 265.20953, "avg_trip_duration": 2.944081, "total_trip_distance": 23796.076, "total_trip_duration": 263.69824, "total_freight_value": 1431576.0, "trip_transport_costs": 133173.0, "cst_per_tonne": 43.0, "cst_per_tonne_km": 0.15087318411307576, "co2_tn": 70.27627}], "LGA_25490": [{"industry": "grains", "sector": "cropping", "trips_count": 6, "trailer_loads": 47.7087, "tonnes": 1097.298, "tonne_kms": 485367.44, "tonnes_per_trailer": 22.999956, "avg_trip_distance": 369.38925, "avg_trip_duration": 4.04827, "total_trip_distance": 13298.013, "total_trip_duration": 145.73772, "total_freight_value": 329190.0, "trip_transport_costs": 75563.0, "cst_per_tonne": 69.0, "cst_per_tonne_km": 0.15568157794822712, "co2_tn": 40.08398}], "LGA_26610": [{"industry": "meat", "sector": "cold_food", "trips_count": 21, "trailer_loads": 55.025535999999995, "tonnes": 990.4596, "tonne_kms": 8827.941, "tonnes_per_trailer": 18.000002, "avg_trip_distance": 21.7678, "avg_trip_duration": 0.24496214, "total_trip_distance": 490.4412, "total_trip_duration": 5.810376, "total_freight_value": 33157887.0, "trip_transport_costs": 5695.0, "cst_per_tonne": 6.0, "cst_per_tonne_km": 0.6451133391587681, "co2_tn": 1.0900991}, {"industry": "grains", "sector": "cropping", "trips_count": 122, "trailer_loads": 3284.3956099999996, "tonnes": 82109.88, "tonne_kms": 2807285.2, "tonnes_per_trailer": 25.000004, "avg_trip_distance": 32.772633, "avg_trip_duration": 0.3788411, "total_trip_distance": 77152.586, "total_trip_duration": 893.7504, "total_freight_value": 34594214.0, "trip_transport_costs": 611078.0,