{"orig_lga": "LGA_22620", "orig_name": "Greater Bendigo (C)", "orig_state": "VIC", "fetched_at": "2026-03-12T07:12:05.213200+00:00", "destinations": {"LGA_15520": [{"industry": "grains", "sector": "cropping", "trips_count": 7, "trailer_loads": 439.45019999999994, "tonnes": 10986.254, "tonne_kms": 611300.6, "tonnes_per_trailer": 25.000008, "avg_trip_distance": 60.713047, "avg_trip_duration": 0.74434507, "total_trip_distance": 16301.352, "total_trip_duration": 203.35675, "total_freight_value": 4225831.0, "trip_transport_costs": 115613.0, "cst_per_tonne": 11.0, "cst_per_tonne_km": 0.18912665384436464, "co2_tn": 49.413666}], "LGA_20570": [{"industry": "meat", "sector": "cold_food", "trips_count": 6, "trailer_loads": 41.966449999999995, "tonnes": 755.39575, "tonne_kms": 85900.02, "tonnes_per_trailer": 18.000011, "avg_trip_distance": 99.24397, "avg_trip_duration": 1.1889703, "total_trip_distance": 4772.2236, "total_trip_duration": 57.314358, "total_freight_value": 13597128.0, "trip_transport_costs": 23557.0, "cst_per_tonne": 31.0, "cst_per_tonne_km": 0.27423685711509826, "co2_tn": 10.59538}, {"industry": "grains", "sector": "cropping", "trips_count": 9, "trailer_loads": 313.4239999999999, "tonnes": 7803.7095, "tonne_kms": 1275635.2, "tonnes_per_trailer": 24.777729, "avg_trip_distance": 155.80206, "avg_trip_duration": 1.9350841, "total_trip_distance": 34128.81, "total_trip_duration": 423.93292, "total_freight_value": 2979047.0, "trip_transport_costs": 204722.0, "cst_per_tonne": 26.0, "cst_per_tonne_km": 0.16048601064033585, "co2_tn": 102.66697}, {"industry": "livestock", "sector": "livestock", "trips_count": 28, "trailer_loads": 275.0, "tonnes": 2800.0, "tonne_kms": 387167.2, "tonnes_per_trailer": 10.357142, "avg_trip_distance": 136.34995, "avg_trip_duration": 1.6608605, "total_trip_distance": 25329.312, "total_trip_duration": 309.28677, "total_freight_value": 19115500.0, "trip_transport_costs": 153906.0, "cst_per_tonne": 55.0, "cst_per_tonne_km": 0.39751899375774363, "co2_tn": 75.967}], "LGA_20740": [], "LGA_20830": [], "LGA_21270": [{"industry": "grains", "sector": "cropping", "trips_count": 12, "trailer_loads": 554.6070900000001, "tonnes": 13865.177, "tonne_kms": 1802378.4, "tonnes_per_trailer": 25.0, "avg_trip_distance": 123.134125, "avg_trip_duration": 1.3797692, "total_trip_distance": 48063.42, "total_trip_duration": 534.0221, "total_freight_value": 5290560.0, "trip_transport_costs": 285513.0, "cst_per_tonne": 21.0, "cst_per_tonne_km": 0.15840883138625617, "co2_tn": 142.2296}], "LGA_21370": [{"industry": "grains", "sector": "cropping", "trips_count": 91, "trailer_loads": 2014.894200000001, "tonnes": 49639.062, "tonne_kms": 3547946.8, "tonnes_per_trailer": 24.494488, "avg_trip_distance": 73.207855, "avg_trip_duration": 0.84793305, "total_trip_distance": 95998.02, "total_trip_duration": 1106.5361, "total_freight_value": 21020250.0, "trip_transport_costs": 632004.0, "cst_per_tonne": 13.0, "cst_per_tonne_km": 0.17813223471506134, "co2_tn": 285.5023}, {"industry": "livestock", "sector": "livestock", "trips_count": 11, "trailer_loads": 96.2, "tonnes": 1708.0, "tonne_kms": 144093.66, "tonnes_per_trailer": 15.181818, "avg_trip_distance": 66.51529, "avg_trip_duration": 0.75758094, "total_trip_distance": 5124.301, "total_trip_duration": 57.24469, "total_freight_value": 6539860.0, "trip_transport_costs": 32829.0, "cst_per_tonne": 19.0, "cst_per_tonne_km": 0.22783317425880178, "co2_tn": 15.165177}, {"industry": "waste", "sector": "waste", "trips_count": 12, "trailer_loads": 259.2, "tonnes": 2592.0, "tonne_kms": 56665.656, "tonnes_per_trailer": 10.0, "avg_trip_distance": 21.464264, "avg_trip_duration": 0.24230045, "total_trip_distance": 5666.5654, "total_trip_duration": 63.96732, "total_freight_value": 259200.0, "trip_transport_costs": 40270.0, "cst_per_tonne": 16.0, "cst_per_tonne_km": 0.7106533238621169, "co2_tn": 12.423147}], "LGA_21670": [{"industry": "grains", "sector": "cropping", "trips_count": 14, "trailer_loads": 99.20178, "tonnes": 2480.0437, "tonne_kms": 218379.06, "tonnes_per_trailer": 25.000006, "avg_trip_distance": 70.288086, "avg_trip_duration": 0.8171413, "total_trip_distance": 5823.4414, "total_trip_duration": 67.88929, "total_freight_value": 1143417.0, "trip_transport_costs": 37005.0, "cst_per_tonne": 15.0, "cst_per_tonne_km": 0.169452822366284, "co2_tn": 17.356655}], "LGA_21750": [{"industry": "grains", "sector": "cropping", "trips_count": 9, "trailer_loads": 107.42502999999999, "tonnes": 2494.3308, "tonne_kms": 637392.5, "tonnes_per_trailer": 23.66662, "avg_trip_distance": 221.89734, "avg_trip_duration": 2.583069, "total_trip_distance": 18326.69, "total_trip_duration": 212.52371, "total_freight_value": 807206.0, "trip_transport_costs": 104163.0, "cst_per_tonne": 42.0, "cst_per_tonne_km": 0.16342071745186446, "co2_tn": 54.467087}], "LGA_21830": [{"industry": "grains", "sector": "cropping", "trips_count": 34, "trailer_loads": 808.8034000000002, "tonnes": 19741.842, "tonne_kms": 5552548.0, "tonnes_per_trailer": 24.117615, "avg_trip_distance": 268.18234, "avg_trip_duration": 3.1335409, "total_trip_distance": 151681.36, "total_trip_duration": 1782.493, "total_freight_value": 7303747.0, "trip_transport_costs": 860831.0, "cst_per_tonne": 44.0, "cst_per_tonne_km": 0.15503342636640083, "co2_tn": 451.94327}], "LGA_22410": [{"industry": "grains", "sector": "cropping", "trips_count": 10, "trailer_loads": 168.0137, "tonnes": 4104.694, "tonne_kms": 1486937.6, "tonnes_per_trailer": 24.399975, "avg_trip_distance": 349.29803, "avg_trip_duration": 3.9349911, "total_trip_distance": 40583.984, "total_trip_duration": 456.29, "total_freight_value": 1600512.0, "trip_transport_costs": 225239.0, "cst_per_tonne": 55.0, "cst_per_tonne_km": 0.15147830167577642, "co2_tn": 120.10757}], "LGA_22490": [], "LGA_22620": [{"industry": "meat", "sector": "cold_food", "trips_count": 86, "trailer_loads": 2104.126100000001, "tonnes": 27944.633, "tonne_kms": 215496.27, "tonnes_per_trailer": 14.686049, "avg_trip_distance": 10.566711, "avg_trip_duration": 0.15448807, "total_trip_distance": 14213.601, "total_trip_duration": 206.14047, "total_freight_value": 193198527.0, "trip_transport_costs": 201860.0, "cst_per_tonne": 7.0, "cst_per_tonne_km": 0.9367210119369458, "co2_tn": 35.662113}, {"industry": "grains", "sector": "cropping", "trips_count": 178, "trailer_loads": 2328.747329999999, "tonnes": 58218.617, "tonne_kms": 1019652.1, "tonnes_per_trailer": 24.999994, "avg_trip_distance": 15.687218, "avg_trip_duration": 0.22326954, "total_trip_distance": 31107.918, "total_trip_duration": 424.8813, "total_freight_value": 28006951.0, "trip_transport_costs": 307939.0, "cst_per_tonne": 5.0, "cst_per_tonne_km": 0.30200350234565965, "co2_tn": 86.33344}, {"industry": "livestock", "sector": "livestock", "trips_count": 7, "trailer_loads": 18.0, "tonnes": 276.0, "tonne_kms": 5785.464, "tonnes_per_trailer": 16.857143, "avg_trip_distance": 17.553524, "avg_trip_duration": 0.20452936, "total_trip_distance": 269.57333, "total_trip_duration": 3.1538444, "total_freight_value": 1212720.0, "trip_transport_costs": 2432.0, "cst_per_tonne": 9.0, "cst_per_tonne_km": 0.42028931957745347, "co2_tn": 0.7039765}, {"industry": "waste", "sector": "waste", "trips_count": 254, "trailer_loads": 6168.960000000011, "tonnes": 61689.598, "tonne_kms": 711800.9, "tonnes_per_trailer": 10.0, "avg_trip_distance": 10.598109, "avg_trip_duration": 0.15309791, "total_trip_distance": 66842.4, "total_trip_duration": 958.307, "total_freight_value": 6168960.0, "trip_transport_costs": 704888.0, "cst_per_tonne": 11.0, "cst_per_tonne_km": 0.9902881297742023, "co2_tn": 160.79147}], "LGA_22750": [{"industry": "grains", "sector": "cropping", "trips_count": 15, "trailer_loads": 289.16100000000006, "tonnes": 7229.027, "tonne_kms": 1581770.9, "tonnes_per_trailer": 24.999998, "avg_trip_distance": 196.6407, "avg_trip_duration": 2.2002192, "total_trip_distance": 42180.56, "total_trip_duration": 477.5454, "total_freight_value": 2748373.0,