{"orig_lga": "LGA_21610", "orig_name": "Casey (C)", "orig_state": "VIC", "fetched_at": "2026-03-12T06:58:49.984437+00:00", "destinations": {"LGA_20740": [{"industry": "grains", "sector": "cropping", "trips_count": 16, "trailer_loads": 181.44435000000004, "tonnes": 4536.108, "tonne_kms": 300847.97, "tonnes_per_trailer": 24.999996, "avg_trip_distance": 56.12188, "avg_trip_duration": 0.6317447, "total_trip_distance": 8022.613, "total_trip_duration": 90.46375, "total_freight_value": 2268054.0, "trip_transport_costs": 53318.0, "cst_per_tonne": 12.0, "cst_per_tonne_km": 0.17722698004131027, "co2_tn": 23.689987}], "LGA_20830": [{"industry": "grains", "sector": "cropping", "trips_count": 31, "trailer_loads": 293.36547000000013, "tonnes": 7334.137, "tonne_kms": 438741.8, "tonnes_per_trailer": 25.000006, "avg_trip_distance": 48.314304, "avg_trip_duration": 0.5386131, "total_trip_distance": 11699.781, "total_trip_duration": 130.09637, "total_freight_value": 3667069.0, "trip_transport_costs": 79393.0, "cst_per_tonne": 11.0, "cst_per_tonne_km": 0.18095520222003078, "co2_tn": 34.543877}], "LGA_21450": [{"industry": "meat", "sector": "cold_food", "trips_count": 11, "trailer_loads": 31.676541999999994, "tonnes": 570.1771, "tonne_kms": 13187.662, "tonnes_per_trailer": 17.999992, "avg_trip_distance": 21.554672, "avg_trip_duration": 0.2723393, "total_trip_distance": 732.6479, "total_trip_duration": 8.99486, "total_freight_value": 19386034.0, "trip_transport_costs": 5264.0, "cst_per_tonne": 9.0, "cst_per_tonne_km": 0.39919037010041925, "co2_tn": 1.6198343}, {"industry": "grains", "sector": "cropping", "trips_count": 93, "trailer_loads": 476.35980000000035, "tonnes": 11909.005, "tonne_kms": 308891.78, "tonnes_per_trailer": 25.000015, "avg_trip_distance": 21.050274, "avg_trip_duration": 0.24927028, "total_trip_distance": 8566.118, "total_trip_duration": 101.48227, "total_freight_value": 5954494.0, "trip_transport_costs": 74379.0, "cst_per_tonne": 6.0, "cst_per_tonne_km": 0.24079254963696703, "co2_tn": 24.67161}, {"industry": "waste", "sector": "waste", "trips_count": 33, "trailer_loads": 712.8000000000004, "tonnes": 7128.0, "tonne_kms": 77386.54, "tonnes_per_trailer": 10.0, "avg_trip_distance": 10.659303, "avg_trip_duration": 0.17937867, "total_trip_distance": 7738.654, "total_trip_duration": 130.22893, "total_freight_value": 712800.0, "trip_transport_costs": 82492.0, "cst_per_tonne": 12.0, "cst_per_tonne_km": 1.0659777887273878, "co2_tn": 18.467108}], "LGA_21610": [{"industry": "meat", "sector": "cold_food", "trips_count": 38, "trailer_loads": 196.1426060000001, "tonnes": 3530.5566, "tonne_kms": 26336.53, "tonnes_per_trailer": 17.999971, "avg_trip_distance": 7.170318, "avg_trip_duration": 0.10075101, "total_trip_distance": 1463.1405, "total_trip_duration": 21.114996, "total_freight_value": 120038976.0, "trip_transport_costs": 19491.0, "cst_per_tonne": 6.0, "cst_per_tonne_km": 0.7400899326007062, "co2_tn": 3.3388014}, {"industry": "grains", "sector": "cropping", "trips_count": 46, "trailer_loads": 411.54911, "tonnes": 10288.728, "tonne_kms": 113043.94, "tonnes_per_trailer": 25.000002, "avg_trip_distance": 10.514041, "avg_trip_duration": 0.1328419, "total_trip_distance": 3757.2136, "total_trip_duration": 47.4843, "total_freight_value": 5144358.0, "trip_transport_costs": 43878.0, "cst_per_tonne": 4.0, "cst_per_tonne_km": 0.38815293334505435, "co2_tn": 9.522972}, {"industry": "waste", "sector": "waste", "trips_count": 259, "trailer_loads": 9473.760000000022, "tonnes": 94737.6, "tonne_kms": 773732.3, "tonnes_per_trailer": 10.0, "avg_trip_distance": 7.397731, "avg_trip_duration": 0.116503514, "total_trip_distance": 77373.234, "total_trip_duration": 1176.4417, "total_freight_value": 9473760.0, "trip_transport_costs": 955728.0, "cst_per_tonne": 10.0, "cst_per_tonne_km": 1.235218448229925, "co2_tn": 180.77545}], "LGA_22110": [{"industry": "grains", "sector": "cropping", "trips_count": 8, "trailer_loads": 129.60000000000005, "tonnes": 3240.0, "tonne_kms": 1085941.4, "tonnes_per_trailer": 25.0, "avg_trip_distance": 324.05518, "avg_trip_duration": 3.6913376, "total_trip_distance": 28958.438, "total_trip_duration": 328.2277, "total_freight_value": 1620000.0, "trip_transport_costs": 161315.0, "cst_per_tonne": 50.0, "cst_per_tonne_km": 0.14854819654744253, "co2_tn": 85.9363}], "LGA_22170": [{"industry": "meat", "sector": "cold_food", "trips_count": 14, "trailer_loads": 51.50521199999999, "tonnes": 927.0961, "tonne_kms": 16491.246, "tonnes_per_trailer": 18.000042, "avg_trip_distance": 15.228853, "avg_trip_duration": 0.19628584, "total_trip_distance": 916.1803, "total_trip_duration": 11.6885, "total_freight_value": 31521200.0, "trip_transport_costs": 7406.0, "cst_per_tonne": 8.0, "cst_per_tonne_km": 0.44907762565615433, "co2_tn": 2.041711}, {"industry": "grains", "sector": "cropping", "trips_count": 11, "trailer_loads": 61.57032, "tonnes": 1539.2578, "tonne_kms": 26763.402, "tonnes_per_trailer": 25.000004, "avg_trip_distance": 14.045201, "avg_trip_duration": 0.18517248, "total_trip_distance": 713.69073, "total_trip_duration": 9.378312, "total_freight_value": 769628.0, "trip_transport_costs": 7782.0, "cst_per_tonne": 5.0, "cst_per_tonne_km": 0.29075960098700565, "co2_tn": 2.1550963}, {"industry": "waste", "sector": "waste", "trips_count": 17, "trailer_loads": 367.2000000000001, "tonnes": 3672.0, "tonne_kms": 34157.375, "tonnes_per_trailer": 10.0, "avg_trip_distance": 9.132988, "avg_trip_duration": 0.11879808, "total_trip_distance": 3415.7375, "total_trip_duration": 44.43048, "total_freight_value": 367200.0, "trip_transport_costs": 38125.0, "cst_per_tonne": 10.0, "cst_per_tonne_km": 1.1161457306472518, "co2_tn": 7.741848}], "LGA_22490": [{"industry": "grains", "sector": "cropping", "trips_count": 7, "trailer_loads": 25.924329999999998, "tonnes": 648.10864, "tonne_kms": 90538.1, "tonnes_per_trailer": 25.000021, "avg_trip_distance": 103.80041, "avg_trip_duration": 1.1559495, "total_trip_distance": 2414.3494, "total_trip_duration": 26.887362, "total_freight_value": 324054.0, "trip_transport_costs": 14280.0, "cst_per_tonne": 22.0, "cst_per_tonne_km": 0.15772419644284763, "co2_tn": 7.1078854}], "LGA_22670": [{"industry": "meat", "sector": "cold_food", "trips_count": 19, "trailer_loads": 118.56521999999995, "tonnes": 2134.1729, "tonne_kms": 27854.895, "tonnes_per_trailer": 18.000042, "avg_trip_distance": 16.1266, "avg_trip_duration": 0.2144416, "total_trip_distance": 1547.4941, "total_trip_duration": 20.98583, "total_freight_value": 72561968.0, "trip_transport_costs": 14693.0, "cst_per_tonne": 7.0, "cst_per_tonne_km": 0.5274881160562069, "co2_tn": 3.4764686}, {"industry": "vegetables", "sector": "horticulture", "trips_count": 25, "trailer_loads": 55.5970223, "tonnes": 732.69244, "tonne_kms": 17172.143, "tonnes_per_trailer": 15.319997, "avg_trip_distance": 8.377309, "avg_trip_duration": 0.10426691, "total_trip_distance": 871.115, "total_trip_duration": 10.663726, "total_freight_value": 2683102.0, "trip_transport_costs": 8381.0, "cst_per_tonne": 11.0, "cst_per_tonne_km": 0.48804811977345497, "co2_tn": 2.5963817}, {"industry": "waste", "sector": "waste", "trips_count": 219, "trailer_loads": 4730.399999999999, "tonnes": 47304.0, "tonne_kms": 377683.78, "tonnes_per_trailer": 10.0, "avg_trip_distance": 7.8390155, "avg_trip_duration": 0.12470906, "total_trip_distance": 37768.38, "total_trip_duration": 600.84827, "total_freight_value": 4730400.0, "trip_transport_costs": 477446.0, "cst_per_tonne": 10.0, "cst_per_tonne_km": 1.264141223832793, "co2_tn": 90.71203}], "LGA_22750": [{"industry": "grains", "sector": "cropping", "trips_count": 11, "trailer_loads": 38.88649000000001, "tonnes": 972.1631, "tonne_kms": 124054.72, "tonnes_per_trailer": 25.000025, "avg_trip_distance": 93.04158, "avg_trip_duration": 1.052819, "total_trip_distance": 3308.126, "total_trip_duration": 37.501404, "total_freight_value": 486082.0, "trip_transport_costs": 19791.0, "cst_per_tonne": 20.0,