{"orig_lga": "LGA_25430", "orig_name": "Mount Alexander (S)", "orig_state": "VIC", "fetched_at": "2026-03-12T07:31:05.727235+00:00", "destinations": {"LGA_20570": [{"industry": "livestock", "sector": "livestock", "trips_count": 30, "trailer_loads": 324.0, "tonnes": 3240.0, "tonne_kms": 273935.16, "tonnes_per_trailer": 10.0, "avg_trip_distance": 84.915665, "avg_trip_duration": 1.0278361, "total_trip_distance": 18262.344, "total_trip_duration": 219.29807, "total_freight_value": 22680000.0, "trip_transport_costs": 117713.0, "cst_per_tonne": 36.0, "cst_per_tonne_km": 0.42971055625190724, "co2_tn": 54.61406}], "LGA_22620": [{"industry": "waste", "sector": "waste", "trips_count": 11, "trailer_loads": 237.59999999999997, "tonnes": 2376.0, "tonne_kms": 80185.68, "tonnes_per_trailer": 10.0, "avg_trip_distance": 33.13458, "avg_trip_duration": 0.37955454, "total_trip_distance": 8018.568, "total_trip_duration": 91.8522, "total_freight_value": 237600.0, "trip_transport_costs": 49140.0, "cst_per_tonne": 21.0, "cst_per_tonne_km": 0.6128235708926361, "co2_tn": 17.6345}], "LGA_24130": [{"industry": "waste", "sector": "waste", "trips_count": 27, "trailer_loads": 583.2000000000003, "tonnes": 5832.0, "tonne_kms": 196211.16, "tonnes_per_trailer": 10.0, "avg_trip_distance": 33.03218, "avg_trip_duration": 0.38780847, "total_trip_distance": 19621.115, "total_trip_duration": 230.35825, "total_freight_value": 583200.0, "trip_transport_costs": 121264.0, "cst_per_tonne": 21.0, "cst_per_tonne_km": 0.6180255664556695, "co2_tn": 43.743572}], "LGA_31000": [{"industry": "fruit", "sector": "horticulture", "trips_count": 31, "trailer_loads": 7.9123964299999985, "tonnes": 153.90147, "tonne_kms": 265618.28, "tonnes_per_trailer": 18.225807, "avg_trip_distance": 210.1123, "avg_trip_duration": 2.1998148, "total_trip_distance": 8837.331, "total_trip_duration": 92.24679, "total_freight_value": 733393.0, "trip_transport_costs": 48778.0, "cst_per_tonne": 317.0, "cst_per_tonne_km": 0.18363853095375404, "co2_tn": 26.254324}]}}