{"orig_lga": "LGA_22490", "orig_name": "Golden Plains (S)", "orig_state": "VIC", "fetched_at": "2026-03-12T07:10:53.720208+00:00", "destinations": {"LGA_20570": [{"industry": "grains", "sector": "cropping", "trips_count": 12, "trailer_loads": 427.62922, "tonnes": 10638.807, "tonne_kms": 644353.8, "tonnes_per_trailer": 24.33332, "avg_trip_distance": 60.30861, "avg_trip_duration": 0.70539576, "total_trip_distance": 17273.217, "total_trip_duration": 200.25943, "total_freight_value": 3765885.0, "trip_transport_costs": 117864.0, "cst_per_tonne": 11.0, "cst_per_tonne_km": 0.18291808956091038, "co2_tn": 51.294846}, {"industry": "livestock", "sector": "livestock", "trips_count": 82, "trailer_loads": 1140.0, "tonnes": 11612.0, "tonne_kms": 681930.9, "tonnes_per_trailer": 10.731708, "avg_trip_distance": 55.657303, "avg_trip_duration": 0.65669805, "total_trip_distance": 44856.887, "total_trip_duration": 527.12994, "total_freight_value": 79475840.0, "trip_transport_costs": 309078.0, "cst_per_tonne": 27.0, "cst_per_tonne_km": 0.45323947748991167, "co2_tn": 133.59872}, {"industry": "waste", "sector": "waste", "trips_count": 9, "trailer_loads": 194.39999999999998, "tonnes": 1944.0, "tonne_kms": 22349.088, "tonnes_per_trailer": 10.0, "avg_trip_distance": 11.287418, "avg_trip_duration": 0.14178, "total_trip_distance": 2234.9087, "total_trip_duration": 28.072441, "total_freight_value": 194400.0, "trip_transport_costs": 21941.0, "cst_per_tonne": 11.0, "cst_per_tonne_km": 0.9817500548164504, "co2_tn": 4.98533}], "LGA_20830": [{"industry": "grains", "sector": "cropping", "trips_count": 9, "trailer_loads": 161.02021999999997, "tonnes": 3903.0515, "tonne_kms": 983686.8, "tonnes_per_trailer": 23.222258, "avg_trip_distance": 197.0321, "avg_trip_duration": 2.1490426, "total_trip_distance": 27008.297, "total_trip_duration": 291.70016, "total_freight_value": 1270705.0, "trip_transport_costs": 150813.0, "cst_per_tonne": 39.0, "cst_per_tonne_km": 0.15331389326769973, "co2_tn": 79.3405}], "LGA_21370": [{"industry": "grains", "sector": "cropping", "trips_count": 6, "trailer_loads": 63.59660000000001, "tonnes": 1513.3809, "tonne_kms": 393894.22, "tonnes_per_trailer": 23.33337, "avg_trip_distance": 221.94167, "avg_trip_duration": 2.6425788, "total_trip_distance": 11011.199, "total_trip_duration": 130.71407, "total_freight_value": 479343.0, "trip_transport_costs": 62997.0, "cst_per_tonne": 42.0, "cst_per_tonne_km": 0.15993459042580832, "co2_tn": 32.856026}], "LGA_21750": [{"industry": "grains", "sector": "cropping", "trips_count": 14, "trailer_loads": 107.15095999999998, "tonnes": 2464.4756, "tonne_kms": 197982.8, "tonnes_per_trailer": 23.000036, "avg_trip_distance": 68.97319, "avg_trip_duration": 0.7781302, "total_trip_distance": 5959.0977, "total_trip_duration": 67.297966, "total_freight_value": 739341.0, "trip_transport_costs": 37295.0, "cst_per_tonne": 15.0, "cst_per_tonne_km": 0.18837579001892452, "co2_tn": 17.15835}, {"industry": "livestock", "sector": "livestock", "trips_count": 15, "trailer_loads": 126.0, "tonnes": 1452.0, "tonne_kms": 90995.82, "tonnes_per_trailer": 10.533334, "avg_trip_distance": 67.035065, "avg_trip_duration": 0.74566776, "total_trip_distance": 5542.036, "total_trip_duration": 61.481133, "total_freight_value": 8725440.0, "trip_transport_costs": 36829.0, "cst_per_tonne": 25.0, "cst_per_tonne_km": 0.40473727410857213, "co2_tn": 16.36504}, {"industry": "wood_product", "sector": "wood_product", "trips_count": 23, "trailer_loads": 1393.9038199999998, "tonnes": 27878.088, "tonne_kms": 2308798.0, "tonnes_per_trailer": 20.000006, "avg_trip_distance": 65.2217, "avg_trip_duration": 0.79004407, "total_trip_distance": 76959.94, "total_trip_duration": 891.4514, "total_freight_value": 41817085.0, "trip_transport_costs": 493586.0, "cst_per_tonne": 18.0, "cst_per_tonne_km": 0.21378485110070752, "co2_tn": 228.72058}], "LGA_21830": [{"industry": "grains", "sector": "cropping", "trips_count": 53, "trailer_loads": 984.5112899999999, "tonnes": 24230.11, "tonne_kms": 1652998.5, "tonnes_per_trailer": 24.056608, "avg_trip_distance": 61.15011, "avg_trip_duration": 0.6675895, "total_trip_distance": 45638.277, "total_trip_duration": 492.24457, "total_freight_value": 9750423.0, "trip_transport_costs": 296451.0, "cst_per_tonne": 12.0, "cst_per_tonne_km": 0.17934151403805082, "co2_tn": 133.21967}, {"industry": "waste", "sector": "waste", "trips_count": 10, "trailer_loads": 215.99999999999997, "tonnes": 2160.0, "tonne_kms": 73963.15, "tonnes_per_trailer": 10.0, "avg_trip_distance": 33.619614, "avg_trip_duration": 0.377982, "total_trip_distance": 7396.3154, "total_trip_duration": 83.156044, "total_freight_value": 216000.0, "trip_transport_costs": 44946.0, "cst_per_tonne": 21.0, "cst_per_tonne_km": 0.6076877204367926, "co2_tn": 16.249006}], "LGA_22410": [{"industry": "wood_product", "sector": "wood_product", "trips_count": 65, "trailer_loads": 3116.7410709999986, "tonnes": 61066.72, "tonne_kms": 15317136.0, "tonnes_per_trailer": 21.338474, "avg_trip_distance": 234.44347, "avg_trip_duration": 2.748724, "total_trip_distance": 521824.2, "total_trip_duration": 6203.3853, "total_freight_value": 36093328.0, "trip_transport_costs": 2997334.0, "cst_per_tonne": 49.0, "cst_per_tonne_km": 0.1956849895491883, "co2_tn": 1558.4296}], "LGA_22750": [{"industry": "meat", "sector": "cold_food", "trips_count": 42, "trailer_loads": 951.0534999999996, "tonnes": 12363.682, "tonne_kms": 418910.47, "tonnes_per_trailer": 12.9999895, "avg_trip_distance": 33.198242, "avg_trip_duration": 0.44166812, "total_trip_distance": 21482.588, "total_trip_duration": 286.14777, "total_freight_value": 74182090.0, "trip_transport_costs": 178087.0, "cst_per_tonne": 14.0, "cst_per_tonne_km": 0.42511928264803, "co2_tn": 65.284355}, {"industry": "grains", "sector": "cropping", "trips_count": 75, "trailer_loads": 1153.9000399999998, "tonnes": 28847.496, "tonne_kms": 1305509.4, "tonnes_per_trailer": 24.999989, "avg_trip_distance": 40.69117, "avg_trip_duration": 0.49404523, "total_trip_distance": 35794.016, "total_trip_duration": 433.0588, "total_freight_value": 11912922.0, "trip_transport_costs": 260541.0, "cst_per_tonne": 9.0, "cst_per_tonne_km": 0.19957024438235615, "co2_tn": 104.87553}, {"industry": "livestock", "sector": "livestock", "trips_count": 19, "trailer_loads": 121.0909, "tonnes": 1720.0, "tonne_kms": 99751.42, "tonnes_per_trailer": 15.473686, "avg_trip_distance": 52.36975, "avg_trip_duration": 0.59786373, "total_trip_distance": 4706.425, "total_trip_duration": 53.485313, "total_freight_value": 7541500.0, "trip_transport_costs": 32254.0, "cst_per_tonne": 19.0, "cst_per_tonne_km": 0.3233395582961615, "co2_tn": 13.927402}, {"industry": "waste", "sector": "waste", "trips_count": 17, "trailer_loads": 367.2000000000001, "tonnes": 3672.0, "tonne_kms": 81550.15, "tonnes_per_trailer": 10.0, "avg_trip_distance": 21.804853, "avg_trip_duration": 0.28207445, "total_trip_distance": 8155.015, "total_trip_duration": 105.49584, "total_freight_value": 367200.0, "trip_transport_costs": 59224.0, "cst_per_tonne": 16.0, "cst_per_tonne_km": 0.7262325777016616, "co2_tn": 18.369488}, {"industry": "wood_product", "sector": "wood_product", "trips_count": 6, "trailer_loads": 324.07410000000004, "tonnes": 5833.335, "tonne_kms": 478931.84, "tonnes_per_trailer": 17.999998, "avg_trip_distance": 80.50694, "avg_trip_duration": 1.223652, "total_trip_distance": 17738.217, "total_trip_duration": 261.42752, "total_freight_value": 1516668.0, "trip_transport_costs": 121731.0, "cst_per_tonne": 21.0, "cst_per_tonne_km": 0.2541726093887707, "co2_tn": 55.012783}], "LGA_23810": [], "LGA_25490": [{"industry": "grains", "sector": "cropping", "trips_count": 16, "trailer_loads": 122.45823999999998, "tonnes": 2816.5435, "tonne_kms": 383062.8, "tonnes_per_trailer": 23.000036, "avg_trip_distance": 115.65907, "avg_trip_duration": 1.2619199, "total_trip_distance": 11103.2705, "total_trip_duration": 121.1443, "total_freight_value": 844962.0, "trip_transport_costs": 65410.0,