{"orig_lga": "LGA_25810", "orig_name": "Northern Grampians (S)", "orig_state": "VIC", "fetched_at": "2026-03-12T07:35:38.616606+00:00", "destinations": {"LGA_20260": [{"industry": "grains", "sector": "cropping", "trips_count": 42, "trailer_loads": 382.1127500000001, "tonnes": 9367.931, "tonne_kms": 1189448.2, "tonnes_per_trailer": 24.047619, "avg_trip_distance": 110.03483, "avg_trip_duration": 1.2357471, "total_trip_distance": 32312.26, "total_trip_duration": 362.83102, "total_freight_value": 3921587.0, "trip_transport_costs": 193826.0, "cst_per_tonne": 21.0, "cst_per_tonne_km": 0.1629549368604637, "co2_tn": 95.65438}, {"industry": "livestock", "sector": "livestock", "trips_count": 30, "trailer_loads": 288.0, "tonnes": 2880.0, "tonne_kms": 177356.94, "tonnes_per_trailer": 10.0, "avg_trip_distance": 65.525734, "avg_trip_duration": 0.7577295, "total_trip_distance": 11823.796, "total_trip_duration": 137.10147, "total_freight_value": 20160000.0, "trip_transport_costs": 80689.0, "cst_per_tonne": 28.0, "cst_per_tonne_km": 0.454951554359636, "co2_tn": 35.2167}], "LGA_20570": [{"industry": "grains", "sector": "cropping", "trips_count": 25, "trailer_loads": 186.4403899999999, "tonnes": 4129.6714, "tonne_kms": 580205.44, "tonnes_per_trailer": 20.440008, "avg_trip_distance": 118.291664, "avg_trip_duration": 1.3088027, "total_trip_distance": 17474.666, "total_trip_duration": 193.44417, "total_freight_value": 1505524.0, "trip_transport_costs": 103366.0, "cst_per_tonne": 25.0, "cst_per_tonne_km": 0.17815394558320238, "co2_tn": 51.654163}, {"industry": "livestock", "sector": "livestock", "trips_count": 57, "trailer_loads": 1271.0, "tonnes": 12798.0, "tonne_kms": 1625953.2, "tonnes_per_trailer": 10.701755, "avg_trip_distance": 127.24188, "avg_trip_duration": 1.4264439, "total_trip_distance": 107559.055, "total_trip_duration": 1204.7979, "total_freight_value": 88926660.0, "trip_transport_costs": 644626.0, "cst_per_tonne": 50.0, "cst_per_tonne_km": 0.39646016455528427, "co2_tn": 318.87674}], "LGA_20830": [{"industry": "grains", "sector": "cropping", "trips_count": 11, "trailer_loads": 70.98916000000001, "tonnes": 1632.7521, "tonne_kms": 574435.1, "tonnes_per_trailer": 23.00002, "avg_trip_distance": 302.7326, "avg_trip_duration": 3.2602916, "total_trip_distance": 16650.293, "total_trip_duration": 179.31604, "total_freight_value": 489826.0, "trip_transport_costs": 91416.0, "cst_per_tonne": 56.0, "cst_per_tonne_km": 0.15914095995881605, "co2_tn": 49.09185}], "LGA_21270": [{"industry": "grains", "sector": "cropping", "trips_count": 121, "trailer_loads": 1260.0305499999995, "tonnes": 30215.174, "tonne_kms": 1348204.4, "tonnes_per_trailer": 23.008263, "avg_trip_distance": 40.72828, "avg_trip_duration": 0.44383457, "total_trip_distance": 39079.645, "total_trip_duration": 425.51227, "total_freight_value": 12642318.0, "trip_transport_costs": 278754.0, "cst_per_tonne": 9.0, "cst_per_tonne_km": 0.2067598198855396, "co2_tn": 112.231255}], "LGA_21370": [{"industry": "grains", "sector": "cropping", "trips_count": 16, "trailer_loads": 126.28987999999997, "tonnes": 2989.4565, "tonne_kms": 558656.7, "tonnes_per_trailer": 23.375015, "avg_trip_distance": 170.66617, "avg_trip_duration": 1.8690454, "total_trip_distance": 15806.14, "total_trip_duration": 172.74185, "total_freight_value": 1108805.0, "trip_transport_costs": 90690.0, "cst_per_tonne": 30.0, "cst_per_tonne_km": 0.16233621548179128, "co2_tn": 46.621014}], "LGA_21670": [{"industry": "grains", "sector": "cropping", "trips_count": 53, "trailer_loads": 533.22859, "tonnes": 13330.709, "tonne_kms": 1341752.1, "tonnes_per_trailer": 24.999994, "avg_trip_distance": 79.021614, "avg_trip_duration": 0.8718595, "total_trip_distance": 35780.055, "total_trip_duration": 393.39722, "total_freight_value": 6445754.0, "trip_transport_costs": 219753.0, "cst_per_tonne": 16.0, "cst_per_tonne_km": 0.16378055691793322, "co2_tn": 105.62661}], "LGA_21750": [{"industry": "grains", "sector": "cropping", "trips_count": 31, "trailer_loads": 200.0603600000001, "tonnes": 4601.394, "tonne_kms": 1025689.8, "tonnes_per_trailer": 23.00002, "avg_trip_distance": 189.67656, "avg_trip_duration": 2.132723, "total_trip_distance": 29754.39, "total_trip_duration": 334.6187, "total_freight_value": 1380418.0, "trip_transport_costs": 169636.0, "cst_per_tonne": 37.0, "cst_per_tonne_km": 0.16538691403992326, "co2_tn": 88.12652}, {"industry": "livestock", "sector": "livestock", "trips_count": 20, "trailer_loads": 125.0, "tonnes": 1300.0, "tonne_kms": 280552.78, "tonnes_per_trailer": 10.5, "avg_trip_distance": 211.63504, "avg_trip_duration": 2.3911197, "total_trip_distance": 17929.416, "total_trip_duration": 202.7628, "total_freight_value": 8615500.0, "trip_transport_costs": 102516.0, "cst_per_tonne": 79.0, "cst_per_tonne_km": 0.36540880937594294, "co2_tn": 53.118156}], "LGA_21830": [{"industry": "grains", "sector": "cropping", "trips_count": 68, "trailer_loads": 515.8261699999993, "tonnes": 12263.201, "tonne_kms": 2448225.2, "tonnes_per_trailer": 23.558834, "avg_trip_distance": 171.19536, "avg_trip_duration": 1.9051178, "total_trip_distance": 68743.16, "total_trip_duration": 763.86975, "total_freight_value": 5153419.0, "trip_transport_costs": 393523.0, "cst_per_tonne": 32.0, "cst_per_tonne_km": 0.16073819319633936, "co2_tn": 203.27763}], "LGA_22410": [{"industry": "grains", "sector": "cropping", "trips_count": 16, "trailer_loads": 129.28272, "tonnes": 3077.184, "tonne_kms": 766636.9, "tonnes_per_trailer": 23.500015, "avg_trip_distance": 215.14691, "avg_trip_duration": 2.3713927, "total_trip_distance": 21401.604, "total_trip_duration": 235.97063, "total_freight_value": 1182355.0, "trip_transport_costs": 120341.0, "cst_per_tonne": 39.0, "cst_per_tonne_km": 0.1569725979246612, "co2_tn": 63.15048}], "LGA_22620": [{"industry": "grains", "sector": "cropping", "trips_count": 66, "trailer_loads": 489.5639200000002, "tonnes": 12226.198, "tonne_kms": 1890566.1, "tonnes_per_trailer": 24.969707, "avg_trip_distance": 121.410774, "avg_trip_duration": 1.3371333, "total_trip_distance": 50459.844, "total_trip_duration": 555.75, "total_freight_value": 5785512.0, "trip_transport_costs": 295004.0, "cst_per_tonne": 24.0, "cst_per_tonne_km": 0.15604027452534638, "co2_tn": 149.05527}], "LGA_22830": [{"industry": "grains", "sector": "cropping", "trips_count": 38, "trailer_loads": 324.1040599999998, "tonnes": 7934.812, "tonne_kms": 1991930.1, "tonnes_per_trailer": 24.315794, "avg_trip_distance": 210.15329, "avg_trip_duration": 2.3836682, "total_trip_distance": 54229.92, "total_trip_duration": 614.9915, "total_freight_value": 4207728.0, "trip_transport_costs": 307095.0, "cst_per_tonne": 39.0, "cst_per_tonne_km": 0.15416977978127497, "co2_tn": 160.69174}], "LGA_22980": [{"industry": "grains", "sector": "cropping", "trips_count": 46, "trailer_loads": 351.5156499999999, "tonnes": 8336.316, "tonne_kms": 1034728.2, "tonnes_per_trailer": 22.91304, "avg_trip_distance": 102.502426, "avg_trip_duration": 1.12704, "total_trip_distance": 28713.963, "total_trip_duration": 315.64127, "total_freight_value": 3534222.0, "trip_transport_costs": 171973.0, "cst_per_tonne": 21.0, "cst_per_tonne_km": 0.16620067451779758, "co2_tn": 84.74412}], "LGA_23190": [{"industry": "grains", "sector": "cropping", "trips_count": 74, "trailer_loads": 638.5365999999999, "tonnes": 15818.485, "tonne_kms": 1506428.1, "tonnes_per_trailer": 24.567566, "avg_trip_distance": 78.94765, "avg_trip_duration": 0.870063, "total_trip_distance": 40445.715, "total_trip_duration": 446.40356, "total_freight_value": 7937117.0, "trip_transport_costs": 251402.0, "cst_per_tonne": 16.0, "cst_per_tonne_km": 0.16688614458294096, "co2_tn": 119.45383}], "LGA_23940": [{"industry": "grains", "sector": "cropping", "trips_count": 32, "trailer_loads": 293.9935699999999, "tonnes": 7272.3955, "tonne_kms": 1023428.9, "tonnes_per_trailer": 24.625, "avg_trip_distance": 118.51806, "avg_trip_duration": 1.290055, "total_trip_distance": 27597.025, "total_trip_duration": 299.97742,