{"orig_lga": "LGA_20110", "orig_name": "Alpine (S)", "orig_state": "VIC", "fetched_at": "2026-03-12T06:45:59.510071+00:00", "destinations": {"LGA_10750": [{"industry": "vegetables", "sector": "horticulture", "trips_count": 9, "trailer_loads": 0.26938776999999997, "tonnes": 5.3464127, "tonne_kms": 3226.773, "tonnes_per_trailer": 18.777779, "avg_trip_distance": 12.041586, "avg_trip_duration": 0.1232162, "total_trip_distance": 108.374275, "total_trip_duration": 1.1089457, "total_freight_value": 20477.0, "trip_transport_costs": 613.0, "cst_per_tonne": 115.0, "cst_per_tonne_km": 0.1898987128738464, "co2_tn": 0.31892315}, {"industry": "fruit", "sector": "horticulture", "trips_count": 10, "trailer_loads": 29.5649194, "tonnes": 577.30493, "tonne_kms": 370824.9, "tonnes_per_trailer": 15.200012, "avg_trip_distance": 279.69745, "avg_trip_duration": 2.8771484, "total_trip_distance": 12648.803, "total_trip_duration": 130.40019, "total_freight_value": 2377338.0, "trip_transport_costs": 71482.0, "cst_per_tonne": 124.0, "cst_per_tonne_km": 0.19276536360594212, "co2_tn": 37.244434}], "LGA_20110": [{"industry": "waste", "sector": "waste", "trips_count": 45, "trailer_loads": 1360.799999999999, "tonnes": 13608.0, "tonne_kms": 286351.38, "tonnes_per_trailer": 10.0, "avg_trip_distance": 10.3783455, "avg_trip_duration": 0.14513041, "total_trip_distance": 21969.225, "total_trip_duration": 279.28687, "total_freight_value": 1360800.0, "trip_transport_costs": 195582.0, "cst_per_tonne": 14.0, "cst_per_tonne_km": 0.6830146722772252, "co2_tn": 59.791286}, {"industry": "wood_product", "sector": "wood_product", "trips_count": 11, "trailer_loads": 880.2605200000002, "tonnes": 17605.21, "tonne_kms": 163445.4, "tonnes_per_trailer": 20.000015, "avg_trip_distance": 16.781046, "avg_trip_duration": 0.27588403, "total_trip_distance": 8493.206, "total_trip_duration": 118.928505, "total_freight_value": 35282940.0, "trip_transport_costs": 93037.0, "cst_per_tonne": 5.0, "cst_per_tonne_km": 0.5692235193080047, "co2_tn": 18.181608}], "LGA_22110": [{"industry": "livestock", "sector": "livestock", "trips_count": 11, "trailer_loads": 284.2, "tonnes": 6980.0, "tonne_kms": 1811042.1, "tonnes_per_trailer": 22.727272, "avg_trip_distance": 246.82104, "avg_trip_duration": 2.9989283, "total_trip_distance": 73269.234, "total_trip_duration": 887.50903, "total_freight_value": 11445500.0, "trip_transport_costs": 342250.0, "cst_per_tonne": 49.0, "cst_per_tonne_km": 0.18897956049709155, "co2_tn": 163.34575}], "LGA_22670": [{"industry": "livestock", "sector": "livestock", "trips_count": 6, "trailer_loads": 186.43635, "tonnes": 4620.0, "tonne_kms": 1693584.1, "tonnes_per_trailer": 23.500011, "avg_trip_distance": 310.3884, "avg_trip_duration": 3.3873646, "total_trip_distance": 45532.46, "total_trip_duration": 497.4666, "total_freight_value": 8766000.0, "trip_transport_costs": 251238.0, "cst_per_tonne": 54.0, "cst_per_tonne_km": 0.14834684565372194, "co2_tn": 134.90388}], "LGA_22750": [{"industry": "wood_product", "sector": "wood_product", "trips_count": 30, "trailer_loads": 7191.4643, "tonnes": 129569.67, "tonne_kms": 47167484.0, "tonnes_per_trailer": 18.333324, "avg_trip_distance": 361.55936, "avg_trip_duration": 3.8763719, "total_trip_distance": 1761244.4, "total_trip_duration": 18679.945, "total_freight_value": 39550117.0, "trip_transport_costs": 9531595.0, "cst_per_tonne": 74.0, "cst_per_tonne_km": 0.20207978033477603, "co2_tn": 5147.227}], "LGA_23270": [{"industry": "wood_product", "sector": "wood_product", "trips_count": 6, "trailer_loads": 75.0, "tonnes": 1500.0, "tonne_kms": 390197.78, "tonnes_per_trailer": 20.0, "avg_trip_distance": 236.65714, "avg_trip_duration": 2.458948, "total_trip_distance": 13006.594, "total_trip_duration": 134.87645, "total_freight_value": 7500000.0, "trip_transport_costs": 71750.0, "cst_per_tonne": 48.0, "cst_per_tonne_km": 0.18388144996419684, "co2_tn": 38.310043}], "LGA_23670": [], "LGA_23810": [{"industry": "wood_product", "sector": "wood_product", "trips_count": 20, "trailer_loads": 840.04521, "tonnes": 16900.893, "tonne_kms": 6844765.0, "tonnes_per_trailer": 20.74999, "avg_trip_distance": 368.72366, "avg_trip_duration": 4.168572, "total_trip_distance": 289702.16, "total_trip_duration": 3229.804, "total_freight_value": 41871139.0, "trip_transport_costs": 1361945.0, "cst_per_tonne": 81.0, "cst_per_tonne_km": 0.19897614457111568, "co2_tn": 679.8035}], "LGA_24330": [{"industry": "wood_product", "sector": "wood_product", "trips_count": 6, "trailer_loads": 35.0, "tonnes": 700.0, "tonne_kms": 203994.8, "tonnes_per_trailer": 20.0, "avg_trip_distance": 248.65515, "avg_trip_duration": 2.6317043, "total_trip_distance": 6799.8267, "total_trip_duration": 71.89934, "total_freight_value": 3500000.0, "trip_transport_costs": 37530.0, "cst_per_tonne": 54.0, "cst_per_tonne_km": 0.18397647502421746, "co2_tn": 20.07762}], "LGA_24600": [{"industry": "vegetables", "sector": "horticulture", "trips_count": 7, "trailer_loads": 0.06322043, "tonnes": 1.2644076, "tonne_kms": 389.22324, "tonnes_per_trailer": 19.999987, "avg_trip_distance": 1.853444, "avg_trip_duration": 0.0198355, "total_trip_distance": 12.974108, "total_trip_duration": 0.1388485, "total_freight_value": 3793.0, "trip_transport_costs": 72.0, "cst_per_tonne": 57.0, "cst_per_tonne_km": 0.1840944959091284, "co2_tn": 0.038390324}, {"industry": "fruit", "sector": "horticulture", "trips_count": 7, "trailer_loads": 1.6572367300000002, "tonnes": 31.299622, "tonne_kms": 10039.802, "tonnes_per_trailer": 16.428566, "avg_trip_distance": 50.2617, "avg_trip_duration": 0.5434669, "total_trip_distance": 351.8319, "total_trip_duration": 3.8042684, "total_freight_value": 133501.0, "trip_transport_costs": 1959.0, "cst_per_tonne": 63.0, "cst_per_tonne_km": 0.1951180795593029, "co2_tn": 1.042636}, {"industry": "wood_product", "sector": "wood_product", "trips_count": 38, "trailer_loads": 407.4767, "tonnes": 8149.535, "tonne_kms": 2336056.5, "tonnes_per_trailer": 20.0, "avg_trip_distance": 255.2155, "avg_trip_duration": 2.7422183, "total_trip_distance": 95949.89, "total_trip_duration": 1030.9159, "total_freight_value": 40747670.0, "trip_transport_costs": 451723.0, "cst_per_tonne": 55.0, "cst_per_tonne_km": 0.19336969930682327, "co2_tn": 228.13977}], "LGA_25250": [{"industry": "wood_product", "sector": "wood_product", "trips_count": 6, "trailer_loads": 159.5687, "tonnes": 3191.377, "tonne_kms": 893857.2, "tonnes_per_trailer": 20.000011, "avg_trip_distance": 256.8515, "avg_trip_duration": 2.7075253, "total_trip_distance": 83754.836, "total_trip_duration": 879.716, "total_freight_value": 15956870.0, "trip_transport_costs": 221738.0, "cst_per_tonne": 69.0, "cst_per_tonne_km": 0.24806841565854165, "co2_tn": 79.89814}], "LGA_25900": [{"industry": "wood_product", "sector": "wood_product", "trips_count": 17, "trailer_loads": 271.983, "tonnes": 5439.657, "tonne_kms": 1584211.2, "tonnes_per_trailer": 19.999996, "avg_trip_distance": 265.5523, "avg_trip_duration": 2.8722777, "total_trip_distance": 94518.234, "total_trip_duration": 1020.30334, "total_freight_value": 27198300.0, "trip_transport_costs": 337985.0, "cst_per_tonne": 62.0, "cst_per_tonne_km": 0.21334607795263258, "co2_tn": 150.35304}], "LGA_26700": [{"industry": "livestock", "sector": "livestock", "trips_count": 11, "trailer_loads": 136.4, "tonnes": 3160.0, "tonne_kms": 273553.72, "tonnes_per_trailer": 20.90909, "avg_trip_distance": 79.5158, "avg_trip_duration": 1.2145196, "total_trip_distance": 7763.7173, "total_trip_duration": 99.32464, "total_freight_value": 5611000.0, "trip_transport_costs": 52192.0, "cst_per_tonne": 17.0, "cst_per_tonne_km": 0.19079153850209263, "co2_tn": 24.212265}], "LGA_27070": [], "LGA_27260": [{"industry": "vegetables", "sector": "horticulture", "trips_count": 9, "trailer_loads": 0.362168295, "tonnes": 5.840399, "tonne_kms": 1842.1437, "tonnes_per_trailer": 19.11113, "avg_trip_distance": 8.46242, "avg_trip_duration": 0.088719845, "total_trip_distance": 76.16178,