{"orig_lga": "LGA_23810", "orig_name": "Latrobe (C) (Vic.)", "orig_state": "VIC", "fetched_at": "2026-03-12T07:22:49.991441+00:00", "destinations": {"LGA_13340": [], "LGA_20830": [{"industry": "livestock", "sector": "livestock", "trips_count": 15, "trailer_loads": 628.8000000000001, "tonnes": 15360.0, "tonne_kms": 1221385.6, "tonnes_per_trailer": 23.0, "avg_trip_distance": 78.81929, "avg_trip_duration": 0.86796176, "total_trip_distance": 33120.547, "total_trip_duration": 362.18903, "total_freight_value": 25872000.0, "trip_transport_costs": 211420.0, "cst_per_tonne": 14.0, "cst_per_tonne_km": 0.17309869712604203, "co2_tn": 98.0474}], "LGA_23810": [{"industry": "meat", "sector": "cold_food", "trips_count": 10, "trailer_loads": 52.334644, "tonnes": 942.0272, "tonne_kms": 5468.9785, "tonnes_per_trailer": 18.00006, "avg_trip_distance": 6.9172792, "avg_trip_duration": 0.08901408, "total_trip_distance": 303.83215, "total_trip_duration": 4.062679, "total_freight_value": 31086843.0, "trip_transport_costs": 4771.0, "cst_per_tonne": 5.0, "cst_per_tonne_km": 0.8724598229399884, "co2_tn": 0.6997234}, {"industry": "livestock", "sector": "livestock", "trips_count": 16, "trailer_loads": 786.6909, "tonnes": 19640.0, "tonne_kms": 307475.38, "tonnes_per_trailer": 24.625004, "avg_trip_distance": 16.08412, "avg_trip_duration": 0.19126225, "total_trip_distance": 10698.258, "total_trip_duration": 127.91255, "total_freight_value": 32340000.0, "trip_transport_costs": 98727.0, "cst_per_tonne": 5.0, "cst_per_tonne_km": 0.3210882590162581, "co2_tn": 26.135172}, {"industry": "waste", "sector": "waste", "trips_count": 184, "trailer_loads": 6728.400000000043, "tonnes": 67284.0, "tonne_kms": 985446.2, "tonnes_per_trailer": 10.0, "avg_trip_distance": 14.140173, "avg_trip_duration": 0.18471323, "total_trip_distance": 90489.84, "total_trip_duration": 1155.8568, "total_freight_value": 6728400.0, "trip_transport_costs": 839582.0, "cst_per_tonne": 12.0, "cst_per_tonne_km": 0.851981238405276, "co2_tn": 217.468}, {"industry": "wood_product", "sector": "wood_product", "trips_count": 49, "trailer_loads": 30531.535840000004, "tonnes": 667833.3, "tonne_kms": 8522911.0, "tonnes_per_trailer": 23.75511, "avg_trip_distance": 26.67277, "avg_trip_duration": 0.3466649, "total_trip_distance": 374221.66, "total_trip_duration": 4983.973, "total_freight_value": 1078383784.0, "trip_transport_costs": 3612220.0, "cst_per_tonne": 5.0, "cst_per_tonne_km": 0.4238246720412335, "co2_tn": 864.6951}], "LGA_24600": [], "LGA_26170": [{"industry": "livestock", "sector": "livestock", "trips_count": 21, "trailer_loads": 807.6000000000003, "tonnes": 20040.0, "tonne_kms": 1267620.8, "tonnes_per_trailer": 24.285715, "avg_trip_distance": 63.297134, "avg_trip_duration": 0.7308769, "total_trip_distance": 34075.94, "total_trip_duration": 393.22562, "total_freight_value": 32397000.0, "trip_transport_costs": 231058.0, "cst_per_tonne": 12.0, "cst_per_tonne_km": 0.18227672803187586, "co2_tn": 101.52569}], "LGA_26810": [], "LGA_27070": [{"industry": "livestock", "sector": "livestock", "trips_count": 8, "trailer_loads": 345.59999999999997, "tonnes": 8640.0, "tonne_kms": 1557270.4, "tonnes_per_trailer": 25.0, "avg_trip_distance": 178.9966, "avg_trip_duration": 2.0471005, "total_trip_distance": 41527.21, "total_trip_duration": 474.92737, "total_freight_value": 13824000.0, "trip_transport_costs": 241554.0, "cst_per_tonne": 28.0, "cst_per_tonne_km": 0.15511402920117517, "co2_tn": 123.67727}], "LGA_27350": [], "LGA_31000": []}}