{"orig_lga": "LGA_23270", "orig_name": "Hume (C)", "orig_state": "VIC", "fetched_at": "2026-03-12T07:18:00.741572+00:00", "destinations": {"LGA_21180": [{"industry": "dairy_product", "sector": "cold_food", "trips_count": 7, "trailer_loads": 426.24068, "tonnes": 8662.896, "tonne_kms": 235156.73, "tonnes_per_trailer": 19.571415, "avg_trip_distance": 22.918547, "avg_trip_duration": 0.29417428, "total_trip_distance": 7701.276, "total_trip_duration": 98.5236, "total_freight_value": 56991390.0, "trip_transport_costs": 70560.0, "cst_per_tonne": 8.0, "cst_per_tonne_km": 0.3000565917646615, "co2_tn": 23.456202}], "LGA_21610": [{"industry": "medicines", "sector": "health", "trips_count": 7, "trailer_loads": 14.0, "tonnes": 7.0, "tonne_kms": 488.038, "tonnes_per_trailer": 0.5, "avg_trip_distance": 69.71971, "avg_trip_duration": 0.7845905, "total_trip_distance": 7517.208, "total_trip_duration": 84.32587, "total_freight_value": 3500000.0, "trip_transport_costs": 15745.0, "cst_per_tonne": 2249.0, "cst_per_tonne_km": 32.26201628323712, "co2_tn": 4.4491196}], "LGA_22620": [], "LGA_22670": [{"industry": "dairy_product", "sector": "cold_food", "trips_count": 7, "trailer_loads": 174.84987999999998, "tonnes": 3561.2568, "tonne_kms": 213902.47, "tonnes_per_trailer": 19.571423, "avg_trip_distance": 47.395214, "avg_trip_duration": 0.63764566, "total_trip_distance": 7001.823, "total_trip_duration": 96.365746, "total_freight_value": 22648517.0, "trip_transport_costs": 50764.0, "cst_per_tonne": 14.0, "cst_per_tonne_km": 0.23732500321248373, "co2_tn": 21.499767}, {"industry": "medicines", "sector": "health", "trips_count": 10, "trailer_loads": 379.1339, "tonnes": 1467.5344, "tonne_kms": 86880.195, "tonnes_per_trailer": 1.549998, "avg_trip_distance": 57.87172, "avg_trip_duration": 0.6705284, "total_trip_distance": 18800.97, "total_trip_duration": 218.68404, "total_freight_value": 5115373984.0, "trip_transport_costs": 110600.0, "cst_per_tonne": 75.0, "cst_per_tonne_km": 1.2730214235445902, "co2_tn": 45.56616}], "LGA_22750": [], "LGA_23270": [], "LGA_23670": [{"industry": "medicines", "sector": "health", "trips_count": 7, "trailer_loads": 951.651, "tonnes": 3764.6, "tonne_kms": 192289.67, "tonnes_per_trailer": 0.9999994, "avg_trip_distance": 52.34855, "avg_trip_duration": 0.62802446, "total_trip_distance": 34927.047, "total_trip_duration": 412.62598, "total_freight_value": 13158099648.0, "trip_transport_costs": 239497.0, "cst_per_tonne": 64.0, "cst_per_tonne_km": 1.2455003897597652, "co2_tn": 96.890465}], "LGA_24130": [{"industry": "waste", "sector": "waste", "trips_count": 84, "trailer_loads": 1814.3999999999974, "tonnes": 18144.0, "tonne_kms": 547717.9, "tonnes_per_trailer": 10.0, "avg_trip_distance": 29.638414, "avg_trip_duration": 0.3725961, "total_trip_distance": 54771.79, "total_trip_duration": 688.5576, "total_freight_value": 1814400.0, "trip_transport_costs": 357474.0, "cst_per_tonne": 20.0, "cst_per_tonne_km": 0.6526617362407209, "co2_tn": 123.58639}], "LGA_24600": [{"industry": "dairy_product", "sector": "cold_food", "trips_count": 7, "trailer_loads": 4239.196, "tonnes": 84684.72, "tonne_kms": 1884826.8, "tonnes_per_trailer": 19.571428, "avg_trip_distance": 21.215052, "avg_trip_duration": 0.3168381, "total_trip_distance": 62694.086, "total_trip_duration": 944.8506, "total_freight_value": 1244540032.0, "trip_transport_costs": 645051.0, "cst_per_tonne": 8.0, "cst_per_tonne_km": 0.3422337631628477, "co2_tn": 196.82591}, {"industry": "medicines", "sector": "health", "trips_count": 19, "trailer_loads": 38.0, "tonnes": 19.0, "tonne_kms": 408.28, "tonnes_per_trailer": 0.5, "avg_trip_distance": 21.48842, "avg_trip_duration": 0.26051754, "total_trip_distance": 4156.4478, "total_trip_duration": 50.573734, "total_freight_value": 9500000.0, "trip_transport_costs": 11491.0, "cst_per_tonne": 605.0, "cst_per_tonne_km": 28.143717477248376, "co2_tn": 2.7376363}], "LGA_24850": [], "LGA_24970": [{"industry": "dairy_product", "sector": "cold_food", "trips_count": 7, "trailer_loads": 793.76561, "tonnes": 16219.293, "tonne_kms": 725184.6, "tonnes_per_trailer": 19.571438, "avg_trip_distance": 42.487537, "avg_trip_duration": 0.58348703, "total_trip_distance": 23661.29, "total_trip_duration": 340.23727, "total_freight_value": 96659980.0, "trip_transport_costs": 187291.0, "cst_per_tonne": 12.0, "cst_per_tonne_km": 0.258266849797878, "co2_tn": 73.55013}, {"industry": "medicines", "sector": "health", "trips_count": 8, "trailer_loads": 16.0, "tonnes": 8.0, "tonne_kms": 371.014, "tonnes_per_trailer": 0.5, "avg_trip_distance": 46.37675, "avg_trip_duration": 0.5495854, "total_trip_distance": 3615.256, "total_trip_duration": 42.96647, "total_freight_value": 4000000.0, "trip_transport_costs": 8735.0, "cst_per_tonne": 1092.0, "cst_per_tonne_km": 23.544742139079716, "co2_tn": 2.3764625}], "LGA_25340": [{"industry": "medicines", "sector": "health", "trips_count": 7, "trailer_loads": 14.0, "tonnes": 7.0, "tonne_kms": 573.565, "tonnes_per_trailer": 0.5, "avg_trip_distance": 81.93786, "avg_trip_duration": 1.0911524, "total_trip_distance": 7431.3477, "total_trip_duration": 97.613335, "total_freight_value": 3500000.0, "trip_transport_costs": 16811.0, "cst_per_tonne": 2402.0, "cst_per_tonne_km": 29.308947186789716, "co2_tn": 4.680154}], "LGA_27070": [{"industry": "dairy_product", "sector": "cold_food", "trips_count": 7, "trailer_loads": 762.76673, "tonnes": 15552.3955, "tonne_kms": 87287.94, "tonnes_per_trailer": 19.571428, "avg_trip_distance": 7.3363905, "avg_trip_duration": 0.105216525, "total_trip_distance": 4318.62, "total_trip_duration": 67.82121, "total_freight_value": 96341080.0, "trip_transport_costs": 70236.0, "cst_per_tonne": 5.0, "cst_per_tonne_km": 0.8046436325233226, "co2_tn": 10.234532}, {"industry": "waste", "sector": "waste", "trips_count": 313, "trailer_loads": 6760.800000000033, "tonnes": 67608.0, "tonne_kms": 855598.44, "tonnes_per_trailer": 10.0, "avg_trip_distance": 12.425188, "avg_trip_duration": 0.18781334, "total_trip_distance": 85559.84, "total_trip_duration": 1293.2827, "total_freight_value": 6760800.0, "trip_transport_costs": 824109.0, "cst_per_tonne": 12.0, "cst_per_tonne_km": 0.9631956867725988, "co2_tn": 198.33566}], "LGA_27260": [{"industry": "dairy_product", "sector": "cold_food", "trips_count": 21, "trailer_loads": 2756.2294799999995, "tonnes": 56062.07, "tonne_kms": 1636038.0, "tonnes_per_trailer": 19.571434, "avg_trip_distance": 26.064976, "avg_trip_duration": 0.32296783, "total_trip_distance": 53527.88, "total_trip_duration": 668.1112, "total_freight_value": 368677160.0, "trip_transport_costs": 473997.0, "cst_per_tonne": 8.0, "cst_per_tonne_km": 0.28972220403670496, "co2_tn": 161.8023}], "LGA_31000": [{"industry": "dairy_product", "sector": "cold_food", "trips_count": 31, "trailer_loads": 374.9307195, "tonnes": 7604.8403, "tonne_kms": 13049849.0, "tonnes_per_trailer": 19.64517, "avg_trip_distance": 880.22687, "avg_trip_duration": 9.065276, "total_trip_distance": 429035.44, "total_trip_duration": 4415.923, "total_freight_value": 52822269.0, "trip_transport_costs": 2344843.0, "cst_per_tonne": 308.0, "cst_per_tonne_km": 0.17968355123693625, "co2_tn": 1263.3068}], "LGA_37010": [{"industry": "dairy_product", "sector": "cold_food", "trips_count": 25, "trailer_loads": 189.03414250000003, "tonnes": 3844.109, "tonne_kms": 9472687.0, "tonnes_per_trailer": 19.639994, "avg_trip_distance": 782.98755, "avg_trip_duration": 8.36104, "total_trip_distance": 193760.92, "total_trip_duration": 2069.8396, "total_freight_value": 25513675.0, "trip_transport_costs": 1352666.0, "cst_per_tonne": 352.0, "cst_per_tonne_km": 0.14279644756770196, "co2_tn": 820.8693}], "LGA_89399": [{"industry": "ppe", "sector": "health", "trips_count": 10, "trailer_loads": 22.686428799999995, "tonnes": 136.11874, "tonne_kms": 86002.336, "tonnes_per_trailer": 6.000005, "avg_trip_distance": 451.7847, "avg_trip_duration": 4.626, "total_trip_distance": 28667.445, "total_trip_duration": 293.04797,