{"orig_lga": "LGA_25490", "orig_name": "Moyne (S)", "orig_state": "VIC", "fetched_at": "2026-03-12T07:31:46.655901+00:00", "destinations": {"LGA_13340": [{"industry": "livestock", "sector": "livestock", "trips_count": 7, "trailer_loads": 35.0, "tonnes": 700.0, "tonne_kms": 428814.8, "tonnes_per_trailer": 20.0, "avg_trip_distance": 436.72867, "avg_trip_duration": 4.6358156, "total_trip_distance": 14318.632, "total_trip_duration": 151.9671, "total_freight_value": 1508500.0, "trip_transport_costs": 81178.0, "cst_per_tonne": 116.0, "cst_per_tonne_km": 0.18930688566101597, "co2_tn": 42.1495}], "LGA_20570": [{"industry": "livestock", "sector": "livestock", "trips_count": 132, "trailer_loads": 2675.7273, "tonnes": 28280.0, "tonne_kms": 4065228.8, "tonnes_per_trailer": 10.69697, "avg_trip_distance": 155.82755, "avg_trip_duration": 1.7252352, "total_trip_distance": 257257.83, "total_trip_duration": 2842.0796, "total_freight_value": 190349500.0, "trip_transport_costs": 1511561.0, "cst_per_tonne": 53.0, "cst_per_tonne_km": 0.3718268773356427, "co2_tn": 759.15375}], "LGA_21370": [{"industry": "livestock", "sector": "livestock", "trips_count": 23, "trailer_loads": 627.47277, "tonnes": 15180.0, "tonne_kms": 5736573.0, "tonnes_per_trailer": 22.869564, "avg_trip_distance": 327.87503, "avg_trip_duration": 3.745306, "total_trip_distance": 157326.22, "total_trip_duration": 1807.608, "total_freight_value": 37389500.0, "trip_transport_costs": 876990.0, "cst_per_tonne": 58.0, "cst_per_tonne_km": 0.15287697791828958, "co2_tn": 466.94394}], "LGA_21750": [{"industry": "grains", "sector": "cropping", "trips_count": 6, "trailer_loads": 58.8567, "tonnes": 1353.7019, "tonne_kms": 172817.66, "tonnes_per_trailer": 22.999964, "avg_trip_distance": 119.266846, "avg_trip_duration": 1.3477074, "total_trip_distance": 5009.2075, "total_trip_duration": 56.603706, "total_freight_value": 406111.0, "trip_transport_costs": 30055.0, "cst_per_tonne": 22.0, "cst_per_tonne_km": 0.17390884952121685, "co2_tn": 14.841093}, {"industry": "livestock", "sector": "livestock", "trips_count": 39, "trailer_loads": 482.19999999999993, "tonnes": 9560.0, "tonne_kms": 1000466.3, "tonnes_per_trailer": 15.641026, "avg_trip_distance": 104.97068, "avg_trip_duration": 1.2103037, "total_trip_distance": 33977.324, "total_trip_duration": 392.65002, "total_freight_value": 23691500.0, "trip_transport_costs": 209678.0, "cst_per_tonne": 22.0, "cst_per_tonne_km": 0.209580737533696, "co2_tn": 101.09226}], "LGA_21830": [{"industry": "grains", "sector": "cropping", "trips_count": 27, "trailer_loads": 241.8129, "tonnes": 5692.1772, "tonne_kms": 424665.97, "tonnes_per_trailer": 23.666653, "avg_trip_distance": 64.24814, "avg_trip_duration": 0.7192379, "total_trip_distance": 12104.605, "total_trip_duration": 135.5067, "total_freight_value": 1976907.0, "trip_transport_costs": 78414.0, "cst_per_tonne": 14.0, "cst_per_tonne_km": 0.18464777939141844, "co2_tn": 35.6309}, {"industry": "livestock", "sector": "livestock", "trips_count": 44, "trailer_loads": 1152.6727000000005, "tonnes": 27960.0, "tonne_kms": 1348823.4, "tonnes_per_trailer": 22.545454, "avg_trip_distance": 48.403316, "avg_trip_duration": 0.53226405, "total_trip_distance": 37223.137, "total_trip_duration": 408.34177, "total_freight_value": 53909500.0, "trip_transport_costs": 266046.0, "cst_per_tonne": 10.0, "cst_per_tonne_km": 0.19724277164881357, "co2_tn": 109.80477}], "LGA_22410": [{"industry": "livestock", "sector": "livestock", "trips_count": 29, "trailer_loads": 570.6966454, "tonnes": 11430.84, "tonne_kms": 1264004.8, "tonnes_per_trailer": 19.72414, "avg_trip_distance": 97.249985, "avg_trip_duration": 1.1030852, "total_trip_distance": 42048.55, "total_trip_duration": 467.03552, "total_freight_value": 25444631.0, "trip_transport_costs": 254901.0, "cst_per_tonne": 22.0, "cst_per_tonne_km": 0.20166144669023697, "co2_tn": 124.02496}, {"industry": "wood_product", "sector": "wood_product", "trips_count": 43, "trailer_loads": 7660.586800000001, "tonnes": 138366.67, "tonne_kms": 11202823.0, "tonnes_per_trailer": 18.162802, "avg_trip_distance": 87.893295, "avg_trip_duration": 1.0250676, "total_trip_distance": 412518.94, "total_trip_duration": 4861.1016, "total_freight_value": 37913303.0, "trip_transport_costs": 2672053.0, "cst_per_tonne": 19.0, "cst_per_tonne_km": 0.23851607981351552, "co2_tn": 1232.3593}], "LGA_22750": [{"industry": "grains", "sector": "cropping", "trips_count": 11, "trailer_loads": 143.18483, "tonnes": 3579.6238, "tonne_kms": 586713.44, "tonnes_per_trailer": 25.000032, "avg_trip_distance": 148.33832, "avg_trip_duration": 1.6663108, "total_trip_distance": 15645.691, "total_trip_duration": 175.08974, "total_freight_value": 1696175.0, "trip_transport_costs": 91195.0, "cst_per_tonne": 25.0, "cst_per_tonne_km": 0.15543399186237639, "co2_tn": 46.280087}, {"industry": "livestock", "sector": "livestock", "trips_count": 47, "trailer_loads": 763.4482299999999, "tonnes": 16249.932, "tonne_kms": 3041910.0, "tonnes_per_trailer": 17.638298, "avg_trip_distance": 176.20868, "avg_trip_duration": 1.9635509, "total_trip_distance": 94539.98, "total_trip_duration": 1060.4094, "total_freight_value": 48680540.0, "trip_transport_costs": 545261.0, "cst_per_tonne": 34.0, "cst_per_tonne_km": 0.17924945726623548, "co2_tn": 279.8049}, {"industry": "wood_product", "sector": "wood_product", "trips_count": 8, "trailer_loads": 416.6667, "tonnes": 7500.001, "tonne_kms": 1600531.2, "tonnes_per_trailer": 17.999996, "avg_trip_distance": 208.58571, "avg_trip_duration": 2.3684993, "total_trip_distance": 59278.934, "total_trip_duration": 672.0372, "total_freight_value": 1950002.0, "trip_transport_costs": 338698.0, "cst_per_tonne": 45.0, "cst_per_tonne_km": 0.2116158990179042, "co2_tn": 175.71678}], "LGA_22830": [{"industry": "grains", "sector": "cropping", "trips_count": 9, "trailer_loads": 113.21216999999999, "tonnes": 2771.4468, "tonne_kms": 1135229.5, "tonnes_per_trailer": 24.333311, "avg_trip_distance": 375.8455, "avg_trip_duration": 4.1596317, "total_trip_distance": 30868.996, "total_trip_duration": 340.75256, "total_freight_value": 1185735.0, "trip_transport_costs": 169829.0, "cst_per_tonne": 61.0, "cst_per_tonne_km": 0.14959873614762478, "co2_tn": 91.328094}, {"industry": "livestock", "sector": "livestock", "trips_count": 11, "trailer_loads": 81.8182, "tonnes": 1700.0, "tonne_kms": 705878.0, "tonnes_per_trailer": 20.181816, "avg_trip_distance": 356.09116, "avg_trip_duration": 3.9269743, "total_trip_distance": 22673.09, "total_trip_duration": 247.62729, "total_freight_value": 6481000.0, "trip_transport_costs": 124263.0, "cst_per_tonne": 73.0, "cst_per_tonne_km": 0.17604042550775417, "co2_tn": 66.91162}], "LGA_22980": [{"industry": "grains", "sector": "cropping", "trips_count": 7, "trailer_loads": 97.04159, "tonnes": 2293.8145, "tonne_kms": 554711.94, "tonnes_per_trailer": 21.571426, "avg_trip_distance": 202.1189, "avg_trip_duration": 2.2264657, "total_trip_distance": 15511.579, "total_trip_duration": 171.30956, "total_freight_value": 1004991.0, "trip_transport_costs": 87461.0, "cst_per_tonne": 38.0, "cst_per_tonne_km": 0.15766841770337217, "co2_tn": 45.808674}, {"industry": "livestock", "sector": "livestock", "trips_count": 15, "trailer_loads": 85.0, "tonnes": 1700.0, "tonne_kms": 450194.0, "tonnes_per_trailer": 20.0, "avg_trip_distance": 223.96521, "avg_trip_duration": 2.4655206, "total_trip_distance": 15006.467, "total_trip_duration": 165.15466, "total_freight_value": 3663500.0, "trip_transport_costs": 84030.0, "cst_per_tonne": 49.0, "cst_per_tonne_km": 0.18665390751160887, "co2_tn": 44.281616}], "LGA_24900": [], "LGA_25490": [{"industry": "grains", "sector": "cropping", "trips_count": 10, "trailer_loads": 98.0945, "tonnes": 2256.1697, "tonne_kms": 121274.33, "tonnes_per_trailer": 22.999964, "avg_trip_distance": 50.245537, "avg_trip_duration": 0.5471507, "total_trip_distance": 3535.0947, "total_trip_duration": 38.495163, "total_freight_value": 676852.0, "trip_transport_costs": 24419.0,