{"orig_lga": "LGA_20260", "orig_name": "Ararat (RC)", "orig_state": "VIC", "fetched_at": "2026-03-12T06:46:11.035439+00:00", "destinations": {"LGA_20260": [{"industry": "grains", "sector": "cropping", "trips_count": 164, "trailer_loads": 2141.9846999999977, "tonnes": 52483.1, "tonne_kms": 1132346.1, "tonnes_per_trailer": 24.060978, "avg_trip_distance": 19.672916, "avg_trip_duration": 0.22326858, "total_trip_distance": 33684.516, "total_trip_duration": 382.51773, "total_freight_value": 23663980.0, "trip_transport_costs": 302791.0, "cst_per_tonne": 6.0, "cst_per_tonne_km": 0.26740105864873, "co2_tn": 92.95274}, {"industry": "livestock", "sector": "livestock", "trips_count": 45, "trailer_loads": 444.0, "tonnes": 4440.0, "tonne_kms": 150458.16, "tonnes_per_trailer": 10.0, "avg_trip_distance": 35.71231, "avg_trip_duration": 0.42352036, "total_trip_distance": 10444.154, "total_trip_duration": 126.317566, "total_freight_value": 31080000.0, "trip_transport_costs": 82779.0, "cst_per_tonne": 19.0, "cst_per_tonne_km": 0.5501806791764519, "co2_tn": 30.408655}, {"industry": "waste", "sector": "waste", "trips_count": 35, "trailer_loads": 749.5200000000004, "tonnes": 7495.2, "tonne_kms": 37581.688, "tonnes_per_trailer": 10.0, "avg_trip_distance": 5.036383, "avg_trip_duration": 0.08198487, "total_trip_distance": 3638.3228, "total_trip_duration": 60.491257, "total_freight_value": 749520.0, "trip_transport_costs": 64983.0, "cst_per_tonne": 9.0, "cst_per_tonne_km": 1.72911896242269, "co2_tn": 9.129403}], "LGA_20570": [{"industry": "grains", "sector": "cropping", "trips_count": 17, "trailer_loads": 491.50748000000004, "tonnes": 12122.953, "tonne_kms": 1194402.4, "tonnes_per_trailer": 23.588228, "avg_trip_distance": 95.13005, "avg_trip_duration": 1.0731244, "total_trip_distance": 32223.986, "total_trip_duration": 364.84717, "total_freight_value": 5197390.0, "trip_transport_costs": 199492.0, "cst_per_tonne": 16.0, "cst_per_tonne_km": 0.16702262540208393, "co2_tn": 95.535225}, {"industry": "livestock", "sector": "livestock", "trips_count": 80, "trailer_loads": 2204.0, "tonnes": 22056.0, "tonne_kms": 2224806.0, "tonnes_per_trailer": 10.1, "avg_trip_distance": 102.34283, "avg_trip_duration": 1.1324757, "total_trip_distance": 148206.6, "total_trip_duration": 1640.6023, "total_freight_value": 154272120.0, "trip_transport_costs": 912065.0, "cst_per_tonne": 41.0, "cst_per_tonne_km": 0.409952729632399, "co2_tn": 439.11343}], "LGA_20830": [{"industry": "grains", "sector": "cropping", "trips_count": 7, "trailer_loads": 433.75049999999993, "tonnes": 10727.149, "tonne_kms": 3529936.8, "tonnes_per_trailer": 23.571434, "avg_trip_distance": 315.53903, "avg_trip_duration": 3.4002995, "total_trip_distance": 95123.71, "total_trip_duration": 1034.078, "total_freight_value": 4688784.0, "trip_transport_costs": 523724.0, "cst_per_tonne": 49.0, "cst_per_tonne_km": 0.14836646832933692, "co2_tn": 280.64432}], "LGA_21370": [{"industry": "grains", "sector": "cropping", "trips_count": 16, "trailer_loads": 186.58080000000004, "tonnes": 4291.36, "tonne_kms": 1126393.8, "tonnes_per_trailer": 23.000008, "avg_trip_distance": 255.07104, "avg_trip_duration": 2.8878198, "total_trip_distance": 32649.094, "total_trip_duration": 369.64093, "total_freight_value": 1287406.0, "trip_transport_costs": 184281.0, "cst_per_tonne": 43.0, "cst_per_tonne_km": 0.16360249697596865, "co2_tn": 96.77254}], "LGA_21750": [{"industry": "grains", "sector": "cropping", "trips_count": 23, "trailer_loads": 268.20990000000006, "tonnes": 6168.8296, "tonne_kms": 917545.3, "tonnes_per_trailer": 23.000008, "avg_trip_distance": 139.2886, "avg_trip_duration": 1.5447581, "total_trip_distance": 26896.963, "total_trip_duration": 298.55142, "total_freight_value": 1850647.0, "trip_transport_costs": 157462.0, "cst_per_tonne": 26.0, "cst_per_tonne_km": 0.17161207659192582, "co2_tn": 78.817444}, {"industry": "livestock", "sector": "livestock", "trips_count": 13, "trailer_loads": 82.0, "tonnes": 920.0, "tonne_kms": 146486.45, "tonnes_per_trailer": 11.538462, "avg_trip_distance": 149.87227, "avg_trip_duration": 1.6771064, "total_trip_distance": 8560.694, "total_trip_duration": 96.41, "total_freight_value": 5471000.0, "trip_transport_costs": 50257.0, "cst_per_tonne": 55.0, "cst_per_tonne_km": 0.3430840927803371, "co2_tn": 25.375292}], "LGA_21830": [{"industry": "grains", "sector": "cropping", "trips_count": 79, "trailer_loads": 1513.1389799999993, "tonnes": 36685.71, "tonne_kms": 3750036.5, "tonnes_per_trailer": 23.7595, "avg_trip_distance": 108.32339, "avg_trip_duration": 1.2092938, "total_trip_distance": 103882.61, "total_trip_duration": 1158.6562, "total_freight_value": 15048426.0, "trip_transport_costs": 638429.0, "cst_per_tonne": 17.0, "cst_per_tonne_km": 0.17024614423961273, "co2_tn": 307.2163}], "LGA_22410": [{"industry": "grains", "sector": "cropping", "trips_count": 7, "trailer_loads": 175.26757, "tonnes": 4265.067, "tonne_kms": 635420.4, "tonnes_per_trailer": 23.571424, "avg_trip_distance": 145.54153, "avg_trip_duration": 1.610018, "total_trip_distance": 17418.174, "total_trip_duration": 191.89224, "total_freight_value": 1845191.0, "trip_transport_costs": 102271.0, "cst_per_tonne": 24.0, "cst_per_tonne_km": 0.16094979915977867, "co2_tn": 51.388084}, {"industry": "wood_product", "sector": "wood_product", "trips_count": 40, "trailer_loads": 4495.4058700000005, "tonnes": 80950.05, "tonne_kms": 14247403.0, "tonnes_per_trailer": 18.350002, "avg_trip_distance": 171.75296, "avg_trip_duration": 1.9920707, "total_trip_distance": 527427.25, "total_trip_duration": 6086.1245, "total_freight_value": 21179991.0, "trip_transport_costs": 3084018.0, "cst_per_tonne": 38.0, "cst_per_tonne_km": 0.21646173106786987, "co2_tn": 1569.5198}], "LGA_22620": [{"industry": "meat", "sector": "cold_food", "trips_count": 6, "trailer_loads": 11.530339999999999, "tonnes": 207.5464, "tonne_kms": 31384.34, "tonnes_per_trailer": 18.000008, "avg_trip_distance": 129.71921, "avg_trip_duration": 1.4524978, "total_trip_distance": 1743.5743, "total_trip_duration": 19.449183, "total_freight_value": 7056561.0, "trip_transport_costs": 8182.0, "cst_per_tonne": 39.0, "cst_per_tonne_km": 0.26070771496557726, "co2_tn": 3.8261216}, {"industry": "grains", "sector": "cropping", "trips_count": 24, "trailer_loads": 427.81343999999984, "tonnes": 10695.34, "tonne_kms": 2306192.5, "tonnes_per_trailer": 25.000011, "avg_trip_distance": 205.39616, "avg_trip_duration": 2.3361049, "total_trip_distance": 61498.465, "total_trip_duration": 696.1249, "total_freight_value": 4462671.0, "trip_transport_costs": 351143.0, "cst_per_tonne": 33.0, "cst_per_tonne_km": 0.15226110354580658, "co2_tn": 182.29344}], "LGA_22750": [{"industry": "meat", "sector": "cold_food", "trips_count": 10, "trailer_loads": 69.70101500000003, "tonnes": 1254.6176, "tonne_kms": 230783.7, "tonnes_per_trailer": 18.000023, "avg_trip_distance": 155.10478, "avg_trip_duration": 1.7117091, "total_trip_distance": 12821.317, "total_trip_duration": 141.7009, "total_freight_value": 42657030.0, "trip_transport_costs": 59652.0, "cst_per_tonne": 48.0, "cst_per_tonne_km": 0.25847733324491745, "co2_tn": 28.180212}, {"industry": "grains", "sector": "cropping", "trips_count": 47, "trailer_loads": 1383.1549233999995, "tonnes": 34578.85, "tonne_kms": 5200091.0, "tonnes_per_trailer": 25.000004, "avg_trip_distance": 140.31104, "avg_trip_duration": 1.6038222, "total_trip_distance": 138669.1, "total_trip_duration": 1597.4733, "total_freight_value": 19765729.0, "trip_transport_costs": 822799.0, "cst_per_tonne": 24.0, "cst_per_tonne_km": 0.15822779844635257, "co2_tn": 411.84338}, {"industry": "livestock", "sector": "livestock", "trips_count": 11, "trailer_loads": 69.54545, "tonnes": 800.0, "tonne_kms": 142758.42, "tonnes_per_trailer": 12.000002, "avg_trip_distance": 172.19122, "avg_trip_duration": 1.9177572, "total_trip_distance": 8185.1504, "total_trip_duration": 91.14758, "total_freight_value": 4968000.0, "trip_transport_costs": 47407.0,