{"orig_lga": "LGA_22110", "orig_name": "East Gippsland (S)", "orig_state": "VIC", "fetched_at": "2026-03-12T07:06:20.397237+00:00", "destinations": {"LGA_10050": [{"industry": "livestock", "sector": "livestock", "trips_count": 9, "trailer_loads": 351.59999999999997, "tonnes": 8700.0, "tonne_kms": 3174687.5, "tonnes_per_trailer": 23.333334, "avg_trip_distance": 302.39493, "avg_trip_duration": 3.4405878, "total_trip_distance": 107828.7, "total_trip_duration": 1224.7057, "total_freight_value": 14244000.0, "trip_transport_costs": 531375.0, "cst_per_tonne": 61.0, "cst_per_tonne_km": 0.1673788220420317, "co2_tn": 267.1723}], "LGA_10550": [{"industry": "livestock", "sector": "livestock", "trips_count": 10, "trailer_loads": 290.5455, "tonnes": 7000.0, "tonne_kms": 1807165.0, "tonnes_per_trailer": 22.699999, "avg_trip_distance": 184.94957, "avg_trip_duration": 2.0660176, "total_trip_distance": 50389.367, "total_trip_duration": 552.2301, "total_freight_value": 16918000.0, "trip_transport_costs": 284923.0, "cst_per_tonne": 41.0, "cst_per_tonne_km": 0.15766288072408993, "co2_tn": 148.86491}], "LGA_17040": [{"industry": "livestock", "sector": "livestock", "trips_count": 12, "trailer_loads": 67.09091000000001, "tonnes": 1180.0, "tonne_kms": 394111.78, "tonnes_per_trailer": 17.666666, "avg_trip_distance": 275.4753, "avg_trip_duration": 3.096172, "total_trip_distance": 14551.108, "total_trip_duration": 163.62779, "total_freight_value": 4220000.0, "trip_transport_costs": 81863.0, "cst_per_tonne": 69.0, "cst_per_tonne_km": 0.2077162812390552, "co2_tn": 43.310432}], "LGA_17080": [{"industry": "livestock", "sector": "livestock", "trips_count": 6, "trailer_loads": 31.0, "tonnes": 560.0, "tonne_kms": 201006.66, "tonnes_per_trailer": 18.333334, "avg_trip_distance": 339.8167, "avg_trip_duration": 4.011371, "total_trip_distance": 10457.764, "total_trip_duration": 123.67381, "total_freight_value": 1497500.0, "trip_transport_costs": 49206.0, "cst_per_tonne": 88.0, "cst_per_tonne_km": 0.24479825217230836, "co2_tn": 23.989586}], "LGA_20830": [{"industry": "livestock", "sector": "livestock", "trips_count": 11, "trailer_loads": 277.27275, "tonnes": 6440.0, "tonne_kms": 1716244.4, "tonnes_per_trailer": 19.454546, "avg_trip_distance": 225.70975, "avg_trip_duration": 2.5700336, "total_trip_distance": 48279.715, "total_trip_duration": 543.56274, "total_freight_value": 14459000.0, "trip_transport_costs": 272183.0, "cst_per_tonne": 42.0, "cst_per_tonne_km": 0.1585924027234157, "co2_tn": 143.21642}], "LGA_21370": [{"industry": "livestock", "sector": "livestock", "trips_count": 9, "trailer_loads": 77.00005999999999, "tonnes": 1520.0, "tonne_kms": 721935.06, "tonnes_per_trailer": 20.222216, "avg_trip_distance": 398.35834, "avg_trip_duration": 4.552521, "total_trip_distance": 25182.234, "total_trip_duration": 287.701, "total_freight_value": 8644500.0, "trip_transport_costs": 140717.0, "cst_per_tonne": 93.0, "cst_per_tonne_km": 0.19491635668885038, "co2_tn": 73.1052}], "LGA_21450": [{"industry": "livestock", "sector": "livestock", "trips_count": 9, "trailer_loads": 95.4546, "tonnes": 2000.0, "tonne_kms": 504138.78, "tonnes_per_trailer": 20.444437, "avg_trip_distance": 218.75589, "avg_trip_duration": 2.4534156, "total_trip_distance": 16131.279, "total_trip_duration": 181.02815, "total_freight_value": 8335000.0, "trip_transport_costs": 90919.0, "cst_per_tonne": 45.0, "cst_per_tonne_km": 0.1803443959984109, "co2_tn": 47.862633}], "LGA_22110": [{"industry": "livestock", "sector": "livestock", "trips_count": 37, "trailer_loads": 942.4909100000003, "tonnes": 22300.0, "tonne_kms": 1393128.4, "tonnes_per_trailer": 20.864864, "avg_trip_distance": 63.96267, "avg_trip_duration": 0.8173532, "total_trip_distance": 39644.08, "total_trip_duration": 505.1275, "total_freight_value": 39834500.0, "trip_transport_costs": 276139.0, "cst_per_tonne": 12.0, "cst_per_tonne_km": 0.1982147525129089, "co2_tn": 119.78873}, {"industry": "waste", "sector": "waste", "trips_count": 130, "trailer_loads": 4682.8800000000065, "tonnes": 46828.8, "tonne_kms": 1136610.1, "tonnes_per_trailer": 10.0, "avg_trip_distance": 25.052635, "avg_trip_duration": 0.31116527, "total_trip_distance": 99144.47, "total_trip_duration": 1221.2953, "total_freight_value": 4682880.0, "trip_transport_costs": 759035.0, "cst_per_tonne": 16.0, "cst_per_tonne_km": 0.6678058715701946, "co2_tn": 242.90747}], "LGA_22750": [{"industry": "livestock", "sector": "livestock", "trips_count": 8, "trailer_loads": 62.18185, "tonnes": 1040.0, "tonne_kms": 417385.7, "tonnes_per_trailer": 17.999996, "avg_trip_distance": 369.08524, "avg_trip_duration": 4.217029, "total_trip_distance": 16433.574, "total_trip_duration": 185.66476, "total_freight_value": 5014000.0, "trip_transport_costs": 92225.0, "cst_per_tonne": 89.0, "cst_per_tonne_km": 0.2209592372391333, "co2_tn": 48.794525}, {"industry": "wood_product", "sector": "wood_product", "trips_count": 14, "trailer_loads": 616.852, "tonnes": 11133.33, "tonne_kms": 4887226.5, "tonnes_per_trailer": 18.428564, "avg_trip_distance": 414.6813, "avg_trip_duration": 4.780709, "total_trip_distance": 176794.0, "total_trip_duration": 2044.63, "total_freight_value": 4316670.0, "trip_transport_costs": 1007503.0, "cst_per_tonne": 90.0, "cst_per_tonne_km": 0.20615016828659108, "co2_tn": 538.20374}], "LGA_23270": [{"industry": "wood_product", "sector": "wood_product", "trips_count": 6, "trailer_loads": 35.0, "tonnes": 700.0, "tonne_kms": 290477.1, "tonnes_per_trailer": 20.0, "avg_trip_distance": 352.9591, "avg_trip_duration": 3.9949567, "total_trip_distance": 9682.57, "total_trip_duration": 109.585724, "total_freight_value": 3500000.0, "trip_transport_costs": 53585.0, "cst_per_tonne": 77.0, "cst_per_tonne_km": 0.18447361772932397, "co2_tn": 28.74857}], "LGA_23810": [{"industry": "wood_product", "sector": "wood_product", "trips_count": 8, "trailer_loads": 273.3333, "tonnes": 6133.331, "tonne_kms": 1601352.8, "tonnes_per_trailer": 22.499998, "avg_trip_distance": 244.15668, "avg_trip_duration": 2.9107764, "total_trip_distance": 46057.402, "total_trip_duration": 552.6371, "total_freight_value": 11916680.0, "trip_transport_costs": 275748.0, "cst_per_tonne": 45.0, "cst_per_tonne_km": 0.17219699460932328, "co2_tn": 145.53477}], "LGA_24600": [{"industry": "vegetables", "sector": "horticulture", "trips_count": 43, "trailer_loads": 4.39213985, "tonnes": 77.36659, "tonne_kms": 21916.754, "tonnes_per_trailer": 19.418608, "avg_trip_distance": 19.26339, "avg_trip_duration": 0.21261226, "total_trip_distance": 828.32574, "total_trip_duration": 9.142327, "total_freight_value": 279243.0, "trip_transport_costs": 4641.0, "cst_per_tonne": 60.0, "cst_per_tonne_km": 0.21177793735398406, "co2_tn": 2.4481773}, {"industry": "wood_product", "sector": "wood_product", "trips_count": 43, "trailer_loads": 818.333, "tonnes": 16366.7, "tonne_kms": 6299983.0, "tonnes_per_trailer": 20.000002, "avg_trip_distance": 334.46802, "avg_trip_duration": 3.7160113, "total_trip_distance": 210003.97, "total_trip_duration": 2357.7341, "total_freight_value": 81833300.0, "trip_transport_costs": 1164550.0, "cst_per_tonne": 71.0, "cst_per_tonne_km": 0.18484962617223036, "co2_tn": 622.046}], "LGA_25900": [{"industry": "wood_product", "sector": "wood_product", "trips_count": 18, "trailer_loads": 160.0, "tonnes": 3200.0, "tonne_kms": 1243903.6, "tonnes_per_trailer": 20.0, "avg_trip_distance": 346.63443, "avg_trip_duration": 3.8482008, "total_trip_distance": 41463.453, "total_trip_duration": 460.49545, "total_freight_value": 16000000.0, "trip_transport_costs": 229129.0, "cst_per_tonne": 72.0, "cst_per_tonne_km": 0.1842017991100647, "co2_tn": 122.70743}], "LGA_26170": [{"industry": "livestock", "sector": "livestock", "trips_count": 13, "trailer_loads": 257.41825000000006, "tonnes": 5900.0, "tonne_kms": 1558511.2, "tonnes_per_trailer": 20.84615, "avg_trip_distance": 244.0779, "avg_trip_duration": 2.830126, "total_trip_distance": 44864.273, "total_trip_duration": 512.10046,