{"orig_lga": "LGA_22980", "orig_name": "Hindmarsh (S)", "orig_state": "VIC", "fetched_at": "2026-03-12T07:17:05.592388+00:00", "destinations": {"LGA_20740": [{"industry": "grains", "sector": "cropping", "trips_count": 8, "trailer_loads": 28.77712, "tonnes": 661.87445, "tonne_kms": 345823.75, "tonnes_per_trailer": 23.000023, "avg_trip_distance": 413.8293, "avg_trip_duration": 4.7594156, "total_trip_distance": 9931.903, "total_trip_duration": 114.225975, "total_freight_value": 198562.0, "trip_transport_costs": 57076.0, "cst_per_tonne": 86.0, "cst_per_tonne_km": 0.1650441193513495, "co2_tn": 30.042368}], "LGA_20830": [{"industry": "grains", "sector": "cropping", "trips_count": 7, "trailer_loads": 25.17998, "tonnes": 579.14014, "tonne_kms": 295827.16, "tonnes_per_trailer": 23.000023, "avg_trip_distance": 406.5588, "avg_trip_duration": 4.620385, "total_trip_distance": 8537.735, "total_trip_duration": 97.02809, "total_freight_value": 173742.0, "trip_transport_costs": 49275.0, "cst_per_tonne": 85.0, "cst_per_tonne_km": 0.1665655344933787, "co2_tn": 25.656788}], "LGA_21270": [{"industry": "grains", "sector": "cropping", "trips_count": 45, "trailer_loads": 916.8206200000002, "tonnes": 22860.004, "tonne_kms": 3080989.5, "tonnes_per_trailer": 24.822231, "avg_trip_distance": 122.85139, "avg_trip_duration": 1.3465334, "total_trip_distance": 82422.516, "total_trip_duration": 904.9466, "total_freight_value": 9323575.0, "trip_transport_costs": 488908.0, "cst_per_tonne": 21.0, "cst_per_tonne_km": 0.1586854822736332, "co2_tn": 243.28984}], "LGA_21370": [{"industry": "grains", "sector": "cropping", "trips_count": 31, "trailer_loads": 204.8184999999999, "tonnes": 4904.641, "tonne_kms": 1484792.6, "tonnes_per_trailer": 23.064539, "avg_trip_distance": 252.16945, "avg_trip_duration": 2.8394623, "total_trip_distance": 41375.78, "total_trip_duration": 464.61948, "total_freight_value": 1955909.0, "trip_transport_costs": 231390.0, "cst_per_tonne": 47.0, "cst_per_tonne_km": 0.15583986111518014, "co2_tn": 122.697334}, {"industry": "livestock", "sector": "livestock", "trips_count": 9, "trailer_loads": 113.57569, "tonnes": 2426.667, "tonne_kms": 768856.25, "tonnes_per_trailer": 20.666681, "avg_trip_distance": 286.04956, "avg_trip_duration": 3.1123402, "total_trip_distance": 23921.012, "total_trip_duration": 260.00192, "total_freight_value": 15226000.0, "trip_transport_costs": 132204.0, "cst_per_tonne": 54.0, "cst_per_tonne_km": 0.17194833526565434, "co2_tn": 70.48053}], "LGA_21750": [{"industry": "grains", "sector": "cropping", "trips_count": 27, "trailer_loads": 97.12277999999999, "tonnes": 2233.826, "tonne_kms": 844148.9, "tonnes_per_trailer": 23.000023, "avg_trip_distance": 283.18588, "avg_trip_duration": 3.2504094, "total_trip_distance": 24241.51, "total_trip_duration": 278.65863, "total_freight_value": 670148.0, "trip_transport_costs": 138007.0, "cst_per_tonne": 62.0, "cst_per_tonne_km": 0.16348676320433184, "co2_tn": 72.96161}], "LGA_21830": [{"industry": "grains", "sector": "cropping", "trips_count": 94, "trailer_loads": 2585.2118899999923, "tonnes": 64241.848, "tonne_kms": 19947844.0, "tonnes_per_trailer": 23.85108, "avg_trip_distance": 283.1475, "avg_trip_duration": 3.2519035, "total_trip_distance": 534965.3, "total_trip_duration": 6052.3784, "total_freight_value": 25590744.0, "trip_transport_costs": 2998100.0, "cst_per_tonne": 47.0, "cst_per_tonne_km": 0.150296946036029, "co2_tn": 1590.3041}], "LGA_22250": [{"industry": "grains", "sector": "cropping", "trips_count": 23, "trailer_loads": 126.39115999999994, "tonnes": 3015.8987, "tonne_kms": 600826.3, "tonnes_per_trailer": 23.260897, "avg_trip_distance": 188.32477, "avg_trip_duration": 2.099707, "total_trip_distance": 16916.373, "total_trip_duration": 186.84201, "total_freight_value": 968218.0, "trip_transport_costs": 96946.0, "cst_per_tonne": 32.0, "cst_per_tonne_km": 0.1613547357722245, "co2_tn": 50.25277}], "LGA_22410": [{"industry": "grains", "sector": "cropping", "trips_count": 33, "trailer_loads": 334.1183600000005, "tonnes": 8216.269, "tonne_kms": 2110018.8, "tonnes_per_trailer": 23.848495, "avg_trip_distance": 221.9417, "avg_trip_duration": 2.488259, "total_trip_distance": 56932.965, "total_trip_duration": 625.3104, "total_freight_value": 3254371.0, "trip_transport_costs": 321403.0, "cst_per_tonne": 39.0, "cst_per_tonne_km": 0.15232256236892888, "co2_tn": 169.25331}, {"industry": "livestock", "sector": "livestock", "trips_count": 7, "trailer_loads": 35.0, "tonnes": 700.0, "tonne_kms": 177705.7, "tonnes_per_trailer": 20.0, "avg_trip_distance": 211.55441, "avg_trip_duration": 2.3106785, "total_trip_distance": 5923.5234, "total_trip_duration": 64.699, "total_freight_value": 1246500.0, "trip_transport_costs": 33264.0, "cst_per_tonne": 48.0, "cst_per_tonne_km": 0.18718564571735313, "co2_tn": 17.46435}], "LGA_22830": [{"industry": "grains", "sector": "cropping", "trips_count": 12, "trailer_loads": 55.34744000000002, "tonnes": 1304.5502, "tonne_kms": 469457.16, "tonnes_per_trailer": 23.16669, "avg_trip_distance": 295.474, "avg_trip_duration": 3.4129941, "total_trip_distance": 13187.886, "total_trip_duration": 151.59091, "total_freight_value": 434757.0, "trip_transport_costs": 74908.0, "cst_per_tonne": 57.0, "cst_per_tonne_km": 0.15956370823142874, "co2_tn": 39.799904}], "LGA_22980": [{"industry": "grains", "sector": "cropping", "trips_count": 233, "trailer_loads": 5630.997629999997, "tonnes": 140571.8, "tonne_kms": 4446149.5, "tonnes_per_trailer": 24.87125, "avg_trip_distance": 30.860296, "avg_trip_duration": 0.35834998, "total_trip_distance": 124595.85, "total_trip_duration": 1432.1606, "total_freight_value": 59993205.0, "trip_transport_costs": 995094.0, "cst_per_tonne": 7.0, "cst_per_tonne_km": 0.22381018847581932, "co2_tn": 357.74188}, {"industry": "waste", "sector": "waste", "trips_count": 22, "trailer_loads": 475.2000000000002, "tonnes": 4752.0, "tonne_kms": 39764.953, "tonnes_per_trailer": 10.0, "avg_trip_distance": 8.215899, "avg_trip_duration": 0.13678066, "total_trip_distance": 3976.495, "total_trip_duration": 66.20184, "total_freight_value": 475200.0, "trip_transport_costs": 49835.0, "cst_per_tonne": 10.0, "cst_per_tonne_km": 1.2532306630082553, "co2_tn": 10.051779}], "LGA_23190": [{"industry": "grains", "sector": "cropping", "trips_count": 105, "trailer_loads": 2229.0698899999993, "tonnes": 55651.836, "tonne_kms": 5211759.0, "tonnes_per_trailer": 24.885715, "avg_trip_distance": 91.01482, "avg_trip_duration": 0.9802458, "total_trip_distance": 139137.38, "total_trip_duration": 1498.2554, "total_freight_value": 26578446.0, "trip_transport_costs": 859730.0, "cst_per_tonne": 15.0, "cst_per_tonne_km": 0.164959649302596, "co2_tn": 409.1952}], "LGA_23940": [{"industry": "grains", "sector": "cropping", "trips_count": 32, "trailer_loads": 514.1920200000002, "tonnes": 12768.471, "tonne_kms": 2891228.8, "tonnes_per_trailer": 24.250017, "avg_trip_distance": 210.90625, "avg_trip_duration": 2.3138838, "total_trip_distance": 77693.59, "total_trip_duration": 847.08936, "total_freight_value": 5274276.0, "trip_transport_costs": 438050.0, "cst_per_tonne": 34.0, "cst_per_tonne_km": 0.15150994332521575, "co2_tn": 229.10654}], "LGA_24900": [{"industry": "grains", "sector": "cropping", "trips_count": 9, "trailer_loads": 77.62821, "tonnes": 1890.3407, "tonne_kms": 677247.5, "tonnes_per_trailer": 23.444456, "avg_trip_distance": 313.9835, "avg_trip_duration": 3.5012834, "total_trip_distance": 18587.303, "total_trip_duration": 204.40921, "total_freight_value": 1088963.0, "trip_transport_costs": 102441.0, "cst_per_tonne": 54.0, "cst_per_tonne_km": 0.15126120141870217, "co2_tn": 54.85763}], "LGA_25490": [{"industry": "grains", "sector": "cropping", "trips_count": 56, "trailer_loads": 261.21414999999985, "tonnes": 6163.453, "tonne_kms": 1864718.9, "tonnes_per_trailer": 23.214306, "avg_trip_distance": 248.98663, "avg_trip_duration": 2.908779, "total_trip_distance": 51987.52, "total_trip_duration": 600.5328, "total_freight_value": 2237835.0,