{"orig_lga": "LGA_26670", "orig_name": "Towong (S)", "orig_state": "VIC", "fetched_at": "2026-03-12T07:48:00.123952+00:00", "destinations": {"LGA_10050": [{"industry": "livestock", "sector": "livestock", "trips_count": 34, "trailer_loads": 1900.8000000000009, "tonnes": 47520.0, "tonne_kms": 5153191.0, "tonnes_per_trailer": 25.0, "avg_trip_distance": 92.721855, "avg_trip_duration": 1.0657576, "total_trip_distance": 174364.02, "total_trip_duration": 2020.0786, "total_freight_value": 76032000.0, "trip_transport_costs": 943968.0, "cst_per_tonne": 20.0, "cst_per_tonne_km": 0.18318128730971014, "co2_tn": 435.3671}, {"industry": "wood_product", "sector": "wood_product", "trips_count": 10, "trailer_loads": 458.33359999999993, "tonnes": 9166.667, "tonne_kms": 996014.2, "tonnes_per_trailer": 19.999983, "avg_trip_distance": 108.41794, "avg_trip_duration": 1.237885, "total_trip_distance": 49800.71, "total_trip_duration": 568.29724, "total_freight_value": 13750000.0, "trip_transport_costs": 242478.0, "cst_per_tonne": 26.0, "cst_per_tonne_km": 0.24344811392621352, "co2_tn": 109.767044}], "LGA_13340": [], "LGA_17080": [{"industry": "wood_product", "sector": "wood_product", "trips_count": 16, "trailer_loads": 1542.1463, "tonnes": 30842.91, "tonne_kms": 3398584.0, "tonnes_per_trailer": 19.999989, "avg_trip_distance": 120.96858, "avg_trip_duration": 1.3543316, "total_trip_distance": 147034.53, "total_trip_duration": 1646.0443, "total_freight_value": 46264380.0, "trip_transport_costs": 769278.0, "cst_per_tonne": 25.0, "cst_per_tonne_km": 0.22635255617670477, "co2_tn": 357.88278}], "LGA_20830": [{"industry": "livestock", "sector": "livestock", "trips_count": 10, "trailer_loads": 284.2909, "tonnes": 6940.0, "tonne_kms": 3274252.5, "tonnes_per_trailer": 21.900005, "avg_trip_distance": 451.09122, "avg_trip_duration": 5.062595, "total_trip_distance": 89554.33, "total_trip_duration": 1024.4238, "total_freight_value": 12455000.0, "trip_transport_costs": 514165.0, "cst_per_tonne": 74.0, "cst_per_tonne_km": 0.1570329241058646, "co2_tn": 267.81757}], "LGA_22110": [{"industry": "livestock", "sector": "livestock", "trips_count": 11, "trailer_loads": 218.8, "tonnes": 5180.0, "tonne_kms": 1288429.5, "tonnes_per_trailer": 20.454546, "avg_trip_distance": 259.82123, "avg_trip_duration": 3.2245061, "total_trip_distance": 54258.684, "total_trip_duration": 678.19135, "total_freight_value": 9056000.0, "trip_transport_costs": 261505.0, "cst_per_tonne": 50.0, "cst_per_tonne_km": 0.20296412441040138, "co2_tn": 122.96399}], "LGA_23350": [{"industry": "livestock", "sector": "livestock", "trips_count": 30, "trailer_loads": 1078.6000000000004, "tonnes": 26540.0, "tonne_kms": 2158922.8, "tonnes_per_trailer": 23.333334, "avg_trip_distance": 77.0614, "avg_trip_duration": 0.95286167, "total_trip_distance": 57337.387, "total_trip_duration": 742.43787, "total_freight_value": 43407500.0, "trip_transport_costs": 391576.0, "cst_per_tonne": 15.0, "cst_per_tonne_km": 0.1813755534864878, "co2_tn": 179.87164}], "LGA_24900": [{"industry": "livestock", "sector": "livestock", "trips_count": 10, "trailer_loads": 50.0, "tonnes": 1000.0, "tonne_kms": 195854.7, "tonnes_per_trailer": 20.0, "avg_trip_distance": 158.15408, "avg_trip_duration": 1.8194389, "total_trip_distance": 6326.1636, "total_trip_duration": 72.77756, "total_freight_value": 2155000.0, "trip_transport_costs": 37570.0, "cst_per_tonne": 38.0, "cst_per_tonne_km": 0.1918280986020329, "co2_tn": 19.428473}], "LGA_26670": [{"industry": "livestock", "sector": "livestock", "trips_count": 6, "trailer_loads": 42.0, "tonnes": 420.0, "tonne_kms": 13115.82, "tonnes_per_trailer": 10.0, "avg_trip_distance": 28.818, "avg_trip_duration": 0.41744167, "total_trip_distance": 1028.786, "total_trip_duration": 15.314333, "total_freight_value": 2940000.0, "trip_transport_costs": 8178.0, "cst_per_tonne": 19.0, "cst_per_tonne_km": 0.6235183275505184, "co2_tn": 2.9428127}, {"industry": "waste", "sector": "waste", "trips_count": 16, "trailer_loads": 604.8000000000001, "tonnes": 6048.0, "tonne_kms": 224630.53, "tonnes_per_trailer": 10.0, "avg_trip_distance": 37.30276, "avg_trip_duration": 0.4145937, "total_trip_distance": 18824.7, "total_trip_duration": 213.38794, "total_freight_value": 604800.0, "trip_transport_costs": 125739.0, "cst_per_tonne": 21.0, "cst_per_tonne_km": 0.5597590831705312, "co2_tn": 47.024807}], "LGA_27170": [{"industry": "livestock", "sector": "livestock", "trips_count": 6, "trailer_loads": 34.54545, "tonnes": 400.0, "tonne_kms": 34329.56, "tonnes_per_trailer": 12.000004, "avg_trip_distance": 80.60278, "avg_trip_duration": 0.9306646, "total_trip_distance": 2158.2627, "total_trip_duration": 24.94985, "total_freight_value": 2898000.0, "trip_transport_costs": 13343.0, "cst_per_tonne": 33.0, "cst_per_tonne_km": 0.3886843433199819, "co2_tn": 6.209264}]}}