{"orig_lga": "LGA_24130", "orig_name": "Macedon Ranges (S)", "orig_state": "VIC", "fetched_at": "2026-03-12T07:25:20.342016+00:00", "destinations": {"LGA_20570": [{"industry": "livestock", "sector": "livestock", "trips_count": 18, "trailer_loads": 204.54545000000002, "tonnes": 2300.0, "tonne_kms": 219515.72, "tonnes_per_trailer": 11.777779, "avg_trip_distance": 93.74457, "avg_trip_duration": 1.1296701, "total_trip_distance": 13291.285, "total_trip_duration": 161.24591, "total_freight_value": 14080000.0, "trip_transport_costs": 83219.0, "cst_per_tonne": 36.0, "cst_per_tonne_km": 0.37910409206619317, "co2_tn": 39.33905}], "LGA_21830": [], "LGA_22620": [{"industry": "meat", "sector": "cold_food", "trips_count": 12, "trailer_loads": 66.11522000000001, "tonnes": 1061.1177, "tonne_kms": 80416.805, "tonnes_per_trailer": 16.750036, "avg_trip_distance": 52.647766, "avg_trip_duration": 0.56732637, "total_trip_distance": 4323.9707, "total_trip_duration": 47.0013, "total_freight_value": 25964156.0, "trip_transport_costs": 24180.0, "cst_per_tonne": 23.0, "cst_per_tonne_km": 0.30068878474318034, "co2_tn": 10.821087}], "LGA_22830": [{"industry": "livestock", "sector": "livestock", "trips_count": 9, "trailer_loads": 52.0, "tonnes": 920.0, "tonne_kms": 143979.34, "tonnes_per_trailer": 17.777779, "avg_trip_distance": 136.48486, "avg_trip_duration": 1.4821746, "total_trip_distance": 5349.8896, "total_trip_duration": 58.09019, "total_freight_value": 2564000.0, "trip_transport_costs": 31204.0, "cst_per_tonne": 34.0, "cst_per_tonne_km": 0.21672247730740013, "co2_tn": 15.820969}], "LGA_24130": [{"industry": "meat", "sector": "cold_food", "trips_count": 13, "trailer_loads": 42.949980000000004, "tonnes": 773.09973, "tonne_kms": 8229.485, "tonnes_per_trailer": 18.000046, "avg_trip_distance": 13.056848, "avg_trip_duration": 0.1442488, "total_trip_distance": 457.1936, "total_trip_duration": 5.3488164, "total_freight_value": 25512267.0, "trip_transport_costs": 4767.0, "cst_per_tonne": 6.0, "cst_per_tonne_km": 0.5792082693375918, "co2_tn": 1.0220275}, {"industry": "livestock", "sector": "livestock", "trips_count": 6, "trailer_loads": 55.90905, "tonnes": 1200.0, "tonne_kms": 12988.9, "tonnes_per_trailer": 21.33335, "avg_trip_distance": 9.881144, "avg_trip_duration": 0.11513327, "total_trip_distance": 535.3509, "total_trip_duration": 6.148111, "total_freight_value": 6208500.0, "trip_transport_costs": 5921.0, "cst_per_tonne": 5.0, "cst_per_tonne_km": 0.4558283438781941, "co2_tn": 1.2948223}, {"industry": "waste", "sector": "waste", "trips_count": 114, "trailer_loads": 5512.320000000007, "tonnes": 55123.203, "tonne_kms": 931711.2, "tonnes_per_trailer": 10.0, "avg_trip_distance": 12.030167, "avg_trip_duration": 0.15878406, "total_trip_distance": 79880.234, "total_trip_duration": 1012.8071, "total_freight_value": 5512320.0, "trip_transport_costs": 725356.0, "cst_per_tonne": 13.0, "cst_per_tonne_km": 0.7785201759655822, "co2_tn": 201.03894}], "LGA_24650": [], "LGA_25490": [{"industry": "livestock", "sector": "livestock", "trips_count": 8, "trailer_loads": 80.9091, "tonnes": 1700.0, "tonne_kms": 372134.6, "tonnes_per_trailer": 20.25, "avg_trip_distance": 201.72035, "avg_trip_duration": 2.328916, "total_trip_distance": 12208.292, "total_trip_duration": 141.18495, "total_freight_value": 7286000.0, "trip_transport_costs": 68798.0, "cst_per_tonne": 40.0, "cst_per_tonne_km": 0.1848737050478712, "co2_tn": 35.43426}], "LGA_27260": [{"industry": "meat", "sector": "cold_food", "trips_count": 9, "trailer_loads": 281.06233, "tonnes": 4817.328, "tonne_kms": 377686.1, "tonnes_per_trailer": 16.333323, "avg_trip_distance": 72.49097, "avg_trip_duration": 0.7852169, "total_trip_distance": 14520.247, "total_trip_duration": 159.24881, "total_freight_value": 141997975.0, "trip_transport_costs": 94269.0, "cst_per_tonne": 20.0, "cst_per_tonne_km": 0.2495966799634369, "co2_tn": 43.093914}]}}