{"orig_lga": "LGA_33220", "orig_name": "Fraser Coast (R)", "orig_state": "QLD", "fetched_at": "2026-03-12T07:08:51.403872+00:00", "destinations": {"LGA_31000": [{"industry": "vegetables", "sector": "horticulture", "trips_count": 9, "trailer_loads": 25.251270599999998, "tonnes": 530.277, "tonne_kms": 123655.37, "tonnes_per_trailer": 21.000008, "avg_trip_distance": 118.4691, "avg_trip_duration": 1.271398, "total_trip_distance": 5888.3506, "total_trip_duration": 63.115692, "total_freight_value": 2386242.0, "trip_transport_costs": 26693.0, "cst_per_tonne": 50.0, "cst_per_tonne_km": 0.2158671816493444, "co2_tn": 12.883672}, {"industry": "fruit", "sector": "horticulture", "trips_count": 184, "trailer_loads": 166.12418701799996, "tonnes": 3478.065, "tonne_kms": 919296.2, "tonnes_per_trailer": 18.63044, "avg_trip_distance": 57.219986, "avg_trip_duration": 0.6298773, "total_trip_distance": 43833.574, "total_trip_duration": 484.61328, "total_freight_value": 10986145.0, "trip_transport_costs": 198975.0, "cst_per_tonne": 57.0, "cst_per_tonne_km": 0.21644275751318873, "co2_tn": 96.50451}, {"industry": "livestock", "sector": "livestock", "trips_count": 7, "trailer_loads": 263.74545, "tonnes": 6580.0, "tonne_kms": 1768092.2, "tonnes_per_trailer": 24.571432, "avg_trip_distance": 255.79366, "avg_trip_duration": 2.84488, "total_trip_distance": 70845.82, "total_trip_duration": 787.28827, "total_freight_value": 10986000.0, "trip_transport_costs": 319569.0, "cst_per_tonne": 49.0, "cst_per_tonne_km": 0.18074201952123467, "co2_tn": 155.82234}, {"industry": "wood_product", "sector": "wood_product", "trips_count": 293, "trailer_loads": 1568.791598999991, "tonnes": 31007.324, "tonne_kms": 8078677.0, "tonnes_per_trailer": 23.614365, "avg_trip_distance": 185.91966, "avg_trip_duration": 2.0354993, "total_trip_distance": 428447.88, "total_trip_duration": 4703.407, "total_freight_value": 65665935.0, "trip_transport_costs": 1840716.0, "cst_per_tonne": 59.0, "cst_per_tonne_km": 0.2278487124224493, "co2_tn": 878.2003}], "LGA_31820": [{"industry": "sugar", "sector": "cropping", "trips_count": 335, "trailer_loads": 28757.706499999957, "tonnes": 776453.3, "tonne_kms": 53107720.0, "tonnes_per_trailer": 26.999939, "avg_trip_distance": 68.21325, "avg_trip_duration": 0.7454597, "total_trip_distance": 1916819.2, "total_trip_duration": 20947.639, "total_freight_value": 46587445.0, "trip_transport_costs": 9997074.0, "cst_per_tonne": 13.0, "cst_per_tonne_km": 0.18824144734748546, "co2_tn": 4268.9043}], "LGA_33220": [{"industry": "waste", "sector": "waste", "trips_count": 261, "trailer_loads": 9603.36000000003, "tonnes": 96033.6, "tonne_kms": 1509217.6, "tonnes_per_trailer": 10.0, "avg_trip_distance": 11.577408, "avg_trip_duration": 0.16841508, "total_trip_distance": 150921.75, "total_trip_duration": 1994.4708, "total_freight_value": 9603360.0, "trip_transport_costs": 1278872.0, "cst_per_tonne": 13.0, "cst_per_tonne_km": 0.8473742035763812, "co2_tn": 343.68338}, {"industry": "wood_product", "sector": "wood_product", "trips_count": 152, "trailer_loads": 11713.286640000017, "tonnes": 236401.14, "tonne_kms": 7609110.5, "tonnes_per_trailer": 21.486858, "avg_trip_distance": 35.37911, "avg_trip_duration": 0.4276589, "total_trip_distance": 379223.6, "total_trip_duration": 4541.5254, "total_freight_value": 364796661.0, "trip_transport_costs": 2378822.0, "cst_per_tonne": 10.0, "cst_per_tonne_km": 0.3126280856492867, "co2_tn": 833.9228}], "LGA_33360": [{"industry": "wood_product", "sector": "wood_product", "trips_count": 594, "trailer_loads": 5185.145157000009, "tonnes": 129155.17, "tonne_kms": 39200600.0, "tonnes_per_trailer": 24.989897, "avg_trip_distance": 289.56064, "avg_trip_duration": 3.285788, "total_trip_distance": 1569430.5, "total_trip_duration": 17803.865, "total_freight_value": 179428510.0, "trip_transport_costs": 7110226.0, "cst_per_tonne": 55.0, "cst_per_tonne_km": 0.18138055009591292, "co2_tn": 3452.4797}], "LGA_33430": [{"industry": "fruit", "sector": "horticulture", "trips_count": 10, "trailer_loads": 23.1014252, "tonnes": 482.7305, "tonne_kms": 155642.73, "tonnes_per_trailer": 17.400007, "avg_trip_distance": 84.64673, "avg_trip_duration": 0.91663885, "total_trip_distance": 7438.637, "total_trip_duration": 81.191605, "total_freight_value": 1546741.0, "trip_transport_costs": 33406.0, "cst_per_tonne": 69.0, "cst_per_tonne_km": 0.21463351669290043, "co2_tn": 16.314627}, {"industry": "wood_product", "sector": "wood_product", "trips_count": 42, "trailer_loads": 404.9187, "tonnes": 8184.6953, "tonne_kms": 2789380.8, "tonnes_per_trailer": 20.047619, "avg_trip_distance": 340.93915, "avg_trip_duration": 3.7315826, "total_trip_distance": 152777.72, "total_trip_duration": 1670.3032, "total_freight_value": 37125335.0, "trip_transport_costs": 625350.0, "cst_per_tonne": 76.0, "cst_per_tonne_km": 0.22418965836156018, "co2_tn": 296.58017}], "LGA_33620": [{"industry": "livestock", "sector": "livestock", "trips_count": 9, "trailer_loads": 120.94545000000001, "tonnes": 2860.0, "tonne_kms": 267647.03, "tonnes_per_trailer": 21.333336, "avg_trip_distance": 81.816216, "avg_trip_duration": 0.9371401, "total_trip_distance": 11227.26, "total_trip_duration": 128.42093, "total_freight_value": 5367000.0, "trip_transport_costs": 55725.0, "cst_per_tonne": 19.0, "cst_per_tonne_km": 0.20820299934805106, "co2_tn": 24.740534}, {"industry": "wood_product", "sector": "wood_product", "trips_count": 176, "trailer_loads": 6750.12399, "tonnes": 135938.36, "tonne_kms": 9856668.0, "tonnes_per_trailer": 20.255686, "avg_trip_distance": 69.37386, "avg_trip_duration": 0.7924648, "total_trip_distance": 493709.34, "total_trip_duration": 5510.989, "total_freight_value": 463320516.0, "trip_transport_costs": 2512269.0, "cst_per_tonne": 18.0, "cst_per_tonne_km": 0.25488011031692104, "co2_tn": 1074.2441}], "LGA_34590": [{"industry": "wood_product", "sector": "wood_product", "trips_count": 9, "trailer_loads": 242.04539999999997, "tonnes": 4840.912, "tonne_kms": 1468271.6, "tonnes_per_trailer": 20.00001, "avg_trip_distance": 302.73868, "avg_trip_duration": 3.3303957, "total_trip_distance": 131746.98, "total_trip_duration": 1445.0463, "total_freight_value": 24204540.0, "trip_transport_costs": 367592.0, "cst_per_tonne": 76.0, "cst_per_tonne_km": 0.25035716486659104, "co2_tn": 136.40999}], "LGA_35010": [{"industry": "wood_product", "sector": "wood_product", "trips_count": 27, "trailer_loads": 2244.0878599999996, "tonnes": 45069.227, "tonne_kms": 10928231.0, "tonnes_per_trailer": 20.925938, "avg_trip_distance": 217.01111, "avg_trip_duration": 2.406483, "total_trip_distance": 517815.97, "total_trip_duration": 5709.133, "total_freight_value": 69422465.0, "trip_transport_costs": 2415992.0, "cst_per_tonne": 54.0, "cst_per_tonne_km": 0.22107801587144743, "co2_tn": 1180.4755}], "LGA_35760": [{"industry": "livestock", "sector": "livestock", "trips_count": 8, "trailer_loads": 51.0, "tonnes": 978.0, "tonne_kms": 89774.234, "tonnes_per_trailer": 19.5, "avg_trip_distance": 92.37688, "avg_trip_duration": 1.0164666, "total_trip_distance": 4664.742, "total_trip_duration": 50.9229, "total_freight_value": 2680260.0, "trip_transport_costs": 23279.0, "cst_per_tonne": 24.0, "cst_per_tonne_km": 0.25930336515755836, "co2_tn": 10.256858}], "LGA_36580": [{"industry": "livestock", "sector": "livestock", "trips_count": 6, "trailer_loads": 28.181799999999996, "tonnes": 600.0, "tonne_kms": 153628.11, "tonnes_per_trailer": 21.33335, "avg_trip_distance": 211.3945, "avg_trip_duration": 2.3601897, "total_trip_distance": 6341.835, "total_trip_duration": 70.80569, "total_freight_value": 2903000.0, "trip_transport_costs": 30908.0, "cst_per_tonne": 52.0, "cst_per_tonne_km": 0.20118485511226938, "co2_tn": 15.323006}], "LGA_36720": [{"industry": "livestock", "sector": "livestock", "trips_count": 17, "trailer_loads": 734.4000000000002, "tonnes": 18360.0, "tonne_kms": 3211875.8, "tonnes_per_trailer": 25.0, "avg_trip_distance": 171.75806, "avg_trip_duration": 1.9556009,