{"orig_lga": "LGA_17200", "orig_name": "Sydney (C)", "orig_state": "NSW", "fetched_at": "2026-03-16T09:16:35.025915+00:00", "destinations": {"LGA_11100": [{"commodity": "Household Waste", "industry": "waste", "sector": "waste", "trips_count": 434, "trailer_loads": 9374.400000000076, "tonnes": 93744.0, "tonne_kms": 1022393.7, "tonnes_per_trailer": 10.0, "avg_trip_distance": 10.707935, "avg_trip_duration": 0.17718032, "total_trip_distance": 102239.37, "total_trip_duration": 1691.7178, "total_freight_value": 9374400.0, "trip_transport_costs": 1085269.0, "cst_per_tonne": 12.0, "cst_per_tonne_km": 1.0614978514690006, "co2_tn": 245.16832}], "LGA_11650": [], "LGA_14170": [], "LGA_14900": [], "LGA_15990": [], "LGA_16260": [], "LGA_16350": [], "LGA_16550": [], "LGA_16700": [], "LGA_17200": [], "LGA_17420": [], "LGA_18250": [], "LGA_89399": []}}