{"orig_lga": "LGA_14700", "orig_name": "Lane Cove (A)", "orig_state": "NSW", "fetched_at": "2026-03-12T07:22:44.945840+00:00", "destinations": {"LGA_10750": [{"industry": "fuel", "sector": "fuel", "trips_count": 12, "trailer_loads": 987.6329, "tonnes": 24690.836, "tonne_kms": 907396.44, "tonnes_per_trailer": 25.000002, "avg_trip_distance": 36.36062, "avg_trip_duration": 0.4902956, "total_trip_distance": 25991.934, "total_trip_duration": 351.10828, "total_freight_value": 44443510.0, "trip_transport_costs": 200686.0, "cst_per_tonne": 8.0, "cst_per_tonne_km": 0.2211665512767194, "co2_tn": 75.885}], "LGA_11570": [{"industry": "fuel", "sector": "fuel", "trips_count": 17, "trailer_loads": 1481.4503, "tonnes": 37036.25, "tonne_kms": 1052529.0, "tonnes_per_trailer": 24.999989, "avg_trip_distance": 28.61855, "avg_trip_duration": 0.46495137, "total_trip_distance": 34131.84, "total_trip_duration": 549.45245, "total_freight_value": 66665270.0, "trip_transport_costs": 274999.0, "cst_per_tonne": 7.0, "cst_per_tonne_km": 0.2612743836252077, "co2_tn": 94.05695}], "LGA_15990": [{"industry": "fuel", "sector": "fuel", "trips_count": 12, "trailer_loads": 987.6331, "tonnes": 24690.836, "tonne_kms": 528326.3, "tonnes_per_trailer": 25.0, "avg_trip_distance": 21.280825, "avg_trip_duration": 0.35258776, "total_trip_distance": 19610.285, "total_trip_duration": 325.24875, "total_freight_value": 44443510.0, "trip_transport_costs": 160999.0, "cst_per_tonne": 7.0, "cst_per_tonne_km": 0.30473338764892105, "co2_tn": 49.30874}], "LGA_16260": [{"industry": "fuel", "sector": "fuel", "trips_count": 8, "trailer_loads": 658.4214999999999, "tonnes": 16460.54, "tonne_kms": 360621.62, "tonnes_per_trailer": 24.999983, "avg_trip_distance": 21.673029, "avg_trip_duration": 0.31749177, "total_trip_distance": 14424.864, "total_trip_duration": 211.33684, "total_freight_value": 29629011.0, "trip_transport_costs": 108497.0, "cst_per_tonne": 7.0, "cst_per_tonne_km": 0.30086146901331484, "co2_tn": 33.603397}, {"industry": "waste", "sector": "waste", "trips_count": 6, "trailer_loads": 129.6, "tonnes": 1296.0, "tonne_kms": 20775.96, "tonnes_per_trailer": 10.0, "avg_trip_distance": 15.739364, "avg_trip_duration": 0.2518882, "total_trip_distance": 2077.596, "total_trip_duration": 33.24924, "total_freight_value": 129600.0, "trip_transport_costs": 18088.0, "cst_per_tonne": 14.0, "cst_per_tonne_km": 0.8706441216429901, "co2_tn": 4.881663}], "LGA_89399": [{"industry": "fuel", "sector": "fuel", "trips_count": 16, "trailer_loads": 2150.1121000000003, "tonnes": 53752.848, "tonne_kms": 15436394.0, "tonnes_per_trailer": 25.000027, "avg_trip_distance": 285.8592, "avg_trip_duration": 3.1534824, "total_trip_distance": 411637.2, "total_trip_duration": 4541.0137, "total_freight_value": 96755200.0, "trip_transport_costs": 2302298.0, "cst_per_tonne": 43.0, "cst_per_tonne_km": 0.14914740561736764, "co2_tn": 1227.4644}]}}