{"orig_lga": "LGA_14850", "orig_name": "Lismore (C)", "orig_state": "NSW", "fetched_at": "2026-03-12T07:23:26.903138+00:00", "destinations": {"LGA_11350": [{"industry": "meat", "sector": "cold_food", "trips_count": 9, "trailer_loads": 202.36639999999997, "tonnes": 2630.763, "tonne_kms": 125073.336, "tonnes_per_trailer": 13.000002, "avg_trip_distance": 48.04784, "avg_trip_duration": 0.636672, "total_trip_distance": 7222.376, "total_trip_duration": 95.52071, "total_freight_value": 15784590.0, "trip_transport_costs": 49965.0, "cst_per_tonne": 19.0, "cst_per_tonne_km": 0.399484252582563, "co2_tn": 20.0902}], "LGA_11730": [{"industry": "livestock", "sector": "livestock", "trips_count": 6, "trailer_loads": 38.6364, "tonnes": 800.0, "tonne_kms": 113560.195, "tonnes_per_trailer": 20.333324, "avg_trip_distance": 121.96947, "avg_trip_duration": 1.387493, "total_trip_distance": 3662.7583, "total_trip_duration": 41.786835, "total_freight_value": 2931500.0, "trip_transport_costs": 21852.0, "cst_per_tonne": 27.0, "cst_per_tonne_km": 0.1924230605773851, "co2_tn": 10.955669}], "LGA_14550": [], "LGA_14850": [{"industry": "grains", "sector": "cropping", "trips_count": 19, "trailer_loads": 231.56736000000006, "tonnes": 5789.1846, "tonne_kms": 71888.46, "tonnes_per_trailer": 25.000006, "avg_trip_distance": 12.139268, "avg_trip_duration": 0.17576724, "total_trip_distance": 2705.565, "total_trip_duration": 40.299923, "total_freight_value": 2894592.0, "trip_transport_costs": 27631.0, "cst_per_tonne": 5.0, "cst_per_tonne_km": 0.38435363460598604, "co2_tn": 6.6441903}, {"industry": "livestock", "sector": "livestock", "trips_count": 16, "trailer_loads": 423.79999999999995, "tonnes": 10420.0, "tonne_kms": 127847.38, "tonnes_per_trailer": 22.8125, "avg_trip_distance": 12.1235285, "avg_trip_duration": 0.18087846, "total_trip_distance": 5093.947, "total_trip_duration": 75.54479, "total_freight_value": 17060500.0, "trip_transport_costs": 50719.0, "cst_per_tonne": 5.0, "cst_per_tonne_km": 0.39671422003407986, "co2_tn": 12.1444645}, {"industry": "waste", "sector": "waste", "trips_count": 115, "trailer_loads": 4246.559999999998, "tonnes": 42465.6, "tonne_kms": 241182.14, "tonnes_per_trailer": 10.0, "avg_trip_distance": 8.714492, "avg_trip_duration": 0.14835003, "total_trip_distance": 24118.215, "total_trip_duration": 407.92572, "total_freight_value": 4246560.0, "trip_transport_costs": 384514.0, "cst_per_tonne": 9.0, "cst_per_tonne_km": 1.594289108895721, "co2_tn": 58.949986}], "LGA_16610": [{"industry": "grains", "sector": "cropping", "trips_count": 15, "trailer_loads": 89.60750000000002, "tonnes": 2240.1885, "tonne_kms": 80420.445, "tonnes_per_trailer": 25.000006, "avg_trip_distance": 36.29996, "avg_trip_duration": 0.42106882, "total_trip_distance": 2203.8892, "total_trip_duration": 25.411427, "total_freight_value": 1120094.0, "trip_transport_costs": 17145.0, "cst_per_tonne": 8.0, "cst_per_tonne_km": 0.21319581901385556, "co2_tn": 6.4497733}, {"industry": "sugar", "sector": "cropping", "trips_count": 46, "trailer_loads": 4737.586, "tonnes": 127914.5, "tonne_kms": 4271048.5, "tonnes_per_trailer": 26.999931, "avg_trip_distance": 33.248856, "avg_trip_duration": 0.39506882, "total_trip_distance": 113067.18, "total_trip_duration": 1342.9633, "total_freight_value": 7674870.0, "trip_transport_costs": 877864.0, "cst_per_tonne": 7.0, "cst_per_tonne_km": 0.20553824225351955, "co2_tn": 321.87534}, {"industry": "livestock", "sector": "livestock", "trips_count": 15, "trailer_loads": 199.12726, "tonnes": 4560.0, "tonne_kms": 166509.17, "tonnes_per_trailer": 21.333338, "avg_trip_distance": 32.03313, "avg_trip_duration": 0.40489048, "total_trip_distance": 4846.7085, "total_trip_duration": 61.231415, "total_freight_value": 15068000.0, "trip_transport_costs": 38920.0, "cst_per_tonne": 9.0, "cst_per_tonne_km": 0.23374240013770356, "co2_tn": 14.745501}], "LGA_17550": [], "LGA_31000": [{"industry": "dairy_product", "sector": "cold_food", "trips_count": 24, "trailer_loads": 1459.44874, "tonnes": 30079.564, "tonne_kms": 5967752.0, "tonnes_per_trailer": 20.499994, "avg_trip_distance": 129.13863, "avg_trip_duration": 1.4464538, "total_trip_distance": 193390.62, "total_trip_duration": 2145.9727, "total_freight_value": 128423733.0, "trip_transport_costs": 1129565.0, "cst_per_tonne": 38.0, "cst_per_tonne_km": 0.18927812973056846, "co2_tn": 572.3779}, {"industry": "vegetables", "sector": "horticulture", "trips_count": 28, "trailer_loads": 6.328664120000001, "tonnes": 132.90181, "tonne_kms": 25484.63, "tonnes_per_trailer": 21.00001, "avg_trip_distance": 24.67405, "avg_trip_duration": 0.27265462, "total_trip_distance": 913.9091, "total_trip_duration": 10.085522, "total_freight_value": 598059.0, "trip_transport_costs": 4957.0, "cst_per_tonne": 37.0, "cst_per_tonne_km": 0.194522086495927, "co2_tn": 2.4677222}, {"industry": "fruit", "sector": "horticulture", "trips_count": 285, "trailer_loads": 33.89019964000001, "tonnes": 592.19464, "tonne_kms": 110058.28, "tonnes_per_trailer": 16.754389, "avg_trip_distance": 14.524548, "avg_trip_duration": 0.1640267, "total_trip_distance": 4966.6562, "total_trip_duration": 55.942387, "total_freight_value": 2941289.0, "trip_transport_costs": 26427.0, "cst_per_tonne": 45.0, "cst_per_tonne_km": 0.24011805870302164, "co2_tn": 13.035992}, {"industry": "nuts", "sector": "horticulture", "trips_count": 223, "trailer_loads": 136.4164818200001, "tonnes": 2455.4978, "tonne_kms": 455767.3, "tonnes_per_trailer": 17.999998, "avg_trip_distance": 43.266254, "avg_trip_duration": 0.47831494, "total_trip_distance": 17558.64, "total_trip_duration": 192.56772, "total_freight_value": 73664918.0, "trip_transport_costs": 99715.0, "cst_per_tonne": 41.0, "cst_per_tonne_km": 0.21878481026098173, "co2_tn": 50.415417}, {"industry": "wood_product", "sector": "wood_product", "trips_count": 9, "trailer_loads": 8.666662, "tonnes": 216.66681, "tonne_kms": 51563.297, "tonnes_per_trailer": 25.000034, "avg_trip_distance": 134.56421, "avg_trip_duration": 1.5026813, "total_trip_distance": 1375.0212, "total_trip_duration": 15.3453865, "total_freight_value": 303333.0, "trip_transport_costs": 7769.0, "cst_per_tonne": 36.0, "cst_per_tonne_km": 0.1506658983262685, "co2_tn": 4.077293}], "LGA_33430": [{"industry": "meat", "sector": "cold_food", "trips_count": 9, "trailer_loads": 67.45552000000002, "tonnes": 876.9214, "tonne_kms": 121737.29, "tonnes_per_trailer": 12.999997, "avg_trip_distance": 103.94797, "avg_trip_duration": 1.2069504, "total_trip_distance": 7136.9683, "total_trip_duration": 82.96218, "total_freight_value": 5261527.0, "trip_transport_costs": 40050.0, "cst_per_tonne": 46.0, "cst_per_tonne_km": 0.3289887694736866, "co2_tn": 19.275023}, {"industry": "fruit", "sector": "horticulture", "trips_count": 18, "trailer_loads": 0.8456265000000002, "tonnes": 14.667496, "tonne_kms": 2210.149, "tonnes_per_trailer": 16.388882, "avg_trip_distance": 6.092326, "avg_trip_duration": 0.06675585, "total_trip_distance": 109.661865, "total_trip_duration": 1.2016054, "total_freight_value": 65769.0, "trip_transport_costs": 561.0, "cst_per_tonne": 38.0, "cst_per_tonne_km": 0.2539625867793781, "co2_tn": 0.2684176}], "LGA_33960": [{"industry": "livestock", "sector": "livestock", "trips_count": 10, "trailer_loads": 57.27275, "tonnes": 1200.0, "tonne_kms": 265381.1, "tonnes_per_trailer": 20.800001, "avg_trip_distance": 150.3309, "avg_trip_duration": 1.648834, "total_trip_distance": 8780.533, "total_trip_duration": 96.56805, "total_freight_value": 5001000.0, "trip_transport_costs": 49101.0, "cst_per_tonne": 41.0, "cst_per_tonne_km": 0.1850208163569607, "co2_tn": 25.236454}], "LGA_34590": [{"industry": "fruit", "sector": "horticulture", "trips_count": 29, "trailer_loads": 1.5382615, "tonnes": 23.737698, "tonne_kms": 4343.166, "tonnes_per_trailer": 15.689658, "avg_trip_distance": 7.0938225, "avg_trip_duration": 0.07969435, "total_trip_distance": 205.72086, "total_trip_duration": 2.3111362, "total_freight_value": 102992.0,