{"orig_lga": "LGA_11450", "orig_name": "Camden (A)", "orig_state": "NSW", "fetched_at": "2026-03-12T06:56:40.537622+00:00", "destinations": {"LGA_10750": [{"industry": "meat", "sector": "cold_food", "trips_count": 36, "trailer_loads": 225.8293500000001, "tonnes": 2935.7803, "tonne_kms": 111880.29, "tonnes_per_trailer": 12.999992, "avg_trip_distance": 36.91059, "avg_trip_duration": 0.4793033, "total_trip_distance": 5737.451, "total_trip_duration": 74.543236, "total_freight_value": 17614677.0, "trip_transport_costs": 45454.0, "cst_per_tonne": 15.0, "cst_per_tonne_km": 0.40626942258255366, "co2_tn": 17.351236}, {"industry": "fruit", "sector": "horticulture", "trips_count": 14, "trailer_loads": 0.6406158000000001, "tonnes": 6.406158, "tonne_kms": 170.80179, "tonnes_per_trailer": 10.0, "avg_trip_distance": 0.8133418, "avg_trip_duration": 0.010760881, "total_trip_distance": 11.3867855, "total_trip_duration": 0.15065233, "total_freight_value": 35234.0, "trip_transport_costs": 106.0, "cst_per_tonne": 16.0, "cst_per_tonne_km": 0.6177311752132857, "co2_tn": 0.03463289}, {"industry": "vegetables", "sector": "horticulture", "trips_count": 167, "trailer_loads": 46.744673900000016, "tonnes": 599.432, "tonne_kms": 18669.977, "tonnes_per_trailer": 14.628736, "avg_trip_distance": 4.2009645, "avg_trip_duration": 0.05688537, "total_trip_distance": 974.7435, "total_trip_duration": 13.2656, "total_freight_value": 3132469.0, "trip_transport_costs": 8466.0, "cst_per_tonne": 14.0, "cst_per_tonne_km": 0.45346631703114754, "co2_tn": 2.922624}], "LGA_11450": [{"industry": "waste", "sector": "waste", "trips_count": 165, "trailer_loads": 4646.160000000002, "tonnes": 46461.6, "tonne_kms": 254961.75, "tonnes_per_trailer": 10.0, "avg_trip_distance": 6.6586814, "avg_trip_duration": 0.11332301, "total_trip_distance": 25496.176, "total_trip_duration": 444.5547, "total_freight_value": 4646160.0, "trip_transport_costs": 417641.0, "cst_per_tonne": 9.0, "cst_per_tonne_km": 1.6380522680424126, "co2_tn": 63.03929}], "LGA_14900": [{"industry": "meat", "sector": "cold_food", "trips_count": 41, "trailer_loads": 563.1065000000001, "tonnes": 7320.383, "tonne_kms": 100000.76, "tonnes_per_trailer": 12.999997, "avg_trip_distance": 15.363371, "avg_trip_duration": 0.22512777, "total_trip_distance": 7692.366, "total_trip_duration": 114.81072, "total_freight_value": 43922353.0, "trip_transport_costs": 71216.0, "cst_per_tonne": 10.0, "cst_per_tonne_km": 0.7121507506935302, "co2_tn": 17.892721}, {"industry": "vegetables", "sector": "horticulture", "trips_count": 16, "trailer_loads": 9.38307039, "tonnes": 114.94907, "tonne_kms": 2313.262, "tonnes_per_trailer": 13.374998, "avg_trip_distance": 6.1548996, "avg_trip_duration": 0.08960984, "total_trip_distance": 188.70038, "total_trip_duration": 2.762116, "total_freight_value": 451758.0, "trip_transport_costs": 1490.0, "cst_per_tonne": 13.0, "cst_per_tonne_km": 0.6439882536310007, "co2_tn": 0.43297368}], "LGA_18230": [], "LGA_18350": [], "LGA_18400": [{"industry": "meat", "sector": "cold_food", "trips_count": 42, "trailer_loads": 689.2185700000001, "tonnes": 8959.845, "tonne_kms": 335204.22, "tonnes_per_trailer": 13.000005, "avg_trip_distance": 37.789516, "avg_trip_duration": 0.52126807, "total_trip_distance": 25784.94, "total_trip_duration": 357.27426, "total_freight_value": 53759128.0, "trip_transport_costs": 160640.0, "cst_per_tonne": 18.0, "cst_per_tonne_km": 0.4792297450026966, "co2_tn": 58.65394}, {"industry": "livestock", "sector": "livestock", "trips_count": 8, "trailer_loads": 35.0909, "tonnes": 718.0, "tonne_kms": 17202.09, "tonnes_per_trailer": 20.250006, "avg_trip_distance": 25.140217, "avg_trip_duration": 0.36338732, "total_trip_distance": 832.3886, "total_trip_duration": 12.214293, "total_freight_value": 2379560.0, "trip_transport_costs": 6086.0, "cst_per_tonne": 8.0, "cst_per_tonne_km": 0.35379313490423503, "co2_tn": 1.9386678}], "LGA_24600": [], "LGA_31000": [{"industry": "fruit", "sector": "horticulture", "trips_count": 7, "trailer_loads": 0.13717373000000002, "tonnes": 1.3717374, "tonne_kms": 1272.6438, "tonnes_per_trailer": 10.0, "avg_trip_distance": 12.124477, "avg_trip_duration": 0.12668128, "total_trip_distance": 84.87134, "total_trip_duration": 0.886769, "total_freight_value": 7545.0, "trip_transport_costs": 468.0, "cst_per_tonne": 342.0, "cst_per_tonne_km": 0.3681217374460191, "co2_tn": 0.250126}, {"industry": "vegetables", "sector": "horticulture", "trips_count": 15, "trailer_loads": 4.117937820000001, "tonnes": 47.880875, "tonne_kms": 44648.402, "tonnes_per_trailer": 13.266673, "avg_trip_distance": 101.42755, "avg_trip_duration": 1.0562891, "total_trip_distance": 2559.4934, "total_trip_duration": 26.643232, "total_freight_value": 270122.0, "trip_transport_costs": 14109.0, "cst_per_tonne": 295.0, "cst_per_tonne_km": 0.3160122629395826, "co2_tn": 7.5379252}]}}