{"orig_lga": "LGA_16950", "orig_name": "Shoalhaven (C)", "orig_state": "NSW", "fetched_at": "2026-03-12T07:42:16.015669+00:00", "destinations": {"LGA_10550": [{"industry": "livestock", "sector": "livestock", "trips_count": 8, "trailer_loads": 231.0, "tonnes": 5700.0, "tonne_kms": 1349530.2, "tonnes_per_trailer": 23.125, "avg_trip_distance": 222.68175, "avg_trip_duration": 2.7762172, "total_trip_distance": 51691.426, "total_trip_duration": 623.36896, "total_freight_value": 9286500.0, "trip_transport_costs": 248757.0, "cst_per_tonne": 44.0, "cst_per_tonne_km": 0.18432829704481893, "co2_tn": 120.09911}], "LGA_10750": [{"industry": "food", "sector": "food", "trips_count": 14, "trailer_loads": 137.104713, "tonnes": 1636.0859, "tonne_kms": 298226.7, "tonnes_per_trailer": 13.250006, "avg_trip_distance": 145.8668, "avg_trip_duration": 1.6260371, "total_trip_distance": 24854.207, "total_trip_duration": 277.04272, "total_freight_value": 5649261.0, "trip_transport_costs": 115756.0, "cst_per_tonne": 71.0, "cst_per_tonne_km": 0.38814795932600005, "co2_tn": 54.74617}, {"industry": "livestock", "sector": "livestock", "trips_count": 11, "trailer_loads": 604.8000000000001, "tonnes": 15120.0, "tonne_kms": 3105991.5, "tonnes_per_trailer": 25.0, "avg_trip_distance": 204.80583, "avg_trip_duration": 2.3004925, "total_trip_distance": 82826.44, "total_trip_duration": 930.8059, "total_freight_value": 24192000.0, "trip_transport_costs": 473484.0, "cst_per_tonne": 31.0, "cst_per_tonne_km": 0.15244210702826297, "co2_tn": 244.86281}], "LGA_11450": [{"industry": "livestock", "sector": "livestock", "trips_count": 10, "trailer_loads": 355.59999999999997, "tonnes": 8840.0, "tonne_kms": 1221958.9, "tonnes_per_trailer": 24.0, "avg_trip_distance": 132.71799, "avg_trip_duration": 1.5266489, "total_trip_distance": 32945.383, "total_trip_duration": 376.28818, "total_freight_value": 14255000.0, "trip_transport_costs": 195794.0, "cst_per_tonne": 22.0, "cst_per_tonne_km": 0.16022949744958684, "co2_tn": 97.24974}], "LGA_12750": [{"industry": "livestock", "sector": "livestock", "trips_count": 15, "trailer_loads": 777.6000000000001, "tonnes": 19440.0, "tonne_kms": 3519519.0, "tonnes_per_trailer": 25.0, "avg_trip_distance": 148.09044, "avg_trip_duration": 1.8315461, "total_trip_distance": 116395.69, "total_trip_duration": 1438.4113, "total_freight_value": 31104000.0, "trip_transport_costs": 614793.0, "cst_per_tonne": 32.0, "cst_per_tonne_km": 0.17468088934436068, "co2_tn": 298.95215}], "LGA_13310": [], "LGA_14900": [], "LGA_16350": [{"industry": "food", "sector": "food", "trips_count": 12, "trailer_loads": 166.51794999999998, "tonnes": 1652.8315, "tonne_kms": 288701.3, "tonnes_per_trailer": 13.249989, "avg_trip_distance": 156.00128, "avg_trip_duration": 1.8164847, "total_trip_distance": 29089.742, "total_trip_duration": 339.04385, "total_freight_value": 7325443.0, "trip_transport_costs": 137599.0, "cst_per_tonne": 83.0, "cst_per_tonne_km": 0.47661319256401674, "co2_tn": 64.14501}], "LGA_16900": [{"industry": "food", "sector": "food", "trips_count": 6, "trailer_loads": 66.50291, "tonnes": 702.42163, "tonne_kms": 39113.695, "tonnes_per_trailer": 13.249999, "avg_trip_distance": 52.82814, "avg_trip_duration": 0.62991905, "total_trip_distance": 3699.2244, "total_trip_duration": 43.96802, "total_freight_value": 2866812.0, "trip_transport_costs": 20332.0, "cst_per_tonne": 29.0, "cst_per_tonne_km": 0.5198110294148492, "co2_tn": 8.195869}], "LGA_16950": [{"industry": "food", "sector": "food", "trips_count": 34, "trailer_loads": 182.16055699999998, "tonnes": 1795.8029, "tonne_kms": 39688.11, "tonnes_per_trailer": 13.249998, "avg_trip_distance": 23.321026, "avg_trip_duration": 0.3049017, "total_trip_distance": 4311.6387, "total_trip_duration": 56.765343, "total_freight_value": 8030673.0, "trip_transport_costs": 31094.0, "cst_per_tonne": 17.0, "cst_per_tonne_km": 0.783459466028991, "co2_tn": 9.743366}, {"industry": "waste", "sector": "waste", "trips_count": 281, "trailer_loads": 8979.120000000017, "tonnes": 89791.2, "tonne_kms": 2126840.5, "tonnes_per_trailer": 10.0, "avg_trip_distance": 18.287788, "avg_trip_duration": 0.249024, "total_trip_distance": 183691.78, "total_trip_duration": 2427.968, "total_freight_value": 8979120.0, "trip_transport_costs": 1442198.0, "cst_per_tonne": 16.0, "cst_per_tonne_km": 0.678094187613163, "co2_tn": 459.25735}], "LGA_18350": [{"industry": "food", "sector": "food", "trips_count": 8, "trailer_loads": 38.316396999999995, "tonnes": 406.50757, "tonne_kms": 25595.486, "tonnes_per_trailer": 13.250017, "avg_trip_distance": 49.203014, "avg_trip_duration": 0.7199571, "total_trip_distance": 2430.8367, "total_trip_duration": 35.778873, "total_freight_value": 1649244.0, "trip_transport_costs": 13857.0, "cst_per_tonne": 34.0, "cst_per_tonne_km": 0.5413942258019125, "co2_tn": 5.622578}, {"industry": "livestock", "sector": "livestock", "trips_count": 7, "trailer_loads": 35.0, "tonnes": 700.0, "tonne_kms": 56942.1, "tonnes_per_trailer": 20.0, "avg_trip_distance": 81.345856, "avg_trip_duration": 1.1757047, "total_trip_distance": 2847.105, "total_trip_duration": 41.149666, "total_freight_value": 1508500.0, "trip_transport_costs": 15519.0, "cst_per_tonne": 22.0, "cst_per_tonne_km": 0.27254036240759355, "co2_tn": 6.5645037}], "LGA_18400": [], "LGA_18450": [{"industry": "food", "sector": "food", "trips_count": 12, "trailer_loads": 93.67392800000002, "tonnes": 853.4489, "tonne_kms": 71447.24, "tonnes_per_trailer": 13.250008, "avg_trip_distance": 63.338455, "avg_trip_duration": 0.73923975, "total_trip_distance": 7883.48, "total_trip_duration": 91.29004, "total_freight_value": 4226921.0, "trip_transport_costs": 40019.0, "cst_per_tonne": 47.0, "cst_per_tonne_km": 0.5601142836990899, "co2_tn": 17.406258}], "LGA_89399": [{"industry": "food", "sector": "food", "trips_count": 10, "trailer_loads": 136.42750999999998, "tonnes": 1539.9336, "tonne_kms": 330183.5, "tonnes_per_trailer": 13.249998, "avg_trip_distance": 203.4143, "avg_trip_duration": 2.3777862, "total_trip_distance": 29191.883, "total_trip_duration": 341.05728, "total_freight_value": 5743685.0, "trip_transport_costs": 136246.0, "cst_per_tonne": 88.0, "cst_per_tonne_km": 0.41263767527895473, "co2_tn": 64.896095}, {"industry": "livestock", "sector": "livestock", "trips_count": 15, "trailer_loads": 691.2000000000002, "tonnes": 17280.0, "tonne_kms": 3529530.8, "tonnes_per_trailer": 25.0, "avg_trip_distance": 200.61472, "avg_trip_duration": 2.3718252, "total_trip_distance": 141181.23, "total_trip_duration": 1664.4226, "total_freight_value": 27648000.0, "trip_transport_costs": 659874.0, "cst_per_tonne": 38.0, "cst_per_tonne_km": 0.18695794516204456, "co2_tn": 313.5769}]}}