{"orig_lga": "LGA_10850", "orig_name": "Blayney (A)", "orig_state": "NSW", "fetched_at": "2026-03-12T06:51:30.857763+00:00", "destinations": {"LGA_10470": [{"industry": "waste", "sector": "waste", "trips_count": 14, "trailer_loads": 302.40000000000003, "tonnes": 3024.0, "tonne_kms": 134066.45, "tonnes_per_trailer": 10.0, "avg_trip_distance": 43.52807, "avg_trip_duration": 0.52764314, "total_trip_distance": 13406.645, "total_trip_duration": 162.51408, "total_freight_value": 302400.0, "trip_transport_costs": 77572.0, "cst_per_tonne": 26.0, "cst_per_tonne_km": 0.5786076252646629, "co2_tn": 30.080837}], "LGA_10850": [{"industry": "livestock", "sector": "livestock", "trips_count": 23, "trailer_loads": 115.0, "tonnes": 2300.0, "tonne_kms": 50353.3, "tonnes_per_trailer": 20.0, "avg_trip_distance": 21.89274, "avg_trip_duration": 0.25453332, "total_trip_distance": 2517.665, "total_trip_duration": 29.271334, "total_freight_value": 4956500.0, "trip_transport_costs": 18172.0, "cst_per_tonne": 8.0, "cst_per_tonne_km": 0.360889921153808, "co2_tn": 5.619563}], "LGA_12350": [{"industry": "livestock", "sector": "livestock", "trips_count": 22, "trailer_loads": 165.3636, "tonnes": 2240.0, "tonne_kms": 152755.42, "tonnes_per_trailer": 11.909092, "avg_trip_distance": 69.80386, "avg_trip_duration": 0.8262188, "total_trip_distance": 11102.984, "total_trip_duration": 131.35278, "total_freight_value": 13570500.0, "trip_transport_costs": 59183.0, "cst_per_tonne": 26.0, "cst_per_tonne_km": 0.3874369914191876, "co2_tn": 25.198948}], "LGA_13340": [], "LGA_13910": [], "LGA_17640": [{"industry": "livestock", "sector": "livestock", "trips_count": 9, "trailer_loads": 158.18200000000002, "tonnes": 3400.0, "tonne_kms": 560007.2, "tonnes_per_trailer": 20.222218, "avg_trip_distance": 159.77252, "avg_trip_duration": 1.7863004, "total_trip_distance": 26033.354, "total_trip_duration": 288.89566, "total_freight_value": 17792000.0, "trip_transport_costs": 121322.0, "cst_per_tonne": 36.0, "cst_per_tonne_km": 0.21664399326905964, "co2_tn": 57.418064}], "LGA_17750": [{"industry": "livestock", "sector": "livestock", "trips_count": 11, "trailer_loads": 343.63615000000004, "tonnes": 7500.0, "tonne_kms": 2006309.4, "tonnes_per_trailer": 20.9091, "avg_trip_distance": 262.87195, "avg_trip_duration": 3.0773947, "total_trip_distance": 91076.96, "total_trip_duration": 1079.5231, "total_freight_value": 43935000.0, "trip_transport_costs": 422179.0, "cst_per_tonne": 56.0, "cst_per_tonne_km": 0.21042565888821047, "co2_tn": 204.90984}], "LGA_18230": [{"industry": "livestock", "sector": "livestock", "trips_count": 35, "trailer_loads": 667.182, "tonnes": 12540.0, "tonne_kms": 2505375.5, "tonnes_per_trailer": 11.771428, "avg_trip_distance": 202.41689, "avg_trip_duration": 2.4187071, "total_trip_distance": 132366.38, "total_trip_duration": 1598.6317, "total_freight_value": 76911500.0, "trip_transport_costs": 628807.0, "cst_per_tonne": 50.0, "cst_per_tonne_km": 0.25098297663800795, "co2_tn": 299.42487}]}}