{"orig_lga": "LGA_17650", "orig_name": "Uralla (A)", "orig_state": "NSW", "fetched_at": "2026-03-12T07:48:52.719268+00:00", "destinations": {"LGA_17310": [{"industry": "livestock", "sector": "livestock", "trips_count": 100, "trailer_loads": 584.6363499999999, "tonnes": 6560.0, "tonne_kms": 827458.6, "tonnes_per_trailer": 11.460001, "avg_trip_distance": 110.67432, "avg_trip_duration": 1.3883988, "total_trip_distance": 64815.98, "total_trip_duration": 813.49194, "total_freight_value": 40884500.0, "trip_transport_costs": 344321.0, "cst_per_tonne": 52.0, "cst_per_tonne_km": 0.4161190918071206, "co2_tn": 159.50876}], "LGA_31000": [{"industry": "fruit", "sector": "horticulture", "trips_count": 15, "trailer_loads": 0.48392371, "tonnes": 8.951343, "tonne_kms": 4344.8643, "tonnes_per_trailer": 18.333345, "avg_trip_distance": 10.436261, "avg_trip_duration": 0.118478574, "total_trip_distance": 156.54391, "total_trip_duration": 1.7771786, "total_freight_value": 34278.0, "trip_transport_costs": 898.0, "cst_per_tonne": 100.0, "cst_per_tonne_km": 0.20665612667563235, "co2_tn": 0.46386436}, {"industry": "livestock", "sector": "livestock", "trips_count": 8, "trailer_loads": 36.3636, "tonnes": 800.0, "tonne_kms": 416252.6, "tonnes_per_trailer": 22.000023, "avg_trip_distance": 315.53955, "avg_trip_duration": 3.5922866, "total_trip_distance": 12621.582, "total_trip_duration": 143.69147, "total_freight_value": 4944000.0, "trip_transport_costs": 74157.0, "cst_per_tonne": 93.0, "cst_per_tonne_km": 0.17815367826536815, "co2_tn": 37.47274}]}}