{"orig_lga": "LGA_14950", "orig_name": "Lockhart (A)", "orig_state": "NSW", "fetched_at": "2026-03-12T07:24:05.631816+00:00", "destinations": {"LGA_12000": [{"industry": "grains", "sector": "cropping", "trips_count": 57, "trailer_loads": 1289.128290000001, "tonnes": 32090.406, "tonne_kms": 4033938.8, "tonnes_per_trailer": 24.719292, "avg_trip_distance": 120.398315, "avg_trip_duration": 1.3299922, "total_trip_distance": 113715.88, "total_trip_duration": 1251.6964, "total_freight_value": 13479237.0, "trip_transport_costs": 659002.0, "cst_per_tonne": 21.0, "cst_per_tonne_km": 0.16336450182519738, "co2_tn": 323.8807}], "LGA_12870": [{"industry": "grains", "sector": "cropping", "trips_count": 83, "trailer_loads": 2165.0367000000015, "tonnes": 53643.617, "tonne_kms": 3381857.0, "tonnes_per_trailer": 24.325293, "avg_trip_distance": 62.658554, "avg_trip_duration": 0.70045274, "total_trip_distance": 95257.51, "total_trip_duration": 1065.9229, "total_freight_value": 24411690.0, "trip_transport_costs": 625789.0, "cst_per_tonne": 12.0, "cst_per_tonne_km": 0.18504302327954777, "co2_tn": 274.1492}], "LGA_17750": [{"industry": "grains", "sector": "cropping", "trips_count": 9, "trailer_loads": 287.36103999999995, "tonnes": 7115.132, "tonne_kms": 588582.75, "tonnes_per_trailer": 24.111115, "avg_trip_distance": 64.94585, "avg_trip_duration": 0.7700379, "total_trip_distance": 16011.691, "total_trip_duration": 186.99013, "total_freight_value": 2816999.0, "trip_transport_costs": 102423.0, "cst_per_tonne": 14.0, "cst_per_tonne_km": 0.17401712466633304, "co2_tn": 47.365345}, {"industry": "livestock", "sector": "livestock", "trips_count": 16, "trailer_loads": 78.63635000000001, "tonnes": 1600.0, "tonne_kms": 106416.4, "tonnes_per_trailer": 20.375004, "avg_trip_distance": 64.71849, "avg_trip_duration": 0.7689408, "total_trip_distance": 5113.1816, "total_trip_duration": 60.794945, "total_freight_value": 4590000.0, "trip_transport_costs": 27447.0, "cst_per_tonne": 17.0, "cst_per_tonne_km": 0.2579213627129101, "co2_tn": 11.602013}, {"industry": "waste", "sector": "waste", "trips_count": 9, "trailer_loads": 194.39999999999998, "tonnes": 1944.0, "tonne_kms": 61106.184, "tonnes_per_trailer": 10.0, "avg_trip_distance": 30.86171, "avg_trip_duration": 0.34911636, "total_trip_distance": 6110.6187, "total_trip_duration": 69.12504, "total_freight_value": 194400.0, "trip_transport_costs": 38288.0, "cst_per_tonne": 20.0, "cst_per_tonne_km": 0.626583393386116, "co2_tn": 13.501827}], "LGA_21370": [{"industry": "livestock", "sector": "livestock", "trips_count": 13, "trailer_loads": 69.18180000000001, "tonnes": 1060.0, "tonne_kms": 321427.62, "tonnes_per_trailer": 16.000008, "avg_trip_distance": 268.62677, "avg_trip_duration": 2.9823291, "total_trip_distance": 13968.592, "total_trip_duration": 155.08112, "total_freight_value": 6358500.0, "trip_transport_costs": 77939.0, "cst_per_tonne": 74.0, "cst_per_tonne_km": 0.24247896852314343, "co2_tn": 41.47056}]}}