{"orig_lga": "LGA_10800", "orig_name": "Bland (A)", "orig_state": "NSW", "fetched_at": "2026-03-12T06:51:25.917788+00:00", "destinations": {"LGA_10800": [{"industry": "grains", "sector": "cropping", "trips_count": 395, "trailer_loads": 8705.292690000015, "tonnes": 215565.77, "tonne_kms": 8667044.0, "tonnes_per_trailer": 24.493666, "avg_trip_distance": 40.31334, "avg_trip_duration": 0.44825754, "total_trip_distance": 226573.62, "total_trip_duration": 2519.6282, "total_freight_value": 87050122.0, "trip_transport_costs": 1761003.0, "cst_per_tonne": 8.0, "cst_per_tonne_km": 0.20318382125399206, "co2_tn": 675.95447}, {"industry": "waste", "sector": "waste", "trips_count": 20, "trailer_loads": 788.4000000000001, "tonnes": 7884.0, "tonne_kms": 81092.125, "tonnes_per_trailer": 10.0, "avg_trip_distance": 16.008419, "avg_trip_duration": 0.1958957, "total_trip_distance": 8109.2124, "total_trip_duration": 107.36424, "total_freight_value": 788400.0, "trip_transport_costs": 86153.0, "cst_per_tonne": 11.0, "cst_per_tonne_km": 1.0624139885221207, "co2_tn": 18.77255}], "LGA_11600": [{"industry": "grains", "sector": "cropping", "trips_count": 49, "trailer_loads": 1213.5505299999993, "tonnes": 30324.008, "tonne_kms": 4096323.0, "tonnes_per_trailer": 24.959187, "avg_trip_distance": 100.414375, "avg_trip_duration": 1.0896959, "total_trip_distance": 93870.414, "total_trip_duration": 1019.9195, "total_freight_value": 12416889.0, "trip_transport_costs": 598287.0, "cst_per_tonne": 20.0, "cst_per_tonne_km": 0.14605456794131857, "co2_tn": 291.33398}], "LGA_12000": [{"industry": "grains", "sector": "cropping", "trips_count": 114, "trailer_loads": 2714.3543400000012, "tonnes": 67693.53, "tonne_kms": 6001914.5, "tonnes_per_trailer": 24.859642, "avg_trip_distance": 87.74423, "avg_trip_duration": 0.9563799, "total_trip_distance": 152180.6, "total_trip_duration": 1663.2977, "total_freight_value": 28796401.0, "trip_transport_costs": 984749.0, "cst_per_tonne": 15.0, "cst_per_tonne_km": 0.16407242925564952, "co2_tn": 460.64468}], "LGA_12350": [{"industry": "grains", "sector": "cropping", "trips_count": 8, "trailer_loads": 77.95324, "tonnes": 1904.486, "tonne_kms": 356659.4, "tonnes_per_trailer": 24.250017, "avg_trip_distance": 176.1564, "avg_trip_duration": 1.9667364, "total_trip_distance": 9782.946, "total_trip_duration": 109.233894, "total_freight_value": 901268.0, "trip_transport_costs": 56596.0, "cst_per_tonne": 30.0, "cst_per_tonne_km": 0.1586838785368236, "co2_tn": 29.073969}, {"industry": "livestock", "sector": "livestock", "trips_count": 24, "trailer_loads": 172.54545000000002, "tonnes": 1780.0, "tonne_kms": 298367.75, "tonnes_per_trailer": 10.500001, "avg_trip_distance": 169.6363, "avg_trip_duration": 1.8837818, "total_trip_distance": 19387.234, "total_trip_duration": 215.58978, "total_freight_value": 12378000.0, "trip_transport_costs": 112943.0, "cst_per_tonne": 63.0, "cst_per_tonne_km": 0.3785367060068385, "co2_tn": 57.63204}], "LGA_12870": [{"industry": "grains", "sector": "cropping", "trips_count": 94, "trailer_loads": 2321.206739999999, "tonnes": 57354.023, "tonne_kms": 14961083.0, "tonnes_per_trailer": 24.297869, "avg_trip_distance": 225.76018, "avg_trip_duration": 2.4315698, "total_trip_distance": 329256.56, "total_trip_duration": 3543.7266, "total_freight_value": 24720488.0, "trip_transport_costs": 1997823.0, "cst_per_tonne": 35.0, "cst_per_tonne_km": 0.13353464196518436, "co2_tn": 1052.236}], "LGA_12900": [{"industry": "grains", "sector": "cropping", "trips_count": 25, "trailer_loads": 458.89205000000004, "tonnes": 11398.398, "tonne_kms": 1264640.2, "tonnes_per_trailer": 24.600018, "avg_trip_distance": 83.83368, "avg_trip_duration": 0.8928113, "total_trip_distance": 38070.258, "total_trip_duration": 405.3323, "total_freight_value": 4604720.0, "trip_transport_costs": 212587.0, "cst_per_tonne": 19.0, "cst_per_tonne_km": 0.168100903268705, "co2_tn": 98.20878}, {"industry": "livestock", "sector": "livestock", "trips_count": 17, "trailer_loads": 90.0, "tonnes": 1258.0, "tonne_kms": 201448.66, "tonnes_per_trailer": 14.588235, "avg_trip_distance": 147.72337, "avg_trip_duration": 1.5898017, "total_trip_distance": 9418.882, "total_trip_duration": 101.17821, "total_freight_value": 5354560.0, "trip_transport_costs": 54715.0, "cst_per_tonne": 43.0, "cst_per_tonne_km": 0.2716092299180568, "co2_tn": 27.509438}], "LGA_13340": [{"industry": "grains", "sector": "cropping", "trips_count": 19, "trailer_loads": 442.34611, "tonnes": 11029.092, "tonne_kms": 2858949.0, "tonnes_per_trailer": 24.789482, "avg_trip_distance": 206.96231, "avg_trip_duration": 2.289473, "total_trip_distance": 75740.38, "total_trip_duration": 835.11224, "total_freight_value": 5558725.0, "trip_transport_costs": 428096.0, "cst_per_tonne": 39.0, "cst_per_tonne_km": 0.14973893159689103, "co2_tn": 223.85794}], "LGA_13910": [{"industry": "grains", "sector": "cropping", "trips_count": 88, "trailer_loads": 2235.2622099999985, "tonnes": 55852.008, "tonne_kms": 7492543.5, "tonnes_per_trailer": 24.954548, "avg_trip_distance": 127.34869, "avg_trip_duration": 1.4122027, "total_trip_distance": 209821.23, "total_trip_duration": 2332.2861, "total_freight_value": 26548493.0, "trip_transport_costs": 1218257.0, "cst_per_tonne": 22.0, "cst_per_tonne_km": 0.1625959118073418, "co2_tn": 600.49884}], "LGA_14600": [{"industry": "grains", "sector": "cropping", "trips_count": 117, "trailer_loads": 2630.236220000002, "tonnes": 65755.875, "tonne_kms": 7022204.0, "tonnes_per_trailer": 24.999987, "avg_trip_distance": 101.61505, "avg_trip_duration": 1.127029, "total_trip_distance": 165040.42, "total_trip_duration": 1832.2239, "total_freight_value": 28075006.0, "trip_transport_costs": 1078132.0, "cst_per_tonne": 16.0, "cst_per_tonne_km": 0.15353188509638388, "co2_tn": 513.0291}], "LGA_15800": [{"industry": "grains", "sector": "cropping", "trips_count": 100, "trailer_loads": 2234.7099599999992, "tonnes": 55770.33, "tonne_kms": 4911685.0, "tonnes_per_trailer": 24.900003, "avg_trip_distance": 78.11135, "avg_trip_duration": 0.852685, "total_trip_distance": 121926.72, "total_trip_duration": 1329.2688, "total_freight_value": 22451626.0, "trip_transport_costs": 793110.0, "cst_per_tonne": 14.0, "cst_per_tonne_km": 0.16147420675572322, "co2_tn": 365.76862}], "LGA_17350": [{"industry": "grains", "sector": "cropping", "trips_count": 120, "trailer_loads": 2949.4778200000014, "tonnes": 73226.09, "tonne_kms": 5986302.0, "tonnes_per_trailer": 24.583323, "avg_trip_distance": 73.88234, "avg_trip_duration": 0.8316786, "total_trip_distance": 174218.8, "total_trip_duration": 1972.0343, "total_freight_value": 28845897.0, "trip_transport_costs": 1060182.0, "cst_per_tonne": 14.0, "cst_per_tonne_km": 0.17710140058183824, "co2_tn": 480.4737}, {"industry": "livestock", "sector": "livestock", "trips_count": 10, "trailer_loads": 50.0, "tonnes": 1000.0, "tonne_kms": 129364.3, "tonnes_per_trailer": 20.0, "avg_trip_distance": 99.332596, "avg_trip_duration": 1.1929713, "total_trip_distance": 4179.0176, "total_trip_duration": 50.13272, "total_freight_value": 1958500.0, "trip_transport_costs": 25963.0, "cst_per_tonne": 26.0, "cst_per_tonne_km": 0.2006990020083183, "co2_tn": 12.676254}], "LGA_17750": [{"industry": "grains", "sector": "cropping", "trips_count": 22, "trailer_loads": 924.4558599999999, "tonnes": 22978.354, "tonne_kms": 3859268.0, "tonnes_per_trailer": 24.181837, "avg_trip_distance": 140.97327, "avg_trip_duration": 1.5587684, "total_trip_distance": 91271.95, "total_trip_duration": 1002.57697, "total_freight_value": 9425841.0, "trip_transport_costs": 557292.0, "cst_per_tonne": 24.0, "cst_per_tonne_km": 0.144403447367642, "co2_tn": 282.289}, {"industry": "livestock", "sector": "livestock", "trips_count": 10, "trailer_loads": 54.0909, "tonnes": 1100.0, "tonne_kms": 176535.3, "tonnes_per_trailer": 20.400005, "avg_trip_distance": 118.79597, "avg_trip_duration": 1.312811, "total_trip_distance": 6138.165, "total_trip_duration": 68.03312, "total_freight_value": 3044500.0,