{"orig_lga": "LGA_16650", "orig_name": "Rockdale (C)", "orig_state": "NSW", "fetched_at": "2026-03-12T07:40:45.370286+00:00", "destinations": {"LGA_10750": [{"industry": "household_general", "sector": "general", "trips_count": 8, "trailer_loads": 118.4212, "tonnes": 1539.4781, "tonne_kms": 62656.88, "tonnes_per_trailer": 13.000019, "avg_trip_distance": 40.37577, "avg_trip_duration": 0.5629679, "total_trip_distance": 9639.52, "total_trip_duration": 134.34709, "total_freight_value": 61579060.0, "trip_transport_costs": 32951.0, "cst_per_tonne": 21.0, "cst_per_tonne_km": 0.5258893793210677, "co2_tn": 8.82494}], "LGA_11570": [{"industry": "household_general", "sector": "general", "trips_count": 9, "trailer_loads": 579.826, "tonnes": 7537.7417, "tonne_kms": 132700.83, "tonnes_per_trailer": 13.000015, "avg_trip_distance": 13.847001, "avg_trip_duration": 0.20539522, "total_trip_distance": 8255.102, "total_trip_duration": 122.24534, "total_freight_value": 301509040.0, "trip_transport_costs": 76916.0, "cst_per_tonne": 10.0, "cst_per_tonne_km": 0.5796163624285031, "co2_tn": 21.050331}, {"industry": "waste", "sector": "waste", "trips_count": 52, "trailer_loads": 1123.2000000000003, "tonnes": 11232.0, "tonne_kms": 144849.6, "tonnes_per_trailer": 10.0, "avg_trip_distance": 12.661678, "avg_trip_duration": 0.20107132, "total_trip_distance": 14484.96, "total_trip_duration": 230.0256, "total_freight_value": 1123200.0, "trip_transport_costs": 139649.0, "cst_per_tonne": 12.0, "cst_per_tonne_km": 0.9640961913321946, "co2_tn": 34.11967}], "LGA_11650": [{"industry": "household_general", "sector": "general", "trips_count": 11, "trailer_loads": 157.303, "tonnes": 2044.9423, "tonne_kms": 200884.62, "tonnes_per_trailer": 13.000018, "avg_trip_distance": 98.54297, "avg_trip_duration": 1.2544954, "total_trip_distance": 30905.326, "total_trip_duration": 393.9127, "total_freight_value": 81797590.0, "trip_transport_costs": 89580.0, "cst_per_tonne": 44.0, "cst_per_tonne_km": 0.44592639112811644, "co2_tn": 28.10382}], "LGA_14650": [{"industry": "household_general", "sector": "general", "trips_count": 9, "trailer_loads": 131.3818, "tonnes": 1707.9662, "tonne_kms": 261453.38, "tonnes_per_trailer": 13.000018, "avg_trip_distance": 151.56337, "avg_trip_duration": 1.8000603, "total_trip_distance": 40223.594, "total_trip_duration": 477.60608, "total_freight_value": 68318570.0, "trip_transport_costs": 109324.0, "cst_per_tonne": 64.0, "cst_per_tonne_km": 0.4181391784063315, "co2_tn": 36.09986}], "LGA_17150": [{"industry": "household_general", "sector": "general", "trips_count": 6, "trailer_loads": 85.1318, "tonnes": 1106.7151, "tonne_kms": 18596.387, "tonnes_per_trailer": 13.000017, "avg_trip_distance": 17.159851, "avg_trip_duration": 0.28065494, "total_trip_distance": 2860.9824, "total_trip_duration": 46.950745, "total_freight_value": 44268550.0, "trip_transport_costs": 13357.0, "cst_per_tonne": 12.0, "cst_per_tonne_km": 0.7182464737143371, "co2_tn": 2.736381}], "LGA_18450": [{"industry": "household_general", "sector": "general", "trips_count": 9, "trailer_loads": 131.3818, "tonnes": 1707.9662, "tonne_kms": 127127.62, "tonnes_per_trailer": 13.000018, "avg_trip_distance": 74.27114, "avg_trip_duration": 1.0174958, "total_trip_distance": 19558.094, "total_trip_duration": 268.00046, "total_freight_value": 68318570.0, "trip_transport_costs": 60192.0, "cst_per_tonne": 35.0, "cst_per_tonne_km": 0.4734756221218405, "co2_tn": 18.124437}], "LGA_31000": [{"industry": "household_general", "sector": "general", "trips_count": 31, "trailer_loads": 371.25660000000005, "tonnes": 4826.3354, "tonne_kms": 4439170.0, "tonnes_per_trailer": 12.999996, "avg_trip_distance": 904.36993, "avg_trip_duration": 9.462972, "total_trip_distance": 682949.25, "total_trip_duration": 7146.733, "total_freight_value": 193053530.0, "trip_transport_costs": 1823351.0, "cst_per_tonne": 378.0, "cst_per_tonne_km": 0.41074147342014383, "co2_tn": 603.36456}], "LGA_33430": [{"industry": "household_general", "sector": "general", "trips_count": 15, "trailer_loads": 199.6769, "tonnes": 2595.7979, "tonne_kms": 2187872.8, "tonnes_per_trailer": 12.999992, "avg_trip_distance": 830.1758, "avg_trip_duration": 8.700992, "total_trip_distance": 336595.8, "total_trip_duration": 3527.6995, "total_freight_value": 103831990.0, "trip_transport_costs": 907132.0, "cst_per_tonne": 349.0, "cst_per_tonne_km": 0.41461845972874795, "co2_tn": 297.55273}], "LGA_33960": [{"industry": "household_general", "sector": "general", "trips_count": 11, "trailer_loads": 149.23234999999997, "tonnes": 1940.0231, "tonne_kms": 1800226.1, "tonnes_per_trailer": 13.000018, "avg_trip_distance": 914.37946, "avg_trip_duration": 9.561211, "total_trip_distance": 276957.88, "total_trip_duration": 2896.263, "total_freight_value": 77600910.0, "trip_transport_costs": 738627.0, "cst_per_tonne": 381.0, "cst_per_tonne_km": 0.41029681583751043, "co2_tn": 244.64688}], "LGA_34590": [{"industry": "household_general", "sector": "general", "trips_count": 9, "trailer_loads": 109.97279999999999, "tonnes": 1429.6481, "tonne_kms": 1277569.9, "tonnes_per_trailer": 13.000016, "avg_trip_distance": 880.76184, "avg_trip_duration": 9.180835, "total_trip_distance": 196549.22, "total_trip_duration": 2048.8813, "total_freight_value": 57185950.0, "trip_transport_costs": 525625.0, "cst_per_tonne": 368.0, "cst_per_tonne_km": 0.4114252703790468, "co2_tn": 173.58751}], "LGA_35010": [{"industry": "household_general", "sector": "general", "trips_count": 13, "trailer_loads": 162.0672, "tonnes": 2106.874, "tonne_kms": 2008045.8, "tonnes_per_trailer": 13.0, "avg_trip_distance": 937.2523, "avg_trip_duration": 9.827535, "total_trip_distance": 308930.12, "total_trip_duration": 3238.6108, "total_freight_value": 84274960.0, "trip_transport_costs": 822408.0, "cst_per_tonne": 390.0, "cst_per_tonne_km": 0.4095564933125901, "co2_tn": 272.92468}], "LGA_36250": [{"industry": "household_general", "sector": "general", "trips_count": 8, "trailer_loads": 113.6128, "tonnes": 1476.969, "tonne_kms": 1351476.1, "tonnes_per_trailer": 13.000022, "avg_trip_distance": 904.5897, "avg_trip_duration": 9.491844, "total_trip_distance": 207919.4, "total_trip_duration": 2181.8633, "total_freight_value": 59078740.0, "trip_transport_costs": 555881.0, "cst_per_tonne": 376.0, "cst_per_tonne_km": 0.41131423404723483, "co2_tn": 183.76237}], "LGA_37010": [{"industry": "household_general", "sector": "general", "trips_count": 9, "trailer_loads": 138.75, "tonnes": 1803.7532, "tonne_kms": 3841135.8, "tonnes_per_trailer": 13.00002, "avg_trip_distance": 2119.253, "avg_trip_duration": 23.287651, "total_trip_distance": 590943.94, "total_trip_duration": 6493.7617, "total_freight_value": 72150060.0, "trip_transport_costs": 1572448.0, "cst_per_tonne": 872.0, "cst_per_tonne_km": 0.4093704861576423, "co2_tn": 523.8455}], "LGA_89399": [{"industry": "household_general", "sector": "general", "trips_count": 10, "trailer_loads": 136.9742, "tonnes": 1780.6672, "tonne_kms": 503775.12, "tonnes_per_trailer": 13.000017, "avg_trip_distance": 282.29526, "avg_trip_duration": 2.9329894, "total_trip_distance": 77503.87, "total_trip_duration": 804.89075, "total_freight_value": 71226590.0, "trip_transport_costs": 196533.0, "cst_per_tonne": 110.0, "cst_per_tonne_km": 0.3901206827215318, "co2_tn": 68.38866}]}}