{"orig_lga": "LGA_11500", "orig_name": "Campbelltown (C) (NSW)", "orig_state": "NSW", "fetched_at": "2026-03-12T06:56:59.645166+00:00", "destinations": {"LGA_10750": [{"industry": "dairy_product", "sector": "cold_food", "trips_count": 8, "trailer_loads": 1273.267, "tonnes": 26098.408, "tonne_kms": 783164.94, "tonnes_per_trailer": 20.500013, "avg_trip_distance": 29.885738, "avg_trip_duration": 0.373998, "total_trip_distance": 25940.52, "total_trip_duration": 321.69556, "total_freight_value": 129023040.0, "trip_transport_costs": 224124.0, "cst_per_tonne": 9.0, "cst_per_tonne_km": 0.2861775700594758, "co2_tn": 77.71276}], "LGA_11450": [{"industry": "waste", "sector": "waste", "trips_count": 11, "trailer_loads": 4721.760000000003, "tonnes": 47217.6, "tonne_kms": 768196.0, "tonnes_per_trailer": 10.0, "avg_trip_distance": 17.746958, "avg_trip_duration": 0.25221068, "total_trip_distance": 52526.047, "total_trip_duration": 754.4124, "total_freight_value": 4721760.0, "trip_transport_costs": 589343.0, "cst_per_tonne": 12.0, "cst_per_tonne_km": 0.7671774173401262, "co2_tn": 159.33745}], "LGA_11500": [{"industry": "waste", "sector": "waste", "trips_count": 377, "trailer_loads": 8143.200000000056, "tonnes": 81432.0, "tonne_kms": 604594.4, "tonnes_per_trailer": 10.0, "avg_trip_distance": 7.289539, "avg_trip_duration": 0.12329037, "total_trip_distance": 60459.438, "total_trip_duration": 1022.57025, "total_freight_value": 8143200.0, "trip_transport_costs": 805894.0, "cst_per_tonne": 10.0, "cst_per_tonne_km": 1.3329502965766822, "co2_tn": 145.58305}], "LGA_12380": [{"industry": "meat", "sector": "cold_food", "trips_count": 9, "trailer_loads": 52.791280000000015, "tonnes": 686.28644, "tonne_kms": 29383.738, "tonnes_per_trailer": 12.999996, "avg_trip_distance": 42.52304, "avg_trip_duration": 0.51215136, "total_trip_distance": 2260.2876, "total_trip_duration": 27.402678, "total_freight_value": 4117716.0, "trip_transport_costs": 13164.0, "cst_per_tonne": 19.0, "cst_per_tonne_km": 0.44800810666428087, "co2_tn": 5.050138}], "LGA_14900": [{"industry": "meat", "sector": "cold_food", "trips_count": 9, "trailer_loads": 129.04523999999998, "tonnes": 1677.5881, "tonne_kms": 31857.244, "tonnes_per_trailer": 12.999998, "avg_trip_distance": 18.74643, "avg_trip_duration": 0.27133176, "total_trip_distance": 2450.5574, "total_trip_duration": 35.646793, "total_freight_value": 10065538.0, "trip_transport_costs": 19477.0, "cst_per_tonne": 12.0, "cst_per_tonne_km": 0.6113753742204061, "co2_tn": 5.7105055}], "LGA_18400": [{"industry": "meat", "sector": "cold_food", "trips_count": 9, "trailer_loads": 134.91092, "tonnes": 1753.8418, "tonne_kms": 84720.02, "tonnes_per_trailer": 12.999999, "avg_trip_distance": 47.456383, "avg_trip_duration": 0.6081474, "total_trip_distance": 6516.925, "total_trip_duration": 83.390884, "total_freight_value": 10523057.0, "trip_transport_costs": 37424.0, "cst_per_tonne": 21.0, "cst_per_tonne_km": 0.4417351557008135, "co2_tn": 14.728285}], "LGA_31000": [{"industry": "dairy_product", "sector": "cold_food", "trips_count": 8, "trailer_loads": 132.30937, "tonnes": 2707.2102, "tonne_kms": 2489979.5, "tonnes_per_trailer": 20.49999, "avg_trip_distance": 585.242, "avg_trip_duration": 6.1740236, "total_trip_distance": 81171.73, "total_trip_duration": 855.0701, "total_freight_value": 13968725.0, "trip_transport_costs": 449291.0, "cst_per_tonne": 166.0, "cst_per_tonne_km": 0.180439681691531, "co2_tn": 239.56964}]}}