{"orig_lga": "LGA_17350", "orig_name": "Temora (A)", "orig_state": "NSW", "fetched_at": "2026-03-12T07:46:37.323218+00:00", "destinations": {"LGA_10800": [{"industry": "grains", "sector": "cropping", "trips_count": 54, "trailer_loads": 1838.550329999999, "tonnes": 45890.324, "tonne_kms": 3040827.5, "tonnes_per_trailer": 24.851862, "avg_trip_distance": 64.510284, "avg_trip_duration": 0.7182711, "total_trip_distance": 84047.26, "total_trip_duration": 932.46674, "total_freight_value": 19179106.0, "trip_transport_costs": 549119.0, "cst_per_tonne": 12.0, "cst_per_tonne_km": 0.18058214777053516, "co2_tn": 244.08887}, {"industry": "waste", "sector": "waste", "trips_count": 20, "trailer_loads": 432.00000000000017, "tonnes": 4320.0, "tonne_kms": 153991.58, "tonnes_per_trailer": 10.0, "avg_trip_distance": 34.99809, "avg_trip_duration": 0.3988481, "total_trip_distance": 15399.158, "total_trip_duration": 175.49316, "total_freight_value": 432000.0, "trip_transport_costs": 93018.0, "cst_per_tonne": 22.0, "cst_per_tonne_km": 0.604044340239386, "co2_tn": 34.120197}], "LGA_12000": [{"industry": "grains", "sector": "cropping", "trips_count": 55, "trailer_loads": 1925.8339999999998, "tonnes": 48145.88, "tonne_kms": 2752083.8, "tonnes_per_trailer": 24.999998, "avg_trip_distance": 56.664257, "avg_trip_duration": 0.6280127, "total_trip_distance": 73967.06, "total_trip_duration": 820.6078, "total_freight_value": 21120258.0, "trip_transport_costs": 508043.0, "cst_per_tonne": 11.0, "cst_per_tonne_km": 0.18460314442278283, "co2_tn": 218.77048}], "LGA_12350": [{"industry": "grains", "sector": "cropping", "trips_count": 6, "trailer_loads": 164.9462, "tonnes": 4080.171, "tonne_kms": 616720.06, "tonnes_per_trailer": 24.333347, "avg_trip_distance": 144.98207, "avg_trip_duration": 1.6741049, "total_trip_distance": 16614.516, "total_trip_duration": 190.83154, "total_freight_value": 2164296.0, "trip_transport_costs": 98611.0, "cst_per_tonne": 24.0, "cst_per_tonne_km": 0.15989533839096973, "co2_tn": 49.643517}, {"industry": "livestock", "sector": "livestock", "trips_count": 28, "trailer_loads": 278.57576, "tonnes": 3604.667, "tonne_kms": 553568.75, "tonnes_per_trailer": 10.714287, "avg_trip_distance": 149.38297, "avg_trip_duration": 1.6904674, "total_trip_distance": 28314.379, "total_trip_duration": 318.92307, "total_freight_value": 19641460.0, "trip_transport_costs": 166901.0, "cst_per_tonne": 46.0, "cst_per_tonne_km": 0.3014996156861445, "co2_tn": 84.193054}], "LGA_12870": [{"industry": "grains", "sector": "cropping", "trips_count": 18, "trailer_loads": 692.2745299999999, "tonnes": 17233.385, "tonne_kms": 4166977.2, "tonnes_per_trailer": 24.555565, "avg_trip_distance": 219.35579, "avg_trip_duration": 2.3614368, "total_trip_distance": 95696.22, "total_trip_duration": 1027.3816, "total_freight_value": 7175753.0, "trip_transport_costs": 571203.0, "cst_per_tonne": 33.0, "cst_per_tonne_km": 0.1370785336895363, "co2_tn": 299.65042}], "LGA_13340": [{"industry": "grains", "sector": "cropping", "trips_count": 8, "trailer_loads": 301.56353, "tonnes": 7465.6064, "tonne_kms": 1241580.4, "tonnes_per_trailer": 24.000011, "avg_trip_distance": 139.35158, "avg_trip_duration": 1.5517801, "total_trip_distance": 38267.598, "total_trip_duration": 427.41953, "total_freight_value": 3211424.0, "trip_transport_costs": 205966.0, "cst_per_tonne": 28.0, "cst_per_tonne_km": 0.1658898636514722, "co2_tn": 101.212265}], "LGA_13910": [{"industry": "grains", "sector": "cropping", "trips_count": 36, "trailer_loads": 1114.3245000000002, "tonnes": 27836.402, "tonne_kms": 1963279.1, "tonnes_per_trailer": 24.944452, "avg_trip_distance": 65.59274, "avg_trip_duration": 0.726981, "total_trip_distance": 63444.402, "total_trip_duration": 698.62506, "total_freight_value": 13342698.0, "trip_transport_costs": 371026.0, "cst_per_tonne": 13.0, "cst_per_tonne_km": 0.18898305286367043, "co2_tn": 162.99724}], "LGA_15800": [{"industry": "grains", "sector": "cropping", "trips_count": 22, "trailer_loads": 722.3634300000002, "tonnes": 17963.898, "tonne_kms": 1930922.0, "tonnes_per_trailer": 24.545475, "avg_trip_distance": 99.88854, "avg_trip_duration": 1.0851089, "total_trip_distance": 50121.777, "total_trip_duration": 547.99225, "total_freight_value": 7671560.0, "trip_transport_costs": 308396.0, "cst_per_tonne": 17.0, "cst_per_tonne_km": 0.1597143015204694, "co2_tn": 148.26369}], "LGA_17350": [{"industry": "grains", "sector": "cropping", "trips_count": 114, "trailer_loads": 4142.65564, "tonnes": 102978.586, "tonne_kms": 2557929.8, "tonnes_per_trailer": 24.438604, "avg_trip_distance": 23.621706, "avg_trip_duration": 0.2787065, "total_trip_distance": 86548.56, "total_trip_duration": 1023.10034, "total_freight_value": 44701549.0, "trip_transport_costs": 671616.0, "cst_per_tonne": 7.0, "cst_per_tonne_km": 0.26256223213792784, "co2_tn": 219.66695}, {"industry": "livestock", "sector": "livestock", "trips_count": 17, "trailer_loads": 115.0, "tonnes": 2300.0, "tonne_kms": 75297.2, "tonnes_per_trailer": 20.0, "avg_trip_distance": 30.20802, "avg_trip_duration": 0.3852624, "total_trip_distance": 2618.4016, "total_trip_duration": 34.331917, "total_freight_value": 4956500.0, "trip_transport_costs": 21566.0, "cst_per_tonne": 9.0, "cst_per_tonne_km": 0.28640941152777716, "co2_tn": 7.8975167}], "LGA_17750": [{"industry": "grains", "sector": "cropping", "trips_count": 17, "trailer_loads": 1558.65103, "tonnes": 38827.605, "tonne_kms": 3216341.2, "tonnes_per_trailer": 24.176493, "avg_trip_distance": 84.524155, "avg_trip_duration": 0.93962735, "total_trip_distance": 95513.61, "total_trip_duration": 1049.9641, "total_freight_value": 17977712.0, "trip_transport_costs": 557242.0, "cst_per_tonne": 14.0, "cst_per_tonne_km": 0.17325329525119382, "co2_tn": 249.66821}, {"industry": "livestock", "sector": "livestock", "trips_count": 20, "trailer_loads": 541.9702500000001, "tonnes": 11733.33, "tonne_kms": 1024167.3, "tonnes_per_trailer": 20.699999, "avg_trip_distance": 80.52685, "avg_trip_duration": 0.8884651, "total_trip_distance": 46916.86, "total_trip_duration": 529.9706, "total_freight_value": 64864500.0, "trip_transport_costs": 236079.0, "cst_per_tonne": 20.0, "cst_per_tonne_km": 0.23050848132887924, "co2_tn": 104.59173}], "LGA_24900": []}}