{"orig_lga": "LGA_10050", "orig_name": "Albury (C)", "orig_state": "NSW", "fetched_at": "2026-03-12T06:45:31.199757+00:00", "destinations": {"LGA_10050": [{"industry": "food", "sector": "food", "trips_count": 40, "trailer_loads": 228.37394700000004, "tonnes": 2273.6365, "tonne_kms": 8102.848, "tonnes_per_trailer": 13.25, "avg_trip_distance": 2.920635, "avg_trip_duration": 0.058731105, "total_trip_distance": 815.0867, "total_trip_duration": 17.495775, "total_freight_value": 10037114.0, "trip_transport_costs": 19167.0, "cst_per_tonne": 8.0, "cst_per_tonne_km": 2.365484296611515, "co2_tn": 2.134461}, {"industry": "medicines", "sector": "health", "trips_count": 10, "trailer_loads": 19.068834000000003, "tonnes": 55.275303, "tonne_kms": 397.45926, "tonnes_per_trailer": 2.9500017, "avg_trip_distance": 5.351281, "avg_trip_duration": 0.108921066, "total_trip_distance": 251.73013, "total_trip_duration": 4.9369407, "total_freight_value": 184463540.0, "trip_transport_costs": 1962.0, "cst_per_tonne": 35.0, "cst_per_tonne_km": 4.935841626711416, "co2_tn": 0.25541523}, {"industry": "waste", "sector": "waste", "trips_count": 45, "trailer_loads": 972.0000000000007, "tonnes": 9720.0, "tonne_kms": 33324.48, "tonnes_per_trailer": 10.0, "avg_trip_distance": 3.3661091, "avg_trip_duration": 0.063464, "total_trip_distance": 3332.448, "total_trip_duration": 62.82936, "total_freight_value": 972000.0, "trip_transport_costs": 77779.0, "cst_per_tonne": 8.0, "cst_per_tonne_km": 2.333980988251528, "co2_tn": 8.333512}], "LGA_13340": [], "LGA_17040": [{"industry": "food", "sector": "food", "trips_count": 12, "trailer_loads": 34.739575, "tonnes": 369.52106, "tonne_kms": 115602.38, "tonnes_per_trailer": 13.249987, "avg_trip_distance": 185.93495, "avg_trip_duration": 2.1346037, "total_trip_distance": 10899.964, "total_trip_duration": 121.72689, "total_freight_value": 1493953.0, "trip_transport_costs": 49352.0, "cst_per_tonne": 134.0, "cst_per_tonne_km": 0.4269138371999116, "co2_tn": 24.00684}], "LGA_17080": [{"industry": "food", "sector": "food", "trips_count": 14, "trailer_loads": 28.957628, "tonnes": 287.96585, "tonne_kms": 54254.145, "tonnes_per_trailer": 13.250017, "avg_trip_distance": 120.15451, "avg_trip_duration": 1.2766205, "total_trip_distance": 5463.2217, "total_trip_duration": 57.685318, "total_freight_value": 1273158.0, "trip_transport_costs": 24982.0, "cst_per_tonne": 87.0, "cst_per_tonne_km": 0.4604677620709922, "co2_tn": 11.987051}], "LGA_20110": [{"industry": "grains", "sector": "cropping", "trips_count": 6, "trailer_loads": 116.64000000000001, "tonnes": 2916.0, "tonne_kms": 172466.17, "tonnes_per_trailer": 25.0, "avg_trip_distance": 61.251785, "avg_trip_duration": 0.69057417, "total_trip_distance": 6898.647, "total_trip_duration": 77.85353, "total_freight_value": 1458000.0, "trip_transport_costs": 36670.0, "cst_per_tonne": 13.0, "cst_per_tonne_km": 0.21262142751499732, "co2_tn": 15.142319}, {"industry": "food", "sector": "food", "trips_count": 10, "trailer_loads": 39.249986, "tonnes": 401.93924, "tonne_kms": 40597.223, "tonnes_per_trailer": 13.250005, "avg_trip_distance": 63.571728, "avg_trip_duration": 0.71977675, "total_trip_distance": 3948.8223, "total_trip_duration": 44.444275, "total_freight_value": 1709526.0, "trip_transport_costs": 19406.0, "cst_per_tonne": 48.0, "cst_per_tonne_km": 0.4780048706861009, "co2_tn": 8.672508}], "LGA_22110": [{"industry": "food", "sector": "food", "trips_count": 28, "trailer_loads": 43.30078999999999, "tonnes": 414.67023, "tonne_kms": 145453.1, "tonnes_per_trailer": 13.250022, "avg_trip_distance": 247.48276, "avg_trip_duration": 2.8461566, "total_trip_distance": 15224.874, "total_trip_duration": 175.04199, "total_freight_value": 1925896.0, "trip_transport_costs": 69079.0, "cst_per_tonne": 167.0, "cst_per_tonne_km": 0.4749247664648629, "co2_tn": 33.48111}], "LGA_23350": [{"industry": "grains", "sector": "cropping", "trips_count": 23, "trailer_loads": 531.36, "tonnes": 13284.0, "tonne_kms": 516879.78, "tonnes_per_trailer": 25.0, "avg_trip_distance": 38.99933, "avg_trip_duration": 0.46395716, "total_trip_distance": 20675.191, "total_trip_duration": 246.834, "total_freight_value": 6642000.0, "trip_transport_costs": 123052.0, "cst_per_tonne": 9.0, "cst_per_tonne_km": 0.2380666451135609, "co2_tn": 45.95431}, {"industry": "food", "sector": "food", "trips_count": 14, "trailer_loads": 13.027180999999999, "tonnes": 136.26436, "tonne_kms": 5902.6284, "tonnes_per_trailer": 13.250004, "avg_trip_distance": 27.187866, "avg_trip_duration": 0.32088298, "total_trip_distance": 557.7058, "total_trip_duration": 6.5496435, "total_freight_value": 563425.0, "trip_transport_costs": 3254.0, "cst_per_tonne": 24.0, "cst_per_tonne_km": 0.551206079116138, "co2_tn": 1.2396967}, {"industry": "livestock", "sector": "livestock", "trips_count": 6, "trailer_loads": 30.0, "tonnes": 600.0, "tonne_kms": 16718.6, "tonnes_per_trailer": 20.0, "avg_trip_distance": 27.062527, "avg_trip_duration": 0.373725, "total_trip_distance": 787.82166, "total_trip_duration": 10.905084, "total_freight_value": 1293000.0, "trip_transport_costs": 5655.0, "cst_per_tonne": 9.0, "cst_per_tonne_km": 0.3382702084469689, "co2_tn": 1.891648}], "LGA_23810": [{"industry": "food", "sector": "food", "trips_count": 18, "trailer_loads": 37.675025, "tonnes": 373.0053, "tonne_kms": 175219.06, "tonnes_per_trailer": 13.250005, "avg_trip_distance": 331.67422, "avg_trip_duration": 3.4912229, "total_trip_distance": 17696.486, "total_trip_duration": 186.15703, "total_freight_value": 1658717.0, "trip_transport_costs": 77877.0, "cst_per_tonne": 209.0, "cst_per_tonne_km": 0.44445527054247724, "co2_tn": 38.75403}], "LGA_24600": [], "LGA_24900": [{"industry": "food", "sector": "food", "trips_count": 8, "trailer_loads": 11.207666999999999, "tonnes": 110.43007, "tonne_kms": 15612.73, "tonnes_per_trailer": 13.250003, "avg_trip_distance": 105.70512, "avg_trip_duration": 1.1564691, "total_trip_distance": 1583.8608, "total_trip_duration": 17.31582, "total_freight_value": 494179.0, "trip_transport_costs": 7431.0, "cst_per_tonne": 67.0, "cst_per_tonne_km": 0.4759282988685614, "co2_tn": 3.4715083}, {"industry": "livestock", "sector": "livestock", "trips_count": 6, "trailer_loads": 30.0, "tonnes": 600.0, "tonne_kms": 60687.0, "tonnes_per_trailer": 20.0, "avg_trip_distance": 101.145, "avg_trip_duration": 1.1159861, "total_trip_distance": 3034.35, "total_trip_duration": 33.479584, "total_freight_value": 1293000.0, "trip_transport_costs": 14744.0, "cst_per_tonne": 25.0, "cst_per_tonne_km": 0.24295571001743568, "co2_tn": 6.6708364}], "LGA_26170": [], "LGA_26670": [{"industry": "grains", "sector": "cropping", "trips_count": 19, "trailer_loads": 349.9200000000001, "tonnes": 8748.0, "tonne_kms": 948569.6, "tonnes_per_trailer": 25.0, "avg_trip_distance": 105.89906, "avg_trip_duration": 1.2751454, "total_trip_distance": 36020.066, "total_trip_duration": 442.1252, "total_freight_value": 4374000.0, "trip_transport_costs": 186716.0, "cst_per_tonne": 21.0, "cst_per_tonne_km": 0.19684000858134162, "co2_tn": 84.377945}, {"industry": "food", "sector": "food", "trips_count": 12, "trailer_loads": 14.425018999999999, "tonnes": 152.97147, "tonne_kms": 10930.705, "tonnes_per_trailer": 13.250018, "avg_trip_distance": 48.9113, "avg_trip_duration": 0.56441647, "total_trip_distance": 1033.318, "total_trip_duration": 11.906497, "total_freight_value": 620985.0, "trip_transport_costs": 5372.0, "cst_per_tonne": 35.0, "cst_per_tonne_km": 0.49144869559365517, "co2_tn": 2.2818177}, {"industry": "livestock", "sector": "livestock", "trips_count": 8, "trailer_loads": 48.0, "tonnes": 480.0, "tonne_kms": 25081.14, "tonnes_per_trailer": 10.0, "avg_trip_distance": 52.252373, "avg_trip_duration": 0.6019146, "total_trip_distance": 2383.8481, "total_trip_duration": 27.510532, "total_freight_value": 3360000.0, "trip_transport_costs": 13479.0, "cst_per_tonne": 28.0, "cst_per_tonne_km": 0.5374012949688913, "co2_tn": 5.4488997}], "LGA_26700": [{"industry": "food",