{"orig_lga": "LGA_17900", "orig_name": "Walgett (A)", "orig_state": "NSW", "fetched_at": "2026-03-12T07:49:57.683425+00:00", "destinations": {"LGA_12150": [{"industry": "grains", "sector": "cropping", "trips_count": 88, "trailer_loads": 1862.5892100000003, "tonnes": 46012.332, "tonne_kms": 6404551.5, "tonnes_per_trailer": 24.579556, "avg_trip_distance": 132.62856, "avg_trip_duration": 1.4452974, "total_trip_distance": 129504.14, "total_trip_duration": 1404.263, "total_freight_value": 23069867.0, "trip_transport_costs": 880463.0, "cst_per_tonne": 19.0, "cst_per_tonne_km": 0.1374746045930919, "co2_tn": 431.72812}], "LGA_13550": [{"industry": "grains", "sector": "cropping", "trips_count": 26, "trailer_loads": 750.9284100000001, "tonnes": 16889.963, "tonne_kms": 4238396.5, "tonnes_per_trailer": 22.576952, "avg_trip_distance": 129.53644, "avg_trip_duration": 1.4589183, "total_trip_distance": 98832.47, "total_trip_duration": 1115.8108, "total_freight_value": 8268801.0, "trip_transport_costs": 625462.0, "cst_per_tonne": 37.0, "cst_per_tonne_km": 0.14757047403754286, "co2_tn": 320.92114}, {"industry": "livestock", "sector": "livestock", "trips_count": 11, "trailer_loads": 55.0, "tonnes": 1100.0, "tonne_kms": 306422.4, "tonnes_per_trailer": 20.0, "avg_trip_distance": 232.13818, "avg_trip_duration": 2.5865808, "total_trip_distance": 7846.7573, "total_trip_duration": 87.40754, "total_freight_value": 2370500.0, "trip_transport_costs": 49621.0, "cst_per_tonne": 45.0, "cst_per_tonne_km": 0.1619381299259896, "co2_tn": 25.90458}], "LGA_14920": [{"industry": "grains", "sector": "cropping", "trips_count": 68, "trailer_loads": 1375.2022400000003, "tonnes": 32943.477, "tonne_kms": 9737536.0, "tonnes_per_trailer": 23.897074, "avg_trip_distance": 189.19028, "avg_trip_duration": 2.1038394, "total_trip_distance": 251261.39, "total_trip_duration": 2795.677, "total_freight_value": 15310005.0, "trip_transport_costs": 1439218.0, "cst_per_tonne": 44.0, "cst_per_tonne_km": 0.1478010209867581, "co2_tn": 738.90967}], "LGA_15300": [{"industry": "fibre", "sector": "cropping", "trips_count": 19, "trailer_loads": 3805.776000000001, "tonnes": 47572.207, "tonne_kms": 11103419.0, "tonnes_per_trailer": 12.5, "avg_trip_distance": 231.44177, "avg_trip_duration": 2.467784, "total_trip_distance": 444136.75, "total_trip_duration": 4735.6772, "total_freight_value": 140338180.0, "trip_transport_costs": 2835677.0, "cst_per_tonne": 60.0, "cst_per_tonne_km": 0.25538774081658994, "co2_tn": 1474.4866}, {"industry": "grains", "sector": "cropping", "trips_count": 280, "trailer_loads": 5549.607029999997, "tonnes": 133688.81, "tonne_kms": 28802364.0, "tonnes_per_trailer": 24.27144, "avg_trip_distance": 200.335, "avg_trip_duration": 2.1585147, "total_trip_distance": 596677.6, "total_trip_duration": 6438.0815, "total_freight_value": 64645371.0, "trip_transport_costs": 3855661.0, "cst_per_tonne": 29.0, "cst_per_tonne_km": 0.1338661408882504, "co2_tn": 1985.4679}], "LGA_15750": [{"industry": "grains", "sector": "cropping", "trips_count": 78, "trailer_loads": 1646.0383500000005, "tonnes": 41037.582, "tonne_kms": 5988974.0, "tonnes_per_trailer": 24.923084, "avg_trip_distance": 117.372925, "avg_trip_duration": 1.2842908, "total_trip_distance": 122537.84, "total_trip_duration": 1334.0703, "total_freight_value": 16894366.0, "trip_transport_costs": 820813.0, "cst_per_tonne": 20.0, "cst_per_tonne_km": 0.13705409607200666, "co2_tn": 404.0466}], "LGA_15850": [{"industry": "grains", "sector": "cropping", "trips_count": 28, "trailer_loads": 551.17118, "tonnes": 13730.601, "tonne_kms": 3737073.0, "tonnes_per_trailer": 24.714302, "avg_trip_distance": 250.16998, "avg_trip_duration": 2.6984446, "total_trip_distance": 74991.6, "total_trip_duration": 809.7776, "total_freight_value": 5317058.0, "trip_transport_costs": 473787.0, "cst_per_tonne": 35.0, "cst_per_tonne_km": 0.12678012485786838, "co2_tn": 249.0771}, {"industry": "fibre", "sector": "cropping", "trips_count": 9, "trailer_loads": 1802.7360000000003, "tonnes": 22534.201, "tonne_kms": 5879591.0, "tonnes_per_trailer": 12.5, "avg_trip_distance": 258.72787, "avg_trip_duration": 2.762673, "total_trip_distance": 235183.64, "total_trip_duration": 2511.2695, "total_freight_value": 66475980.0, "trip_transport_costs": 1486635.0, "cst_per_tonne": 66.0, "cst_per_tonne_km": 0.2528465946866032, "co2_tn": 779.42957}], "LGA_17900": [{"industry": "fibre", "sector": "cropping", "trips_count": 6, "trailer_loads": 925.912, "tonnes": 12711.4, "tonne_kms": 624689.1, "tonnes_per_trailer": 14.25, "avg_trip_distance": 57.18054, "avg_trip_duration": 0.6219121, "total_trip_distance": 24766.176, "total_trip_duration": 269.52704, "total_freight_value": 27358660.0, "trip_transport_costs": 202856.0, "cst_per_tonne": 16.0, "cst_per_tonne_km": 0.3247314167191761, "co2_tn": 81.47809}, {"industry": "grains", "sector": "cropping", "trips_count": 623, "trailer_loads": 14446.460879999933, "tonnes": 354165.53, "tonne_kms": 20685232.0, "tonnes_per_trailer": 24.532919, "avg_trip_distance": 56.186737, "avg_trip_duration": 0.6128913, "total_trip_distance": 450861.06, "total_trip_duration": 4925.1807, "total_freight_value": 158552815.0, "trip_transport_costs": 3523695.0, "cst_per_tonne": 10.0, "cst_per_tonne_km": 0.17034832194493632, "co2_tn": 1457.3076}, {"industry": "livestock", "sector": "livestock", "trips_count": 15, "trailer_loads": 80.0, "tonnes": 1600.0, "tonne_kms": 102174.4, "tonnes_per_trailer": 20.0, "avg_trip_distance": 55.912937, "avg_trip_duration": 0.6035136, "total_trip_distance": 2707.7224, "total_trip_duration": 29.203806, "total_freight_value": 3448000.0, "trip_transport_costs": 21032.0, "cst_per_tonne": 13.0, "cst_per_tonne_km": 0.2058407892300108, "co2_tn": 8.836543}, {"industry": "waste", "sector": "waste", "trips_count": 16, "trailer_loads": 345.6000000000001, "tonnes": 3456.0, "tonne_kms": 150602.77, "tonnes_per_trailer": 10.0, "avg_trip_distance": 42.784874, "avg_trip_duration": 0.48056623, "total_trip_distance": 15060.276, "total_trip_duration": 169.15932, "total_freight_value": 345600.0, "trip_transport_costs": 86455.0, "cst_per_tonne": 25.0, "cst_per_tonne_km": 0.5740566811301605, "co2_tn": 33.56529}], "LGA_18230": [{"industry": "grains", "sector": "cropping", "trips_count": 11, "trailer_loads": 194.22260000000003, "tonnes": 4806.881, "tonne_kms": 1365208.2, "tonnes_per_trailer": 24.272734, "avg_trip_distance": 247.37756, "avg_trip_duration": 2.6534133, "total_trip_distance": 27588.098, "total_trip_duration": 294.6185, "total_freight_value": 1938386.0, "trip_transport_costs": 172064.0, "cst_per_tonne": 36.0, "cst_per_tonne_km": 0.12603494469731083, "co2_tn": 91.37147}, {"industry": "livestock", "sector": "livestock", "trips_count": 65, "trailer_loads": 376.0, "tonnes": 4460.0, "tonne_kms": 1405669.2, "tonnes_per_trailer": 12.153846, "avg_trip_distance": 305.67944, "avg_trip_duration": 3.2874634, "total_trip_distance": 59917.63, "total_trip_duration": 644.4496, "total_freight_value": 24240500.0, "trip_transport_costs": 373166.0, "cst_per_tonne": 84.0, "cst_per_tonne_km": 0.26547208754499857, "co2_tn": 198.99635}], "LGA_30300": [{"industry": "fibre", "sector": "cropping", "trips_count": 9, "trailer_loads": 1618.6820000000002, "tonnes": 20290.4, "tonne_kms": 5187737.5, "tonnes_per_trailer": 12.888889, "avg_trip_distance": 250.79367, "avg_trip_duration": 2.6082003, "total_trip_distance": 206933.22, "total_trip_duration": 2154.1787, "total_freight_value": 59349760.0, "trip_transport_costs": 1295792.0, "cst_per_tonne": 64.0, "cst_per_tonne_km": 0.24977973862341243, "co2_tn": 682.1212}, {"industry": "grains", "sector": "cropping", "trips_count": 60, "trailer_loads": 1448.2621800000006, "tonnes": 34674.28, "tonne_kms": 6727113.0, "tonnes_per_trailer": 24.150013, "avg_trip_distance": 181.36923, "avg_trip_duration": 1.9192591, "total_trip_distance": 140238.61, "total_trip_duration": 1486.6241, "total_freight_value": 18968996.0, "trip_transport_costs": 915219.0, "cst_per_tonne": 26.0,