{"orig_lga": "LGA_10300", "orig_name": "Balranald (A)", "orig_state": "NSW", "fetched_at": "2026-03-12T06:47:20.607071+00:00", "destinations": {"LGA_11750": [{"industry": "livestock", "sector": "livestock", "trips_count": 8, "trailer_loads": 48.0, "tonnes": 480.0, "tonne_kms": 217117.8, "tonnes_per_trailer": 10.0, "avg_trip_distance": 309.82544, "avg_trip_duration": 4.354923, "total_trip_distance": 11403.3545, "total_trip_duration": 172.73096, "total_freight_value": 3360000.0, "trip_transport_costs": 78588.0, "cst_per_tonne": 164.0, "cst_per_tonne_km": 0.3619582267553637, "co2_tn": 38.374855}], "LGA_15520": [{"industry": "grains", "sector": "cropping", "trips_count": 14, "trailer_loads": 376.79134000000005, "tonnes": 9187.965, "tonne_kms": 1290854.6, "tonnes_per_trailer": 23.285717, "avg_trip_distance": 119.46044, "avg_trip_duration": 1.335506, "total_trip_distance": 32444.67, "total_trip_duration": 363.51312, "total_freight_value": 7137519.0, "trip_transport_costs": 198631.0, "cst_per_tonne": 22.0, "cst_per_tonne_km": 0.15387594930371104, "co2_tn": 97.145485}], "LGA_21270": [{"industry": "grains", "sector": "cropping", "trips_count": 60, "trailer_loads": 1336.4950199999996, "tonnes": 33240.18, "tonne_kms": 7953617.0, "tonnes_per_trailer": 24.600035, "avg_trip_distance": 189.52516, "avg_trip_duration": 2.0956995, "total_trip_distance": 218650.17, "total_trip_duration": 2402.7644, "total_freight_value": 13355438.0, "trip_transport_costs": 1226168.0, "cst_per_tonne": 37.0, "cst_per_tonne_km": 0.15416487579841034, "co2_tn": 632.4559}], "LGA_21370": [{"industry": "livestock", "sector": "livestock", "trips_count": 22, "trailer_loads": 124.0909, "tonnes": 1600.0, "tonne_kms": 585928.6, "tonnes_per_trailer": 13.363639, "avg_trip_distance": 229.7164, "avg_trip_duration": 3.43228, "total_trip_distance": 28204.871, "total_trip_duration": 425.95334, "total_freight_value": 10233500.0, "trip_transport_costs": 179864.0, "cst_per_tonne": 112.0, "cst_per_tonne_km": 0.306972507943587, "co2_tn": 88.57446}], "LGA_24780": [{"industry": "grains", "sector": "cropping", "trips_count": 12, "trailer_loads": 347.38344000000006, "tonnes": 8684.575, "tonne_kms": 1585741.4, "tonnes_per_trailer": 24.999996, "avg_trip_distance": 129.92776, "avg_trip_duration": 1.4025538, "total_trip_distance": 34195.625, "total_trip_duration": 369.38583, "total_freight_value": 3258975.0, "trip_transport_costs": 217012.0, "cst_per_tonne": 25.0, "cst_per_tonne_km": 0.13685187976398816, "co2_tn": 108.7898}], "LGA_26610": [{"industry": "grains", "sector": "cropping", "trips_count": 35, "trailer_loads": 707.0250899999999, "tonnes": 17675.643, "tonne_kms": 1987541.4, "tonnes_per_trailer": 25.000036, "avg_trip_distance": 106.698074, "avg_trip_duration": 1.2595543, "total_trip_distance": 65394.832, "total_trip_duration": 766.9348, "total_freight_value": 7725695.0, "trip_transport_costs": 357250.0, "cst_per_tonne": 20.0, "cst_per_tonne_km": 0.17974481169384737, "co2_tn": 164.55614}, {"industry": "livestock", "sector": "livestock", "trips_count": 32, "trailer_loads": 257.0, "tonnes": 2620.0, "tonne_kms": 515041.5, "tonnes_per_trailer": 10.3125, "avg_trip_distance": 126.52394, "avg_trip_duration": 1.9640446, "total_trip_distance": 32454.016, "total_trip_duration": 494.96884, "total_freight_value": 17855500.0, "trip_transport_costs": 206835.0, "cst_per_tonne": 79.0, "cst_per_tonne_km": 0.40158866279806155, "co2_tn": 96.931145}]}}