{"orig_lga": "LGA_12850", "orig_name": "Fairfield (C)", "orig_state": "NSW", "fetched_at": "2026-03-12T07:07:31.229274+00:00", "destinations": {"LGA_10750": [{"industry": "fruit", "sector": "horticulture", "trips_count": 17, "trailer_loads": 1.8505933, "tonnes": 18.505932, "tonne_kms": 215.80005, "tonnes_per_trailer": 10.0, "avg_trip_distance": 1.269412, "avg_trip_duration": 0.018471472, "total_trip_distance": 21.580004, "total_trip_duration": 0.31401503, "total_freight_value": 101783.0, "trip_transport_costs": 221.0, "cst_per_tonne": 12.0, "cst_per_tonne_km": 1.0237230934640573, "co2_tn": 0.05005247}, {"industry": "vegetables", "sector": "horticulture", "trips_count": 71, "trailer_loads": 77.67285219999998, "tonnes": 996.7948, "tonne_kms": 14021.23, "tonnes_per_trailer": 13.394365, "avg_trip_distance": 4.8408465, "avg_trip_duration": 0.068993926, "total_trip_distance": 863.8515, "total_trip_duration": 12.278569, "total_freight_value": 4025360.0, "trip_transport_costs": 9614.0, "cst_per_tonne": 10.0, "cst_per_tonne_km": 0.6856776785906283, "co2_tn": 2.3835194}, {"industry": "tissue_product", "sector": "wood_product", "trips_count": 39, "trailer_loads": 2853.025356999995, "tonnes": 17118.16, "tonne_kms": 245492.73, "tonnes_per_trailer": 6.000002, "avg_trip_distance": 10.715202, "avg_trip_duration": 0.17555752, "total_trip_distance": 29546.783, "total_trip_duration": 452.45844, "total_freight_value": 42956022.0, "trip_transport_costs": 343102.0, "cst_per_tonne": 20.0, "cst_per_tonne_km": 1.397605467122762, "co2_tn": 87.7774}], "LGA_11450": [], "LGA_11570": [], "LGA_11650": [{"industry": "fruit", "sector": "horticulture", "trips_count": 6, "trailer_loads": 0.39904942000000004, "tonnes": 3.990494, "tonne_kms": 444.9913, "tonnes_per_trailer": 10.0, "avg_trip_distance": 7.416522, "avg_trip_duration": 0.08308716, "total_trip_distance": 44.49913, "total_trip_duration": 0.49852297, "total_freight_value": 21948.0, "trip_transport_costs": 216.0, "cst_per_tonne": 54.0, "cst_per_tonne_km": 0.48588131409031, "co2_tn": 0.09820651}], "LGA_12380": [{"industry": "tissue_product", "sector": "wood_product", "trips_count": 25, "trailer_loads": 43.58120299999999, "tonnes": 261.48706, "tonne_kms": 1994.6013, "tonnes_per_trailer": 5.9999967, "avg_trip_distance": 5.7151265, "avg_trip_duration": 0.10124739, "total_trip_distance": 332.43356, "total_trip_duration": 5.829997, "total_freight_value": 784461.0, "trip_transport_costs": 4383.0, "cst_per_tonne": 17.0, "cst_per_tonne_km": 2.1972227974205754, "co2_tn": 0.80827713}], "LGA_12850": [{"industry": "waste", "sector": "waste", "trips_count": 126, "trailer_loads": 4568.4000000000015, "tonnes": 45684.0, "tonne_kms": 316337.53, "tonnes_per_trailer": 10.0, "avg_trip_distance": 6.2649198, "avg_trip_duration": 0.111787885, "total_trip_distance": 31633.754, "total_trip_duration": 577.6675, "total_freight_value": 4568400.0, "trip_transport_costs": 446850.0, "cst_per_tonne": 10.0, "cst_per_tonne_km": 1.4125725321109246, "co2_tn": 78.38769}, {"industry": "tissue_product", "sector": "wood_product", "trips_count": 66, "trailer_loads": 131.45261000000005, "tonnes": 788.71545, "tonne_kms": 3735.4514, "tonnes_per_trailer": 5.999993, "avg_trip_distance": 3.3469243, "avg_trip_duration": 0.063706204, "total_trip_distance": 622.57526, "total_trip_duration": 12.100949, "total_freight_value": 2366147.0, "trip_transport_costs": 11459.0, "cst_per_tonne": 15.0, "cst_per_tonne_km": 3.067605870454182, "co2_tn": 1.5699193}], "LGA_14000": [], "LGA_14900": [{"industry": "waste", "sector": "waste", "trips_count": 36, "trailer_loads": 777.6000000000005, "tonnes": 7776.0, "tonne_kms": 53478.145, "tonnes_per_trailer": 10.0, "avg_trip_distance": 6.7522907, "avg_trip_duration": 0.114865, "total_trip_distance": 5347.8145, "total_trip_duration": 90.97308, "total_freight_value": 777600.0, "trip_transport_costs": 74902.0, "cst_per_tonne": 10.0, "cst_per_tonne_km": 1.4006129931875644, "co2_tn": 12.887179}, {"industry": "tissue_product", "sector": "wood_product", "trips_count": 20, "trailer_loads": 556.8439500000003, "tonnes": 3341.0652, "tonne_kms": 53391.066, "tonnes_per_trailer": 6.0000067, "avg_trip_distance": 6.622638, "avg_trip_duration": 0.11810025, "total_trip_distance": 8898.511, "total_trip_duration": 147.97812, "total_freight_value": 8418868.0, "trip_transport_costs": 78365.0, "cst_per_tonne": 23.0, "cst_per_tonne_km": 1.4677553495942983, "co2_tn": 21.248028}], "LGA_16260": [{"industry": "waste", "sector": "waste", "trips_count": 291, "trailer_loads": 6285.600000000025, "tonnes": 62856.0, "tonne_kms": 782797.6, "tonnes_per_trailer": 10.0, "avg_trip_distance": 12.227391, "avg_trip_duration": 0.20144582, "total_trip_distance": 78279.76, "total_trip_duration": 1289.6561, "total_freight_value": 6285600.0, "trip_transport_costs": 773584.0, "cst_per_tonne": 12.0, "cst_per_tonne_km": 0.9882300058875368, "co2_tn": 185.78488}], "LGA_16350": [], "LGA_17200": [], "LGA_17420": [], "LGA_18230": [], "LGA_31000": [{"industry": "fruit", "sector": "horticulture", "trips_count": 6, "trailer_loads": 0.5536808, "tonnes": 5.5368075, "tonne_kms": 5058.1597, "tonnes_per_trailer": 10.0, "avg_trip_distance": 56.2255, "avg_trip_duration": 0.5849887, "total_trip_distance": 337.353, "total_trip_duration": 3.5099323, "total_freight_value": 30452.0, "trip_transport_costs": 1862.0, "cst_per_tonne": 336.0, "cst_per_tonne_km": 0.3681583294164915, "co2_tn": 0.9937093}], "LGA_33430": [], "LGA_89399": []}}