{"orig_lga": "LGA_13910", "orig_name": "Hilltops (A)", "orig_state": "NSW", "fetched_at": "2026-03-12T07:16:48.713378+00:00", "destinations": {"LGA_10550": [{"industry": "grains", "sector": "cropping", "trips_count": 16, "trailer_loads": 216.3140500000001, "tonnes": 5389.943, "tonne_kms": 2138407.5, "tonnes_per_trailer": 24.874998, "avg_trip_distance": 349.9489, "avg_trip_duration": 4.016306, "total_trip_distance": 76463.484, "total_trip_duration": 879.2542, "total_freight_value": 2653783.0, "trip_transport_costs": 365584.0, "cst_per_tonne": 68.0, "cst_per_tonne_km": 0.1709609906663896, "co2_tn": 183.21901}], "LGA_10800": [{"industry": "grains", "sector": "cropping", "trips_count": 37, "trailer_loads": 1127.8694600000003, "tonnes": 28105.328, "tonne_kms": 4262333.0, "tonnes_per_trailer": 24.729717, "avg_trip_distance": 135.85052, "avg_trip_duration": 1.5268885, "total_trip_distance": 148064.55, "total_trip_duration": 1671.7373, "total_freight_value": 11326136.0, "trip_transport_costs": 753214.0, "cst_per_tonne": 27.0, "cst_per_tonne_km": 0.1767139336272823, "co2_tn": 362.50058}], "LGA_11400": [{"industry": "grains", "sector": "cropping", "trips_count": 7, "trailer_loads": 89.63504999999999, "tonnes": 2187.1519, "tonne_kms": 383333.88, "tonnes_per_trailer": 24.142853, "avg_trip_distance": 152.04712, "avg_trip_duration": 1.7717336, "total_trip_distance": 12495.803, "total_trip_duration": 145.4716, "total_freight_value": 847304.0, "trip_transport_costs": 66511.0, "cst_per_tonne": 30.0, "cst_per_tonne_km": 0.17350626138806136, "co2_tn": 32.752216}], "LGA_11450": [{"industry": "grains", "sector": "cropping", "trips_count": 21, "trailer_loads": 73.69950000000001, "tonnes": 1842.4872, "tonne_kms": 642681.3, "tonnes_per_trailer": 25.0, "avg_trip_distance": 311.63745, "avg_trip_duration": 3.2838955, "total_trip_distance": 17138.568, "total_trip_duration": 180.53055, "total_freight_value": 921245.0, "trip_transport_costs": 93747.0, "cst_per_tonne": 51.0, "cst_per_tonne_km": 0.14586843800511642, "co2_tn": 50.57909}], "LGA_12350": [{"industry": "grains", "sector": "cropping", "trips_count": 15, "trailer_loads": 395.01911999999993, "tonnes": 9839.658, "tonne_kms": 839540.8, "tonnes_per_trailer": 24.733334, "avg_trip_distance": 82.32144, "avg_trip_duration": 0.933597, "total_trip_distance": 33350.746, "total_trip_duration": 373.28723, "total_freight_value": 5051119.0, "trip_transport_costs": 168199.0, "cst_per_tonne": 17.0, "cst_per_tonne_km": 0.20034607356661507, "co2_tn": 74.2701}, {"industry": "livestock", "sector": "livestock", "trips_count": 165, "trailer_loads": 1251.21211, "tonnes": 13822.667, "tonne_kms": 1056031.6, "tonnes_per_trailer": 10.630303, "avg_trip_distance": 78.67456, "avg_trip_duration": 0.88005275, "total_trip_distance": 92170.07, "total_trip_duration": 1031.838, "total_freight_value": 89183920.0, "trip_transport_costs": 481609.0, "cst_per_tonne": 35.0, "cst_per_tonne_km": 0.4560555849673521, "co2_tn": 210.46944}], "LGA_12870": [{"industry": "grains", "sector": "cropping", "trips_count": 15, "trailer_loads": 202.62141000000003, "tonnes": 5065.537, "tonne_kms": 1489958.1, "tonnes_per_trailer": 25.0, "avg_trip_distance": 201.48692, "avg_trip_duration": 2.2124352, "total_trip_distance": 39861.96, "total_trip_duration": 433.23648, "total_freight_value": 2001922.0, "trip_transport_costs": 218761.0, "cst_per_tonne": 43.0, "cst_per_tonne_km": 0.1468236661065978, "co2_tn": 113.3457}, {"industry": "livestock", "sector": "livestock", "trips_count": 8, "trailer_loads": 127.0, "tonnes": 2286.0, "tonne_kms": 811723.7, "tonnes_per_trailer": 18.0, "avg_trip_distance": 260.56137, "avg_trip_duration": 2.765204, "total_trip_distance": 30123.178, "total_trip_duration": 317.70544, "total_freight_value": 8389620.0, "trip_transport_costs": 164909.0, "cst_per_tonne": 72.0, "cst_per_tonne_km": 0.20315853369279793, "co2_tn": 88.61933}], "LGA_12900": [{"industry": "grains", "sector": "cropping", "trips_count": 13, "trailer_loads": 175.61973999999998, "tonnes": 4318.861, "tonne_kms": 509211.44, "tonnes_per_trailer": 24.384613, "avg_trip_distance": 108.47368, "avg_trip_duration": 1.195455, "total_trip_distance": 20664.875, "total_trip_duration": 227.17192, "total_freight_value": 1847844.0, "trip_transport_costs": 98728.0, "cst_per_tonne": 23.0, "cst_per_tonne_km": 0.19388483298103207, "co2_tn": 45.41556}, {"industry": "livestock", "sector": "livestock", "trips_count": 80, "trailer_loads": 467.0, "tonnes": 5434.0, "tonne_kms": 836173.2, "tonnes_per_trailer": 12.15, "avg_trip_distance": 150.42674, "avg_trip_duration": 1.7175531, "total_trip_distance": 67772.805, "total_trip_duration": 773.9454, "total_freight_value": 31214980.0, "trip_transport_costs": 330408.0, "cst_per_tonne": 61.0, "cst_per_tonne_km": 0.39514304589279453, "co2_tn": 157.02635}], "LGA_13310": [{"industry": "grains", "sector": "cropping", "trips_count": 19, "trailer_loads": 82.54345, "tonnes": 2063.5864, "tonne_kms": 454043.66, "tonnes_per_trailer": 25.000002, "avg_trip_distance": 217.49352, "avg_trip_duration": 2.3416247, "total_trip_distance": 15003.039, "total_trip_duration": 161.66798, "total_freight_value": 1031793.0, "trip_transport_costs": 74987.0, "cst_per_tonne": 36.0, "cst_per_tonne_km": 0.16515335738382672, "co2_tn": 37.80143}, {"industry": "livestock", "sector": "livestock", "trips_count": 70, "trailer_loads": 434.0, "tonnes": 4840.0, "tonne_kms": 749715.25, "tonnes_per_trailer": 11.428572, "avg_trip_distance": 153.20566, "avg_trip_duration": 1.650606, "total_trip_distance": 64100.52, "total_trip_duration": 690.8368, "total_freight_value": 28380000.0, "trip_transport_costs": 304772.0, "cst_per_tonne": 63.0, "cst_per_tonne_km": 0.4065172098491102, "co2_tn": 145.57387}], "LGA_13340": [{"industry": "grains", "sector": "cropping", "trips_count": 12, "trailer_loads": 322.82667, "tonnes": 8016.941, "tonne_kms": 1723683.1, "tonnes_per_trailer": 24.49999, "avg_trip_distance": 186.53519, "avg_trip_duration": 2.0849214, "total_trip_distance": 60594.875, "total_trip_duration": 682.95386, "total_freight_value": 3606719.0, "trip_transport_costs": 300588.0, "cst_per_tonne": 37.0, "cst_per_tonne_km": 0.1743871881428141, "co2_tn": 147.6657}, {"industry": "livestock", "sector": "livestock", "trips_count": 7, "trailer_loads": 35.0, "tonnes": 700.0, "tonne_kms": 189860.1, "tonnes_per_trailer": 20.0, "avg_trip_distance": 259.44122, "avg_trip_duration": 2.805966, "total_trip_distance": 9080.443, "total_trip_duration": 98.2088, "total_freight_value": 1508500.0, "trip_transport_costs": 41821.0, "cst_per_tonne": 60.0, "cst_per_tonne_km": 0.22027150995889572, "co2_tn": 20.65051}], "LGA_13450": [{"industry": "grains", "sector": "cropping", "trips_count": 17, "trailer_loads": 710.0167299999998, "tonnes": 17676.932, "tonne_kms": 4277221.5, "tonnes_per_trailer": 24.529428, "avg_trip_distance": 196.88477, "avg_trip_duration": 2.2196834, "total_trip_distance": 112475.48, "total_trip_duration": 1261.0878, "total_freight_value": 7998331.0, "trip_transport_costs": 639703.0, "cst_per_tonne": 36.0, "cst_per_tonne_km": 0.14956035195504547, "co2_tn": 328.932}], "LGA_13510": [{"industry": "grains", "sector": "cropping", "trips_count": 36, "trailer_loads": 817.6126900000002, "tonnes": 20180.826, "tonne_kms": 1330379.4, "tonnes_per_trailer": 24.00001, "avg_trip_distance": 63.366425, "avg_trip_duration": 0.7298996, "total_trip_distance": 51700.645, "total_trip_duration": 595.90063, "total_freight_value": 8923325.0, "trip_transport_costs": 278415.0, "cst_per_tonne": 14.0, "cst_per_tonne_km": 0.20927511981353886, "co2_tn": 118.10217}, {"industry": "livestock", "sector": "livestock", "trips_count": 77, "trailer_loads": 480.0, "tonnes": 4800.0, "tonne_kms": 555442.06, "tonnes_per_trailer": 10.0, "avg_trip_distance": 115.027, "avg_trip_duration": 1.2522913, "total_trip_distance": 52706.88, "total_trip_duration": 573.1876, "total_freight_value": 33600000.0, "trip_transport_costs": 259197.0, "cst_per_tonne": 54.0,