{"orig_lga": "LGA_10600", "orig_name": "Bellingen (A)", "orig_state": "NSW", "fetched_at": "2026-03-12T06:49:15.975674+00:00", "destinations": {"LGA_11730": [{"industry": "wood_product", "sector": "wood_product", "trips_count": 38, "trailer_loads": 456.101417, "tonnes": 11175.208, "tonne_kms": 1342183.4, "tonnes_per_trailer": 24.631588, "avg_trip_distance": 83.53631, "avg_trip_duration": 1.0090101, "total_trip_distance": 41322.195, "total_trip_duration": 492.90903, "total_freight_value": 22920438.0, "trip_transport_costs": 229236.0, "cst_per_tonne": 21.0, "cst_per_tonne_km": 0.1707934628817755, "co2_tn": 108.60643}], "LGA_31000": [{"industry": "dairy_product", "sector": "cold_food", "trips_count": 6, "trailer_loads": 319.14716999999996, "tonnes": 6702.0796, "tonne_kms": 2655709.5, "tonnes_per_trailer": 20.999973, "avg_trip_distance": 252.94768, "avg_trip_duration": 2.6575794, "total_trip_distance": 84392.04, "total_trip_duration": 882.3938, "total_freight_value": 13404157.0, "trip_transport_costs": 465768.0, "cst_per_tonne": 69.0, "cst_per_tonne_km": 0.17538349921179255, "co2_tn": 248.77827}, {"industry": "fruit", "sector": "horticulture", "trips_count": 18, "trailer_loads": 6.466248100000001, "tonnes": 95.66822, "tonne_kms": 41491.89, "tonnes_per_trailer": 14.722219, "avg_trip_distance": 94.966385, "avg_trip_duration": 1.0097141, "total_trip_distance": 1868.1229, "total_trip_duration": 19.870087, "total_freight_value": 581698.0, "trip_transport_costs": 10269.0, "cst_per_tonne": 107.0, "cst_per_tonne_km": 0.2474898578579078, "co2_tn": 5.5205445}, {"industry": "wood_product", "sector": "wood_product", "trips_count": 52, "trailer_loads": 255.85182299999994, "tonnes": 5099.9985, "tonne_kms": 2167869.0, "tonnes_per_trailer": 24.461573, "avg_trip_distance": 238.53276, "avg_trip_duration": 2.5349991, "total_trip_distance": 72389.234, "total_trip_duration": 763.16644, "total_freight_value": 3840004.0, "trip_transport_costs": 394441.0, "cst_per_tonne": 77.0, "cst_per_tonne_km": 0.18194877025909428, "co2_tn": 213.80446}]}}