{"orig_lga": "LGA_13510", "orig_name": "Gundagai (A)", "orig_state": "NSW", "fetched_at": "2026-03-12T07:15:29.435697+00:00", "destinations": {"LGA_10800": [{"industry": "grains", "sector": "cropping", "trips_count": 12, "trailer_loads": 271.44948, "tonnes": 6786.2427, "tonne_kms": 881991.94, "tonnes_per_trailer": 25.000004, "avg_trip_distance": 118.586914, "avg_trip_duration": 1.3883514, "total_trip_distance": 23519.785, "total_trip_duration": 275.98203, "total_freight_value": 3279515.0, "trip_transport_costs": 142744.0, "cst_per_tonne": 21.0, "cst_per_tonne_km": 0.16184220230258625, "co2_tn": 70.62796}], "LGA_12350": [{"industry": "livestock", "sector": "livestock", "trips_count": 89, "trailer_loads": 628.54545, "tonnes": 6340.0, "tonne_kms": 982686.3, "tonnes_per_trailer": 10.134831, "avg_trip_distance": 154.41695, "avg_trip_duration": 1.7814548, "total_trip_distance": 66616.8, "total_trip_duration": 767.4737, "total_freight_value": 44298000.0, "trip_transport_costs": 387981.0, "cst_per_tonne": 61.0, "cst_per_tonne_km": 0.39481636187501595, "co2_tn": 194.83995}], "LGA_12870": [{"industry": "grains", "sector": "cropping", "trips_count": 6, "trailer_loads": 325.4346, "tonnes": 8135.8706, "tonne_kms": 2255707.2, "tonnes_per_trailer": 25.000027, "avg_trip_distance": 271.5108, "avg_trip_duration": 2.9260216, "total_trip_distance": 60152.195, "total_trip_duration": 645.1317, "total_freight_value": 4105283.0, "trip_transport_costs": 334292.0, "cst_per_tonne": 41.0, "cst_per_tonne_km": 0.14819839556418501, "co2_tn": 177.75723}], "LGA_12900": [{"industry": "livestock", "sector": "livestock", "trips_count": 33, "trailer_loads": 205.0, "tonnes": 2300.0, "tonne_kms": 481436.44, "tonnes_per_trailer": 11.515152, "avg_trip_distance": 190.30371, "avg_trip_duration": 2.2302465, "total_trip_distance": 28760.076, "total_trip_duration": 339.5202, "total_freight_value": 13677500.0, "trip_transport_costs": 167672.0, "cst_per_tonne": 73.0, "cst_per_tonne_km": 0.3482745296529929, "co2_tn": 86.42518}], "LGA_13340": [], "LGA_13510": [{"industry": "grains", "sector": "cropping", "trips_count": 28, "trailer_loads": 682.7459200000003, "tonnes": 16888.373, "tonne_kms": 318433.28, "tonnes_per_trailer": 23.999996, "avg_trip_distance": 23.14506, "avg_trip_duration": 0.275784, "total_trip_distance": 10206.348, "total_trip_duration": 121.09949, "total_freight_value": 7576074.0, "trip_transport_costs": 92775.0, "cst_per_tonne": 5.0, "cst_per_tonne_km": 0.2913482280018553, "co2_tn": 27.204227}, {"industry": "livestock", "sector": "livestock", "trips_count": 114, "trailer_loads": 738.0, "tonnes": 7380.0, "tonne_kms": 258649.8, "tonnes_per_trailer": 10.0, "avg_trip_distance": 36.36844, "avg_trip_duration": 0.40873244, "total_trip_distance": 18671.965, "total_trip_duration": 211.01826, "total_freight_value": 51660000.0, "trip_transport_costs": 140589.0, "cst_per_tonne": 19.0, "cst_per_tonne_km": 0.5435507889279525, "co2_tn": 52.511986}, {"industry": "waste", "sector": "waste", "trips_count": 29, "trailer_loads": 626.4000000000003, "tonnes": 6264.0, "tonne_kms": 267264.56, "tonnes_per_trailer": 10.0, "avg_trip_distance": 41.891, "avg_trip_duration": 0.48793826, "total_trip_distance": 26726.457, "total_trip_duration": 311.3046, "total_freight_value": 626400.0, "trip_transport_costs": 154608.0, "cst_per_tonne": 25.0, "cst_per_tonne_km": 0.578483538311494, "co2_tn": 59.570946}], "LGA_13910": [{"industry": "grains", "sector": "cropping", "trips_count": 25, "trailer_loads": 659.9818800000002, "tonnes": 16499.553, "tonne_kms": 948682.56, "tonnes_per_trailer": 24.999998, "avg_trip_distance": 52.78775, "avg_trip_duration": 0.6023929, "total_trip_distance": 33039.355, "total_trip_duration": 378.50476, "total_freight_value": 8551091.0, "trip_transport_costs": 193623.0, "cst_per_tonne": 12.0, "cst_per_tonne_km": 0.20409662220936603, "co2_tn": 80.887566}], "LGA_14300": [{"industry": "grains", "sector": "cropping", "trips_count": 10, "trailer_loads": 144.29426, "tonnes": 3607.3562, "tonne_kms": 246685.97, "tonnes_per_trailer": 24.99998, "avg_trip_distance": 53.34436, "avg_trip_duration": 0.62228173, "total_trip_distance": 6673.307, "total_trip_duration": 76.5048, "total_freight_value": 1676164.0, "trip_transport_costs": 44060.0, "cst_per_tonne": 12.0, "cst_per_tonne_km": 0.17860757030327715, "co2_tn": 19.742582}, {"industry": "livestock", "sector": "livestock", "trips_count": 58, "trailer_loads": 347.0, "tonnes": 3520.0, "tonne_kms": 246866.9, "tonnes_per_trailer": 10.172414, "avg_trip_distance": 69.2342, "avg_trip_duration": 0.85385585, "total_trip_distance": 16240.351, "total_trip_duration": 200.08615, "total_freight_value": 24155500.0, "trip_transport_costs": 109723.0, "cst_per_tonne": 31.0, "cst_per_tonne_km": 0.44446335081982424, "co2_tn": 49.297447}], "LGA_16950": [], "LGA_17080": [{"industry": "wood_product", "sector": "wood_product", "trips_count": 45, "trailer_loads": 4897.128944, "tonnes": 97942.6, "tonne_kms": 6651259.0, "tonnes_per_trailer": 19.999996, "avg_trip_distance": 56.64453, "avg_trip_duration": 0.6873972, "total_trip_distance": 332562.97, "total_trip_duration": 3939.652, "total_freight_value": 146913871.0, "trip_transport_costs": 1782291.0, "cst_per_tonne": 18.0, "cst_per_tonne_km": 0.26796293298262075, "co2_tn": 744.89453}], "LGA_17350": [{"industry": "grains", "sector": "cropping", "trips_count": 22, "trailer_loads": 1066.77311, "tonnes": 26456.213, "tonne_kms": 854646.44, "tonnes_per_trailer": 23.545464, "avg_trip_distance": 49.709038, "avg_trip_duration": 0.58155257, "total_trip_distance": 28527.115, "total_trip_duration": 353.40115, "total_freight_value": 12176530.0, "trip_transport_costs": 205905.0, "cst_per_tonne": 8.0, "cst_per_tonne_km": 0.24092440329560075, "co2_tn": 74.569984}, {"industry": "livestock", "sector": "livestock", "trips_count": 26, "trailer_loads": 135.0, "tonnes": 2700.0, "tonne_kms": 174045.3, "tonnes_per_trailer": 20.0, "avg_trip_distance": 55.89388, "avg_trip_duration": 0.6583263, "total_trip_distance": 5997.822, "total_trip_duration": 70.723335, "total_freight_value": 5753000.0, "trip_transport_costs": 39982.0, "cst_per_tonne": 15.0, "cst_per_tonne_km": 0.2297203696787044, "co2_tn": 17.668156}], "LGA_17750": [{"industry": "grains", "sector": "cropping", "trips_count": 8, "trailer_loads": 629.6141000000001, "tonnes": 15699.244, "tonne_kms": 1588846.9, "tonnes_per_trailer": 24.500006, "avg_trip_distance": 103.9615, "avg_trip_duration": 1.1913459, "total_trip_distance": 42981.25, "total_trip_duration": 475.36185, "total_freight_value": 7523859.0, "trip_transport_costs": 262414.0, "cst_per_tonne": 17.0, "cst_per_tonne_km": 0.16515999313328653, "co2_tn": 126.111786}, {"industry": "livestock", "sector": "livestock", "trips_count": 43, "trailer_loads": 227.27270000000001, "tonnes": 4600.0, "tonne_kms": 438875.1, "tonnes_per_trailer": 20.279074, "avg_trip_distance": 91.1907, "avg_trip_duration": 1.0743554, "total_trip_distance": 21038.984, "total_trip_duration": 247.12195, "total_freight_value": 12197000.0, "trip_transport_costs": 107139.0, "cst_per_tonne": 23.0, "cst_per_tonne_km": 0.24412136675214688, "co2_tn": 47.912743}], "LGA_20830": [{"industry": "livestock", "sector": "livestock", "trips_count": 6, "trailer_loads": 33.0909, "tonnes": 440.0, "tonne_kms": 276213.44, "tonnes_per_trailer": 14.000008, "avg_trip_distance": 536.9175, "avg_trip_duration": 5.631122, "total_trip_distance": 13743.738, "total_trip_duration": 144.10019, "total_freight_value": 2916000.0, "trip_transport_costs": 77521.0, "cst_per_tonne": 176.0, "cst_per_tonne_km": 0.28065649313879776, "co2_tn": 40.502537}], "LGA_21370": [{"industry": "livestock", "sector": "livestock", "trips_count": 6, "trailer_loads": 30.636349999999997, "tonnes": 520.0, "tonne_kms": 236729.0, "tonnes_per_trailer": 17.666677, "avg_trip_distance": 388.2464, "avg_trip_duration": 4.1134386, "total_trip_distance": 9317.913, "total_trip_duration": 98.72252, "total_freight_value": 3269500.0,