{"orig_lga": "LGA_18200", "orig_name": "Wentworth (A)", "orig_state": "NSW", "fetched_at": "2026-03-12T07:51:27.098109+00:00", "destinations": {"LGA_11600": [{"industry": "grains", "sector": "cropping", "trips_count": 14, "trailer_loads": 186.49699999999999, "tonnes": 4662.4297, "tonne_kms": 2159771.5, "tonnes_per_trailer": 25.000027, "avg_trip_distance": 313.18546, "avg_trip_duration": 3.3229046, "total_trip_distance": 43273.957, "total_trip_duration": 457.46567, "total_freight_value": 1914097.0, "trip_transport_costs": 267758.0, "cst_per_tonne": 57.0, "cst_per_tonne_km": 0.12397529510970547, "co2_tn": 143.15126}], "LGA_18200": [{"industry": "waste", "sector": "waste", "trips_count": 17, "trailer_loads": 360.7200000000001, "tonnes": 3607.2, "tonne_kms": 46363.02, "tonnes_per_trailer": 10.0, "avg_trip_distance": 13.045773, "avg_trip_duration": 0.15046126, "total_trip_distance": 4393.4844, "total_trip_duration": 50.933975, "total_freight_value": 360720.0, "trip_transport_costs": 41891.0, "cst_per_tonne": 12.0, "cst_per_tonne_km": 0.9035378143300663, "co2_tn": 10.131117}], "LGA_21270": [{"industry": "grains", "sector": "cropping", "trips_count": 27, "trailer_loads": 402.02877000000007, "tonnes": 9999.285, "tonne_kms": 3132096.5, "tonnes_per_trailer": 24.703726, "avg_trip_distance": 258.68463, "avg_trip_duration": 2.7926207, "total_trip_distance": 72445.47, "total_trip_duration": 781.7643, "total_freight_value": 4107366.0, "trip_transport_costs": 423551.0, "cst_per_tonne": 42.0, "cst_per_tonne_km": 0.13522924358407978, "co2_tn": 224.52744}], "LGA_24780": [{"industry": "grains", "sector": "cropping", "trips_count": 35, "trailer_loads": 635.6594500000001, "tonnes": 15891.502, "tonne_kms": 1572832.9, "tonnes_per_trailer": 25.000025, "avg_trip_distance": 89.700554, "avg_trip_duration": 1.003339, "total_trip_distance": 32340.176, "total_trip_duration": 361.61047, "total_freight_value": 6058369.0, "trip_transport_costs": 230274.0, "cst_per_tonne": 14.0, "cst_per_tonne_km": 0.14640699208785582, "co2_tn": 106.28853}, {"industry": "livestock", "sector": "livestock", "trips_count": 7, "trailer_loads": 48.0, "tonnes": 480.0, "tonne_kms": 92679.24, "tonnes_per_trailer": 10.0, "avg_trip_distance": 197.88715, "avg_trip_duration": 2.1497953, "total_trip_distance": 4633.962, "total_trip_duration": 50.38705, "total_freight_value": 3360000.0, "trip_transport_costs": 30103.0, "cst_per_tonne": 63.0, "cst_per_tonne_km": 0.3248056126333911, "co2_tn": 15.340855}, {"industry": "waste", "sector": "waste", "trips_count": 12, "trailer_loads": 511.9200000000002, "tonnes": 5119.2, "tonne_kms": 97549.27, "tonnes_per_trailer": 10.0, "avg_trip_distance": 13.645773, "avg_trip_duration": 0.20901449, "total_trip_distance": 7074.5547, "total_trip_duration": 101.56486, "total_freight_value": 511920.0, "trip_transport_costs": 70374.0, "cst_per_tonne": 14.0, "cst_per_tonne_km": 0.7214231244974997, "co2_tn": 20.614386}], "LGA_26610": [{"industry": "grains", "sector": "cropping", "trips_count": 12, "trailer_loads": 143.55235, "tonnes": 3588.811, "tonne_kms": 835907.9, "tonnes_per_trailer": 25.000027, "avg_trip_distance": 175.84676, "avg_trip_duration": 1.9198191, "total_trip_distance": 19447.049, "total_trip_duration": 212.88443, "total_freight_value": 1440872.0, "trip_transport_costs": 114734.0, "cst_per_tonne": 32.0, "cst_per_tonne_km": 0.13725616565775864, "co2_tn": 58.80936}, {"industry": "livestock", "sector": "livestock", "trips_count": 30, "trailer_loads": 282.0, "tonnes": 2820.0, "tonne_kms": 882792.6, "tonnes_per_trailer": 10.0, "avg_trip_distance": 303.83246, "avg_trip_duration": 3.4508762, "total_trip_distance": 44304.7, "total_trip_duration": 496.4958, "total_freight_value": 19740000.0, "trip_transport_costs": 278983.0, "cst_per_tonne": 99.0, "cst_per_tonne_km": 0.31602355222492795, "co2_tn": 147.25069}], "LGA_31000": [{"industry": "vegetables", "sector": "horticulture", "trips_count": 8, "trailer_loads": 245.388947, "tonnes": 5146.2603, "tonne_kms": 8710230.0, "tonnes_per_trailer": 18.75, "avg_trip_distance": 513.25635, "avg_trip_duration": 5.538886, "total_trip_distance": 228457.9, "total_trip_duration": 2466.897, "total_freight_value": 23190415.0, "trip_transport_costs": 1327818.0, "cst_per_tonne": 258.0, "cst_per_tonne_km": 0.1524435540561707, "co2_tn": 708.8683}, {"industry": "fruit", "sector": "horticulture", "trips_count": 364, "trailer_loads": 402.3490954500001, "tonnes": 7872.381, "tonne_kms": 13265209.0, "tonnes_per_trailer": 17.5, "avg_trip_distance": 326.48453, "avg_trip_duration": 3.5069203, "total_trip_distance": 368682.5, "total_trip_duration": 3968.451, "total_freight_value": 29927816.0, "trip_transport_costs": 2162601.0, "cst_per_tonne": 275.0, "cst_per_tonne_km": 0.1630280737670179, "co2_tn": 1159.1237}]}}