{"orig_lga": "LGA_10550", "orig_name": "Bega Valley (A)", "orig_state": "NSW", "fetched_at": "2026-03-12T06:49:14.129174+00:00", "destinations": {"LGA_10550": [{"industry": "livestock", "sector": "livestock", "trips_count": 51, "trailer_loads": 1814.8000000000009, "tonnes": 44720.0, "tonne_kms": 611922.4, "tonnes_per_trailer": 22.745098, "avg_trip_distance": 20.88051, "avg_trip_duration": 0.2543782, "total_trip_distance": 25189.803, "total_trip_duration": 353.09753, "total_freight_value": 72995000.0, "trip_transport_costs": 230025.0, "cst_per_tonne": 5.0, "cst_per_tonne_km": 0.3759052032515319, "co2_tn": 58.246723}, {"industry": "waste", "sector": "waste", "trips_count": 102, "trailer_loads": 3786.4799999999955, "tonnes": 37864.8, "tonne_kms": 544554.06, "tonnes_per_trailer": 10.0, "avg_trip_distance": 17.034698, "avg_trip_duration": 0.21813643, "total_trip_distance": 54455.406, "total_trip_duration": 709.9639, "total_freight_value": 3786480.0, "trip_transport_costs": 479988.0, "cst_per_tonne": 13.0, "cst_per_tonne_km": 0.8814327084503777, "co2_tn": 123.37312}], "LGA_10750": [], "LGA_16490": [], "LGA_17040": [{"industry": "livestock", "sector": "livestock", "trips_count": 13, "trailer_loads": 74.09091000000001, "tonnes": 1500.0, "tonne_kms": 167754.4, "tonnes_per_trailer": 20.153847, "avg_trip_distance": 113.17117, "avg_trip_duration": 1.2717688, "total_trip_distance": 8284.833, "total_trip_duration": 93.03569, "total_freight_value": 4037500.0, "trip_transport_costs": 40232.0, "cst_per_tonne": 27.0, "cst_per_tonne_km": 0.2398296204868686, "co2_tn": 18.2645}, {"industry": "wood_product", "sector": "wood_product", "trips_count": 14, "trailer_loads": 843.697361, "tonnes": 16873.95, "tonne_kms": 968282.8, "tonnes_per_trailer": 20.000008, "avg_trip_distance": 48.579067, "avg_trip_duration": 0.61868733, "total_trip_distance": 48414.14, "total_trip_duration": 687.81305, "total_freight_value": 25310944.0, "trip_transport_costs": 280767.0, "cst_per_tonne": 17.0, "cst_per_tonne_km": 0.2899639747904256, "co2_tn": 111.61865}], "LGA_17080": [{"industry": "wood_product", "sector": "wood_product", "trips_count": 7, "trailer_loads": 318.41339, "tonnes": 6534.946, "tonne_kms": 2050505.9, "tonnes_per_trailer": 20.714294, "avg_trip_distance": 313.89734, "avg_trip_duration": 3.6506548, "total_trip_distance": 99749.33, "total_trip_duration": 1142.6824, "total_freight_value": 10219076.0, "trip_transport_costs": 452977.0, "cst_per_tonne": 69.0, "cst_per_tonne_km": 0.22090997777579674, "co2_tn": 220.27216}], "LGA_24600": [], "LGA_26170": [{"industry": "livestock", "sector": "livestock", "trips_count": 7, "trailer_loads": 205.07275, "tonnes": 5020.0, "tonne_kms": 2702037.2, "tonnes_per_trailer": 23.428572, "avg_trip_distance": 358.60938, "avg_trip_duration": 3.9899838, "total_trip_distance": 75233.62, "total_trip_duration": 837.5658, "total_freight_value": 10835500.0, "trip_transport_costs": 432676.0, "cst_per_tonne": 86.0, "cst_per_tonne_km": 0.16012946573923065, "co2_tn": 218.54291}]}}