{"orig_lga": "LGA_17000", "orig_name": "Singleton (A)", "orig_state": "NSW", "fetched_at": "2026-03-12T07:42:20.068841+00:00", "destinations": {"LGA_11720": [{"industry": "livestock", "sector": "livestock", "trips_count": 17, "trailer_loads": 291.3635000000001, "tonnes": 6400.0, "tonne_kms": 349812.5, "tonnes_per_trailer": 21.88237, "avg_trip_distance": 55.893414, "avg_trip_duration": 0.78488344, "total_trip_distance": 15914.729, "total_trip_duration": 215.71495, "total_freight_value": 39149500.0, "trip_transport_costs": 90436.0, "cst_per_tonne": 14.0, "cst_per_tonne_km": 0.2585272460414061, "co2_tn": 36.16438}], "LGA_15240": [{"industry": "livestock", "sector": "livestock", "trips_count": 9, "trailer_loads": 60.30301, "tonnes": 1266.667, "tonne_kms": 272206.34, "tonnes_per_trailer": 20.666676, "avg_trip_distance": 128.5199, "avg_trip_duration": 1.5167251, "total_trip_distance": 8405.407, "total_trip_duration": 97.80016, "total_freight_value": 5413000.0, "trip_transport_costs": 50197.0, "cst_per_tonne": 40.0, "cst_per_tonne_km": 0.18440606684319097, "co2_tn": 25.736618}, {"industry": "wood_product", "sector": "wood_product", "trips_count": 7, "trailer_loads": 70.46535, "tonnes": 1761.636, "tonne_kms": 402667.2, "tonnes_per_trailer": 25.000004, "avg_trip_distance": 207.34868, "avg_trip_duration": 2.5057147, "total_trip_distance": 15834.164, "total_trip_duration": 192.28201, "total_freight_value": 3523272.0, "trip_transport_costs": 75025.0, "cst_per_tonne": 43.0, "cst_per_tonne_km": 0.18632119701346878, "co2_tn": 35.780376}], "LGA_15900": [{"industry": "meat", "sector": "cold_food", "trips_count": 12, "trailer_loads": 193.56774000000001, "tonnes": 2516.3818, "tonne_kms": 123996.664, "tonnes_per_trailer": 13.000008, "avg_trip_distance": 48.119205, "avg_trip_duration": 0.5631309, "total_trip_distance": 9538.205, "total_trip_duration": 111.62926, "total_freight_value": 15098305.0, "trip_transport_costs": 53317.0, "cst_per_tonne": 21.0, "cst_per_tonne_km": 0.42999052456867387, "co2_tn": 21.265781}], "LGA_17000": [{"industry": "livestock", "sector": "livestock", "trips_count": 16, "trailer_loads": 85.0, "tonnes": 1700.0, "tonne_kms": 38618.3, "tonnes_per_trailer": 20.0, "avg_trip_distance": 23.622126, "avg_trip_duration": 0.30475312, "total_trip_distance": 1930.915, "total_trip_duration": 25.085417, "total_freight_value": 3663500.0, "trip_transport_costs": 14046.0, "cst_per_tonne": 8.0, "cst_per_tonne_km": 0.36371934626480024, "co2_tn": 4.393459}, {"industry": "waste", "sector": "waste", "trips_count": 62, "trailer_loads": 2466.719999999999, "tonnes": 24667.2, "tonne_kms": 378277.6, "tonnes_per_trailer": 10.0, "avg_trip_distance": 17.411066, "avg_trip_duration": 0.21945035, "total_trip_distance": 37827.76, "total_trip_duration": 447.56757, "total_freight_value": 2466720.0, "trip_transport_costs": 318254.0, "cst_per_tonne": 13.0, "cst_per_tonne_km": 0.8413247687420853, "co2_tn": 84.418526}], "LGA_17310": [{"industry": "livestock", "sector": "livestock", "trips_count": 8, "trailer_loads": 57.27275, "tonnes": 1200.0, "tonne_kms": 272411.2, "tonnes_per_trailer": 20.5, "avg_trip_distance": 230.43674, "avg_trip_duration": 2.744388, "total_trip_distance": 13035.319, "total_trip_duration": 156.1943, "total_freight_value": 5001000.0, "trip_transport_costs": 60938.0, "cst_per_tonne": 51.0, "cst_per_tonne_km": 0.22369971203630817, "co2_tn": 29.116362}], "LGA_17620": [{"industry": "livestock", "sector": "livestock", "trips_count": 18, "trailer_loads": 89.54545, "tonnes": 1800.0, "tonne_kms": 183692.4, "tonnes_per_trailer": 20.111113, "avg_trip_distance": 100.32386, "avg_trip_duration": 1.2334392, "total_trip_distance": 8908.881, "total_trip_duration": 109.41032, "total_freight_value": 4281500.0, "trip_transport_costs": 45406.0, "cst_per_tonne": 25.0, "cst_per_tonne_km": 0.2471840650373067, "co2_tn": 20.391476}], "LGA_17850": [{"industry": "livestock", "sector": "livestock", "trips_count": 7, "trailer_loads": 35.0, "tonnes": 700.0, "tonne_kms": 187955.89, "tonnes_per_trailer": 20.0, "avg_trip_distance": 172.19771, "avg_trip_duration": 2.0365381, "total_trip_distance": 6026.92, "total_trip_duration": 71.27883, "total_freight_value": 1508500.0, "trip_transport_costs": 35756.0, "cst_per_tonne": 51.0, "cst_per_tonne_km": 0.19023595452540104, "co2_tn": 18.6905}]}}