{"orig_lga": "LGA_12000", "orig_name": "Coolamon (A)", "orig_state": "NSW", "fetched_at": "2026-03-12T07:02:57.842108+00:00", "destinations": {"LGA_10800": [{"industry": "grains", "sector": "cropping", "trips_count": 35, "trailer_loads": 914.6429499999999, "tonnes": 22641.008, "tonne_kms": 1769067.6, "tonnes_per_trailer": 24.54284, "avg_trip_distance": 75.87561, "avg_trip_duration": 0.8042153, "total_trip_distance": 46053.77, "total_trip_duration": 485.55548, "total_freight_value": 9229378.0, "trip_transport_costs": 298481.0, "cst_per_tonne": 13.0, "cst_per_tonne_km": 0.16872245451033316, "co2_tn": 137.80917}], "LGA_12000": [{"industry": "grains", "sector": "cropping", "trips_count": 126, "trailer_loads": 4455.495849999998, "tonnes": 111038.68, "tonne_kms": 3444117.0, "tonnes_per_trailer": 24.793627, "avg_trip_distance": 29.405655, "avg_trip_duration": 0.3321246, "total_trip_distance": 96887.72, "total_trip_duration": 1101.7922, "total_freight_value": 46397199.0, "trip_transport_costs": 779055.0, "cst_per_tonne": 7.0, "cst_per_tonne_km": 0.22619884442410806, "co2_tn": 279.3018}], "LGA_12350": [{"industry": "livestock", "sector": "livestock", "trips_count": 14, "trailer_loads": 90.0, "tonnes": 900.0, "tonne_kms": 182935.62, "tonnes_per_trailer": 10.0, "avg_trip_distance": 200.74979, "avg_trip_duration": 2.3368917, "total_trip_distance": 12195.708, "total_trip_duration": 142.34854, "total_freight_value": 6480000.0, "trip_transport_costs": 70784.0, "cst_per_tonne": 79.0, "cst_per_tonne_km": 0.38693653601249756, "co2_tn": 36.55747}], "LGA_12730": [{"industry": "grains", "sector": "cropping", "trips_count": 12, "trailer_loads": 298.51180000000005, "tonnes": 7385.3193, "tonne_kms": 1938676.2, "tonnes_per_trailer": 23.833351, "avg_trip_distance": 157.2302, "avg_trip_duration": 1.7229346, "total_trip_distance": 42059.758, "total_trip_duration": 462.80466, "total_freight_value": 4320691.0, "trip_transport_costs": 261579.0, "cst_per_tonne": 35.0, "cst_per_tonne_km": 0.13492644772794388, "co2_tn": 135.05673}], "LGA_12870": [{"industry": "grains", "sector": "cropping", "trips_count": 30, "trailer_loads": 1095.3928, "tonnes": 26934.701, "tonne_kms": 4784635.0, "tonnes_per_trailer": 23.93332, "avg_trip_distance": 170.21709, "avg_trip_duration": 1.9189794, "total_trip_distance": 132568.48, "total_trip_duration": 1494.7985, "total_freight_value": 10698946.0, "trip_transport_costs": 760720.0, "cst_per_tonne": 28.0, "cst_per_tonne_km": 0.15899226361441363, "co2_tn": 388.45605}], "LGA_13340": [{"industry": "grains", "sector": "cropping", "trips_count": 17, "trailer_loads": 575.3907, "tonnes": 14351.567, "tonne_kms": 1559237.2, "tonnes_per_trailer": 24.647068, "avg_trip_distance": 108.51735, "avg_trip_duration": 1.236533, "total_trip_distance": 61319.82, "total_trip_duration": 699.0623, "total_freight_value": 6011431.0, "trip_transport_costs": 301726.0, "cst_per_tonne": 21.0, "cst_per_tonne_km": 0.19350877744495948, "co2_tn": 137.651}], "LGA_13450": [{"industry": "grains", "sector": "cropping", "trips_count": 20, "trailer_loads": 1905.25835, "tonnes": 47395.297, "tonne_kms": 6157907.0, "tonnes_per_trailer": 24.099977, "avg_trip_distance": 129.03853, "avg_trip_duration": 1.4719095, "total_trip_distance": 153853.61, "total_trip_duration": 1767.5999, "total_freight_value": 19228677.0, "trip_transport_costs": 960016.0, "cst_per_tonne": 20.0, "cst_per_tonne_km": 0.1558997770855067, "co2_tn": 472.58292}], "LGA_13910": [{"industry": "grains", "sector": "cropping", "trips_count": 29, "trailer_loads": 759.4537000000001, "tonnes": 18964.193, "tonne_kms": 2498283.2, "tonnes_per_trailer": 24.862043, "avg_trip_distance": 121.973175, "avg_trip_duration": 1.3949797, "total_trip_distance": 79598.87, "total_trip_duration": 924.7998, "total_freight_value": 9383815.0, "trip_transport_costs": 433794.0, "cst_per_tonne": 23.0, "cst_per_tonne_km": 0.17363688713398867, "co2_tn": 208.84042}], "LGA_14300": [{"industry": "grains", "sector": "cropping", "trips_count": 18, "trailer_loads": 529.3375000000001, "tonnes": 13200.232, "tonne_kms": 786795.06, "tonnes_per_trailer": 24.666664, "avg_trip_distance": 60.99032, "avg_trip_duration": 0.68518364, "total_trip_distance": 21056.896, "total_trip_duration": 234.14082, "total_freight_value": 5219887.0, "trip_transport_costs": 144519.0, "cst_per_tonne": 11.0, "cst_per_tonne_km": 0.18368021520390157, "co2_tn": 62.70901}, {"industry": "livestock", "sector": "livestock", "trips_count": 25, "trailer_loads": 149.0, "tonnes": 1540.0, "tonne_kms": 72631.42, "tonnes_per_trailer": 10.4, "avg_trip_distance": 47.39781, "avg_trip_duration": 0.56428266, "total_trip_distance": 4856.889, "total_trip_duration": 57.798134, "total_freight_value": 10295500.0, "trip_transport_costs": 35041.0, "cst_per_tonne": 23.0, "cst_per_tonne_km": 0.48244631589563625, "co2_tn": 14.3847685}], "LGA_15800": [{"industry": "grains", "sector": "cropping", "trips_count": 32, "trailer_loads": 871.7130000000001, "tonnes": 21669.219, "tonne_kms": 1163907.0, "tonnes_per_trailer": 24.68748, "avg_trip_distance": 54.425007, "avg_trip_duration": 0.6160376, "total_trip_distance": 32487.729, "total_trip_duration": 364.68683, "total_freight_value": 8425042.0, "trip_transport_costs": 220792.0, "cst_per_tonne": 10.0, "cst_per_tonne_km": 0.18969864154286087, "co2_tn": 91.7824}], "LGA_17750": [{"industry": "grains", "sector": "cropping", "trips_count": 20, "trailer_loads": 2684.82515, "tonnes": 66930.55, "tonne_kms": 2864988.2, "tonnes_per_trailer": 24.000006, "avg_trip_distance": 61.238667, "avg_trip_duration": 0.71279144, "total_trip_distance": 80393.7, "total_trip_duration": 919.2068, "total_freight_value": 28895054.0, "trip_transport_costs": 580257.0, "cst_per_tonne": 9.0, "cst_per_tonne_km": 0.20253391288416225, "co2_tn": 230.61876}, {"industry": "livestock", "sector": "livestock", "trips_count": 12, "trailer_loads": 69.0909, "tonnes": 1400.0, "tonne_kms": 76136.3, "tonnes_per_trailer": 20.333338, "avg_trip_distance": 51.225098, "avg_trip_duration": 0.5955668, "total_trip_distance": 3741.8208, "total_trip_duration": 43.444923, "total_freight_value": 3822000.0, "trip_transport_costs": 20485.0, "cst_per_tonne": 15.0, "cst_per_tonne_km": 0.2690632790177073, "co2_tn": 8.329723}, {"industry": "waste", "sector": "waste", "trips_count": 9, "trailer_loads": 194.39999999999998, "tonnes": 1944.0, "tonne_kms": 113722.055, "tonnes_per_trailer": 10.0, "avg_trip_distance": 57.435383, "avg_trip_duration": 0.6414291, "total_trip_distance": 11372.205, "total_trip_duration": 127.00296, "total_freight_value": 194400.0, "trip_transport_costs": 60585.0, "cst_per_tonne": 31.0, "cst_per_tonne_km": 0.5327464034261714, "co2_tn": 25.095482}], "LGA_20830": [{"industry": "grains", "sector": "cropping", "trips_count": 8, "trailer_loads": 44.27159999999999, "tonnes": 1018.248, "tonne_kms": 619812.6, "tonnes_per_trailer": 23.000027, "avg_trip_distance": 561.4245, "avg_trip_duration": 6.102146, "total_trip_distance": 17965.584, "total_trip_duration": 195.26868, "total_freight_value": 305474.0, "trip_transport_costs": 102360.0, "cst_per_tonne": 101.0, "cst_per_tonne_km": 0.16514614087755553, "co2_tn": 53.21813}], "LGA_22250": [{"industry": "grains", "sector": "cropping", "trips_count": 6, "trailer_loads": 33.2037, "tonnes": 763.686, "tonne_kms": 292111.53, "tonnes_per_trailer": 23.000027, "avg_trip_distance": 287.97464, "avg_trip_duration": 3.2361348, "total_trip_distance": 7652.0923, "total_trip_duration": 85.98592, "total_freight_value": 229106.0, "trip_transport_costs": 44361.0, "cst_per_tonne": 58.0, "cst_per_tonne_km": 0.15186190889577814, "co2_tn": 23.611944}], "LGA_24900": [{"industry": "grains", "sector": "cropping", "trips_count": 17, "trailer_loads": 913.4177, "tonnes": 22769.018, "tonne_kms": 6245472.5, "tonnes_per_trailer": 24.294115, "avg_trip_distance": 209.75673, "avg_trip_duration": 2.32468, "total_trip_distance": 150812.34, "total_trip_duration": 1658.7019, "total_freight_value": 9125480.0,