{"orig_lga": "LGA_14750", "orig_name": "Leeton (A)", "orig_state": "NSW", "fetched_at": "2026-03-12T07:23:05.203475+00:00", "destinations": {"LGA_10650": [{"industry": "grains", "sector": "cropping", "trips_count": 11, "trailer_loads": 153.13388000000003, "tonnes": 3742.5671, "tonne_kms": 714982.3, "tonnes_per_trailer": 24.09092, "avg_trip_distance": 117.85824, "avg_trip_duration": 1.3164684, "total_trip_distance": 17444.227, "total_trip_duration": 194.87595, "total_freight_value": 1599265.0, "trip_transport_costs": 106148.0, "cst_per_tonne": 28.0, "cst_per_tonne_km": 0.1484626085210412, "co2_tn": 53.489166}], "LGA_12000": [{"industry": "grains", "sector": "cropping", "trips_count": 20, "trailer_loads": 216.59719, "tonnes": 5414.9326, "tonne_kms": 490055.06, "tonnes_per_trailer": 24.999992, "avg_trip_distance": 81.8405, "avg_trip_duration": 0.9371756, "total_trip_distance": 18839.4, "total_trip_duration": 216.07779, "total_freight_value": 2390231.0, "trip_transport_costs": 96685.0, "cst_per_tonne": 18.0, "cst_per_tonne_km": 0.19729369702086094, "co2_tn": 43.11434}], "LGA_12730": [{"industry": "grains", "sector": "cropping", "trips_count": 15, "trailer_loads": 709.99636, "tonnes": 16158.066, "tonne_kms": 3830861.5, "tonnes_per_trailer": 24.133339, "avg_trip_distance": 142.64001, "avg_trip_duration": 1.5896252, "total_trip_distance": 90352.94, "total_trip_duration": 1018.6949, "total_freight_value": 25157121.0, "trip_transport_costs": 566637.0, "cst_per_tonne": 35.0, "cst_per_tonne_km": 0.14791363646883018, "co2_tn": 291.7861}], "LGA_12870": [{"industry": "grains", "sector": "cropping", "trips_count": 11, "trailer_loads": 244.27685999999997, "tonnes": 5959.028, "tonne_kms": 814090.25, "tonnes_per_trailer": 23.545452, "avg_trip_distance": 122.312355, "avg_trip_duration": 1.3759332, "total_trip_distance": 23987.613, "total_trip_duration": 270.07526, "total_freight_value": 2422550.0, "trip_transport_costs": 135854.0, "cst_per_tonne": 23.0, "cst_per_tonne_km": 0.1668785058545797, "co2_tn": 66.03839}], "LGA_13340": [], "LGA_13450": [{"industry": "grains", "sector": "cropping", "trips_count": 42, "trailer_loads": 3320.0318599999982, "tonnes": 82326.94, "tonne_kms": 2357251.2, "tonnes_per_trailer": 23.738104, "avg_trip_distance": 36.686306, "avg_trip_duration": 0.40631437, "total_trip_distance": 66293.51, "total_trip_duration": 735.02026, "total_freight_value": 47410747.0, "trip_transport_costs": 548107.0, "cst_per_tonne": 7.0, "cst_per_tonne_km": 0.23251955825589, "co2_tn": 189.7074}, {"industry": "food", "sector": "food", "trips_count": 8, "trailer_loads": 7.232028, "tonnes": 159.10457, "tonne_kms": 8769.394, "tonnes_per_trailer": 22.000004, "avg_trip_distance": 22.335068, "avg_trip_duration": 0.25321817, "total_trip_distance": 398.6088, "total_trip_duration": 4.518764, "total_freight_value": 515498.0, "trip_transport_costs": 2154.0, "cst_per_tonne": 14.0, "cst_per_tonne_km": 0.24559251544553756, "co2_tn": 0.8788666}, {"industry": "waste", "sector": "waste", "trips_count": 35, "trailer_loads": 756.0000000000005, "tonnes": 7560.0, "tonne_kms": 428249.8, "tonnes_per_trailer": 10.0, "avg_trip_distance": 55.61686, "avg_trip_duration": 0.6400225, "total_trip_distance": 42824.98, "total_trip_duration": 492.81732, "total_freight_value": 756000.0, "trip_transport_costs": 232021.0, "cst_per_tonne": 31.0, "cst_per_tonne_km": 0.5417884633897607, "co2_tn": 95.16464}], "LGA_13510": [{"industry": "livestock", "sector": "livestock", "trips_count": 6, "trailer_loads": 35.0, "tonnes": 400.0, "tonne_kms": 86684.26, "tonnes_per_trailer": 11.666667, "avg_trip_distance": 193.60956, "avg_trip_duration": 2.182612, "total_trip_distance": 6779.521, "total_trip_duration": 76.481445, "total_freight_value": 2315500.0, "trip_transport_costs": 33463.0, "cst_per_tonne": 84.0, "cst_per_tonne_km": 0.3860379376121223, "co2_tn": 16.384918}], "LGA_13910": [{"industry": "grains", "sector": "cropping", "trips_count": 7, "trailer_loads": 128.09887, "tonnes": 3178.804, "tonne_kms": 714924.7, "tonnes_per_trailer": 24.428589, "avg_trip_distance": 175.1522, "avg_trip_duration": 1.9064807, "total_trip_distance": 21751.64, "total_trip_duration": 237.45757, "total_freight_value": 1455789.0, "trip_transport_costs": 114951.0, "cst_per_tonne": 36.0, "cst_per_tonne_km": 0.16078765716389926, "co2_tn": 58.214077}], "LGA_14750": [{"industry": "fibre", "sector": "cropping", "trips_count": 10, "trailer_loads": 708.0583, "tonnes": 9817.606, "tonne_kms": 231370.25, "tonnes_per_trailer": 12.850004, "avg_trip_distance": 15.142155, "avg_trip_duration": 0.17848726, "total_trip_distance": 15040.215, "total_trip_duration": 175.22124, "total_freight_value": 20342890.0, "trip_transport_costs": 110462.0, "cst_per_tonne": 11.0, "cst_per_tonne_km": 0.4774236463761817, "co2_tn": 34.354374}, {"industry": "grains", "sector": "cropping", "trips_count": 214, "trailer_loads": 6442.456600000003, "tonnes": 142962.89, "tonne_kms": 2583307.0, "tonnes_per_trailer": 22.04673, "avg_trip_distance": 16.595081, "avg_trip_duration": 0.18492755, "total_trip_distance": 114565.45, "total_trip_duration": 1319.8499, "total_freight_value": 261334739.0, "trip_transport_costs": 896378.0, "cst_per_tonne": 6.0, "cst_per_tonne_km": 0.3469885947724751, "co2_tn": 254.4381}, {"industry": "livestock", "sector": "livestock", "trips_count": 16, "trailer_loads": 990.9087099999999, "tonnes": 21600.0, "tonne_kms": 144429.89, "tonnes_per_trailer": 20.750006, "avg_trip_distance": 22.246479, "avg_trip_duration": 0.2649041, "total_trip_distance": 6709.5186, "total_trip_duration": 100.38813, "total_freight_value": 125438000.0, "trip_transport_costs": 93658.0, "cst_per_tonne": 4.0, "cst_per_tonne_km": 0.6484690850728235, "co2_tn": 16.050083}], "LGA_15560": [{"industry": "grains", "sector": "cropping", "trips_count": 12, "trailer_loads": 289.25434, "tonnes": 6543.7764, "tonne_kms": 672548.5, "tonnes_per_trailer": 22.833324, "avg_trip_distance": 78.35504, "avg_trip_duration": 0.8723684, "total_trip_distance": 20986.264, "total_trip_duration": 233.18747, "total_freight_value": 9808741.0, "trip_transport_costs": 122489.0, "cst_per_tonne": 19.0, "cst_per_tonne_km": 0.1821270556341615, "co2_tn": 56.101696}], "LGA_15800": [{"industry": "grains", "sector": "cropping", "trips_count": 25, "trailer_loads": 409.22276000000005, "tonnes": 10230.566, "tonne_kms": 577531.44, "tonnes_per_trailer": 24.999987, "avg_trip_distance": 48.731518, "avg_trip_duration": 0.55254215, "total_trip_distance": 20471.168, "total_trip_duration": 231.39642, "total_freight_value": 4613118.0, "trip_transport_costs": 118997.0, "cst_per_tonne": 12.0, "cst_per_tonne_km": 0.20604398573966967, "co2_tn": 49.44045}], "LGA_16200": [{"industry": "nuts", "sector": "horticulture", "trips_count": 11, "trailer_loads": 1.11659539, "tonnes": 20.098732, "tonne_kms": 5835.3726, "tonnes_per_trailer": 17.999998, "avg_trip_distance": 16.518215, "avg_trip_duration": 0.17702796, "total_trip_distance": 181.70036, "total_trip_duration": 1.9473076, "total_freight_value": 301481.0, "trip_transport_costs": 1085.0, "cst_per_tonne": 54.0, "cst_per_tonne_km": 0.1858649086740942, "co2_tn": 0.55969244}, {"industry": "fruit", "sector": "horticulture", "trips_count": 56, "trailer_loads": 31.19907069, "tonnes": 623.8313, "tonne_kms": 180543.55, "tonnes_per_trailer": 19.642855, "avg_trip_distance": 44.300354, "avg_trip_duration": 0.47614408, "total_trip_distance": 5169.8584, "total_trip_duration": 55.49286, "total_freight_value": 1927157.0, "trip_transport_costs": 30839.0, "cst_per_tonne": 49.0, "cst_per_tonne_km": 0.17081140643423942, "co2_tn": 15.764253}], "LGA_17350": [{"industry": "grains", "sector": "cropping", "trips_count": 9, "trailer_loads": 263.62037, "tonnes": 6578.6753, "tonne_kms": 950152.0, "tonnes_per_trailer": 24.777777, "avg_trip_distance": 112.29227, "avg_trip_duration": 1.2214223, "total_trip_distance": 26558.418, "total_trip_duration": 287.58762, "total_freight_value": 3272270.0, "trip_transport_costs": 151807.0,