{"orig_lga": "LGA_15560", "orig_name": "Murrumbidgee (A)", "orig_state": "NSW", "fetched_at": "2026-03-12T07:32:50.180459+00:00", "destinations": {"LGA_10650": [{"industry": "grains", "sector": "cropping", "trips_count": 115, "trailer_loads": 2246.190990000001, "tonnes": 55462.94, "tonne_kms": 4246842.5, "tonnes_per_trailer": 24.06086, "avg_trip_distance": 61.251083, "avg_trip_duration": 0.68557745, "total_trip_distance": 122237.01, "total_trip_duration": 1364.9899, "total_freight_value": 31589655.0, "trip_transport_costs": 745163.0, "cst_per_tonne": 13.0, "cst_per_tonne_km": 0.17546276257835233, "co2_tn": 327.27798}, {"industry": "waste", "sector": "waste", "trips_count": 11, "trailer_loads": 237.59999999999997, "tonnes": 2376.0, "tonne_kms": 183926.16, "tonnes_per_trailer": 10.0, "avg_trip_distance": 76.00255, "avg_trip_duration": 0.8585836, "total_trip_distance": 18392.615, "total_trip_duration": 207.77724, "total_freight_value": 237600.0, "trip_transport_costs": 93498.0, "cst_per_tonne": 39.0, "cst_per_tonne_km": 0.5083469883973476, "co2_tn": 40.773796}], "LGA_11600": [{"industry": "grains", "sector": "cropping", "trips_count": 44, "trailer_loads": 1189.49908, "tonnes": 29703.543, "tonne_kms": 5496232.5, "tonnes_per_trailer": 24.909073, "avg_trip_distance": 121.88844, "avg_trip_duration": 1.381314, "total_trip_distance": 115316.79, "total_trip_duration": 1304.7715, "total_freight_value": 12180205.0, "trip_transport_costs": 746651.0, "cst_per_tonne": 25.0, "cst_per_tonne_km": 0.13584786904491225, "co2_tn": 373.5445}, {"industry": "livestock", "sector": "livestock", "trips_count": 7, "trailer_loads": 35.0, "tonnes": 700.0, "tonne_kms": 86564.9, "tonnes_per_trailer": 20.0, "avg_trip_distance": 89.08381, "avg_trip_duration": 1.0004159, "total_trip_distance": 2877.355, "total_trip_duration": 32.20233, "total_freight_value": 1508500.0, "trip_transport_costs": 17020.0, "cst_per_tonne": 24.0, "cst_per_tonne_km": 0.1966126465967956, "co2_tn": 7.981549}], "LGA_12730": [{"industry": "grains", "sector": "cropping", "trips_count": 23, "trailer_loads": 1449.8944700000002, "tonnes": 33384.055, "tonne_kms": 4446531.0, "tonnes_per_trailer": 24.26086, "avg_trip_distance": 101.53502, "avg_trip_duration": 1.1798117, "total_trip_distance": 105501.43, "total_trip_duration": 1207.7552, "total_freight_value": 46841297.0, "trip_transport_costs": 688291.0, "cst_per_tonne": 21.0, "cst_per_tonne_km": 0.1547928228655594, "co2_tn": 333.7133}], "LGA_12870": [{"industry": "grains", "sector": "cropping", "trips_count": 42, "trailer_loads": 998.52573, "tonnes": 24963.14, "tonne_kms": 3017839.2, "tonnes_per_trailer": 24.999989, "avg_trip_distance": 113.04343, "avg_trip_duration": 1.2210426, "total_trip_distance": 83898.77, "total_trip_duration": 908.51245, "total_freight_value": 10860109.0, "trip_transport_costs": 483046.0, "cst_per_tonne": 19.0, "cst_per_tonne_km": 0.16006368697430828, "co2_tn": 233.20032}], "LGA_13450": [{"industry": "grains", "sector": "cropping", "trips_count": 70, "trailer_loads": 1745.9556600000012, "tonnes": 41732.836, "tonne_kms": 2958675.5, "tonnes_per_trailer": 22.971415, "avg_trip_distance": 54.68429, "avg_trip_duration": 0.62119603, "total_trip_distance": 65620.45, "total_trip_duration": 737.44135, "total_freight_value": 38811506.0, "trip_transport_costs": 486152.0, "cst_per_tonne": 12.0, "cst_per_tonne_km": 0.16431395225869042, "co2_tn": 211.214}], "LGA_14750": [{"industry": "fibre", "sector": "cropping", "trips_count": 13, "trailer_loads": 661.0569, "tonnes": 8561.807, "tonne_kms": 652816.8, "tonnes_per_trailer": 12.769236, "avg_trip_distance": 56.825684, "avg_trip_duration": 0.6991453, "total_trip_distance": 27439.885, "total_trip_duration": 323.09705, "total_freight_value": 22595520.0, "trip_transport_costs": 199548.0, "cst_per_tonne": 23.0, "cst_per_tonne_km": 0.30567236589102476, "co2_tn": 87.27265}, {"industry": "grains", "sector": "cropping", "trips_count": 92, "trailer_loads": 1863.8816499999996, "tonnes": 43425.137, "tonne_kms": 4370120.0, "tonnes_per_trailer": 22.815218, "avg_trip_distance": 63.753418, "avg_trip_duration": 0.7188749, "total_trip_distance": 118759.96, "total_trip_duration": 1317.6133, "total_freight_value": 52150642.0, "trip_transport_costs": 737906.0, "cst_per_tonne": 17.0, "cst_per_tonne_km": 0.16885264399818667, "co2_tn": 338.75366}, {"industry": "livestock", "sector": "livestock", "trips_count": 14, "trailer_loads": 81.81816, "tonnes": 1700.0, "tonne_kms": 109148.805, "tonnes_per_trailer": 20.857151, "avg_trip_distance": 61.178455, "avg_trip_duration": 0.6719026, "total_trip_distance": 5006.0356, "total_trip_duration": 54.76921, "total_freight_value": 6481000.0, "trip_transport_costs": 26786.0, "cst_per_tonne": 16.0, "cst_per_tonne_km": 0.24541174889219103, "co2_tn": 11.271148}], "LGA_15520": [{"industry": "grains", "sector": "cropping", "trips_count": 16, "trailer_loads": 633.59226, "tonnes": 15805.891, "tonne_kms": 3838635.2, "tonnes_per_trailer": 24.75, "avg_trip_distance": 210.50908, "avg_trip_duration": 2.3354576, "total_trip_distance": 77966.805, "total_trip_duration": 863.9493, "total_freight_value": 7404754.0, "trip_transport_costs": 493094.0, "cst_per_tonne": 31.0, "cst_per_tonne_km": 0.1284554531121689, "co2_tn": 256.99008}], "LGA_15560": [{"industry": "fibre", "sector": "cropping", "trips_count": 21, "trailer_loads": 1007.5527000000001, "tonnes": 12594.416, "tonne_kms": 609302.2, "tonnes_per_trailer": 12.500005, "avg_trip_distance": 41.01619, "avg_trip_duration": 0.4258048, "total_trip_distance": 28598.73, "total_trip_duration": 298.44458, "total_freight_value": 37153410.0, "trip_transport_costs": 217471.0, "cst_per_tonne": 17.0, "cst_per_tonne_km": 0.3569187036995959, "co2_tn": 86.13418}, {"industry": "grains", "sector": "cropping", "trips_count": 420, "trailer_loads": 6477.973449999982, "tonnes": 149376.33, "tonne_kms": 5354179.0, "tonnes_per_trailer": 22.673811, "avg_trip_distance": 32.417015, "avg_trip_duration": 0.34845996, "total_trip_distance": 167738.92, "total_trip_duration": 1816.051, "total_freight_value": 203529475.0, "trip_transport_costs": 1226034.0, "cst_per_tonne": 8.0, "cst_per_tonne_km": 0.22898639569064264, "co2_tn": 445.0993}], "LGA_15800": [{"industry": "grains", "sector": "cropping", "trips_count": 39, "trailer_loads": 1120.4927100000004, "tonnes": 27995.355, "tonne_kms": 3866233.0, "tonnes_per_trailer": 24.948704, "avg_trip_distance": 110.32663, "avg_trip_duration": 1.2107805, "total_trip_distance": 105304.266, "total_trip_duration": 1152.3066, "total_freight_value": 12349973.0, "trip_transport_costs": 604307.0, "cst_per_tonne": 22.0, "cst_per_tonne_km": 0.15630377981434868, "co2_tn": 291.82275}], "LGA_17350": [{"industry": "grains", "sector": "cropping", "trips_count": 6, "trailer_loads": 142.73244, "tonnes": 3568.3103, "tonne_kms": 685496.25, "tonnes_per_trailer": 25.000008, "avg_trip_distance": 140.5564, "avg_trip_duration": 1.5063194, "total_trip_distance": 14386.673, "total_trip_duration": 154.09753, "total_freight_value": 1638253.0, "trip_transport_costs": 90762.0, "cst_per_tonne": 25.0, "cst_per_tonne_km": 0.1324036585550705, "co2_tn": 46.66458}, {"industry": "livestock", "sector": "livestock", "trips_count": 7, "trailer_loads": 40.0, "tonnes": 800.0, "tonne_kms": 184553.8, "tonnes_per_trailer": 20.0, "avg_trip_distance": 163.80206, "avg_trip_duration": 1.8009591, "total_trip_distance": 4651.9326, "total_trip_duration": 51.195126, "total_freight_value": 1658500.0, "trip_transport_costs": 29793.0, "cst_per_tonne": 37.0, "cst_per_tonne_km": 0.16143511079679254, "co2_tn": 15.386401}], "LGA_20830": [{"industry": "grains", "sector": "cropping", "trips_count": 11, "trailer_loads": 494.2692700000002, "tonnes": 12204.108, "tonne_kms": 6089567.0, "tonnes_per_trailer": 23.363663, "avg_trip_distance": 375.2606, "avg_trip_duration": 4.1805854, "total_trip_distance": 164385.72, "total_trip_duration": 1819.6979, "total_freight_value": 5404358.0, "trip_transport_costs": 953348.0,