{"orig_lga": "LGA_14650", "orig_name": "Lake Macquarie (C)", "orig_state": "NSW", "fetched_at": "2026-03-12T07:22:41.929684+00:00", "destinations": {"LGA_10750": [{"industry": "grains", "sector": "cropping", "trips_count": 43, "trailer_loads": 150.34698000000003, "tonnes": 3758.6736, "tonne_kms": 601910.3, "tonnes_per_trailer": 25.0, "avg_trip_distance": 157.5468, "avg_trip_duration": 1.7253335, "total_trip_distance": 24076.412, "total_trip_duration": 263.77185, "total_freight_value": 1879339.0, "trip_transport_costs": 111296.0, "cst_per_tonne": 30.0, "cst_per_tonne_km": 0.18490497969550596, "co2_tn": 52.940636}], "LGA_11650": [{"industry": "meat", "sector": "cold_food", "trips_count": 17, "trailer_loads": 250.49375999999998, "tonnes": 4508.8853, "tonne_kms": 262200.94, "tonnes_per_trailer": 18.000013, "avg_trip_distance": 60.249664, "avg_trip_duration": 0.7468402, "total_trip_distance": 14566.719, "total_trip_duration": 170.51724, "total_freight_value": 81159985.0, "trip_transport_costs": 79476.0, "cst_per_tonne": 18.0, "cst_per_tonne_km": 0.3031105483140465, "co2_tn": 32.463703}, {"industry": "grains", "sector": "cropping", "trips_count": 267, "trailer_loads": 1051.5401699999998, "tonnes": 26288.48, "tonne_kms": 2329941.5, "tonnes_per_trailer": 25.000002, "avg_trip_distance": 87.67719, "avg_trip_duration": 0.97938395, "total_trip_distance": 93197.664, "total_trip_duration": 1044.9193, "total_freight_value": 13144257.0, "trip_transport_costs": 462958.0, "cst_per_tonne": 18.0, "cst_per_tonne_km": 0.19869922503829826, "co2_tn": 205.70012}, {"industry": "food", "sector": "food", "trips_count": 30, "trailer_loads": 471.0784, "tonnes": 4556.8804, "tonne_kms": 285886.38, "tonnes_per_trailer": 13.249985, "avg_trip_distance": 59.74904, "avg_trip_duration": 0.6782147, "total_trip_distance": 29420.81, "total_trip_duration": 334.7676, "total_freight_value": 20888858.0, "trip_transport_costs": 156823.0, "cst_per_tonne": 34.0, "cst_per_tonne_km": 0.5485494980817062, "co2_tn": 65.4074}, {"industry": "waste", "sector": "waste", "trips_count": 51, "trailer_loads": 1101.6000000000004, "tonnes": 11016.0, "tonne_kms": 221339.3, "tonnes_per_trailer": 10.0, "avg_trip_distance": 19.727211, "avg_trip_duration": 0.24418427, "total_trip_distance": 22133.93, "total_trip_duration": 273.97476, "total_freight_value": 1101600.0, "trip_transport_costs": 165988.0, "cst_per_tonne": 15.0, "cst_per_tonne_km": 0.7499242724864225, "co2_tn": 49.737442}], "LGA_11720": [{"industry": "grains", "sector": "cropping", "trips_count": 37, "trailer_loads": 200.46264000000005, "tonnes": 5011.5674, "tonne_kms": 203791.16, "tonnes_per_trailer": 25.000006, "avg_trip_distance": 39.023193, "avg_trip_duration": 0.47773758, "total_trip_distance": 8151.646, "total_trip_duration": 100.384415, "total_freight_value": 2505783.0, "trip_transport_costs": 48242.0, "cst_per_tonne": 10.0, "cst_per_tonne_km": 0.23672361343718987, "co2_tn": 18.199133}, {"industry": "livestock", "sector": "livestock", "trips_count": 7, "trailer_loads": 31.818149999999996, "tonnes": 700.0, "tonne_kms": 27913.0, "tonnes_per_trailer": 22.000023, "avg_trip_distance": 36.25065, "avg_trip_duration": 0.46902815, "total_trip_distance": 1268.7727, "total_trip_duration": 16.415985, "total_freight_value": 4326000.0, "trip_transport_costs": 7633.0, "cst_per_tonne": 11.0, "cst_per_tonne_km": 0.2734635645241469, "co2_tn": 2.8425596}], "LGA_12380": [], "LGA_12700": [{"industry": "grains", "sector": "cropping", "trips_count": 55, "trailer_loads": 236.39467000000008, "tonnes": 5909.868, "tonne_kms": 421245.16, "tonnes_per_trailer": 25.0, "avg_trip_distance": 69.93496, "avg_trip_duration": 0.920834, "total_trip_distance": 16849.807, "total_trip_duration": 221.12627, "total_freight_value": 2954935.0, "trip_transport_costs": 90497.0, "cst_per_tonne": 15.0, "cst_per_tonne_km": 0.21483252157549843, "co2_tn": 38.041035}], "LGA_13800": [{"industry": "grains", "sector": "cropping", "trips_count": 6, "trailer_loads": 17.68788, "tonnes": 442.197, "tonne_kms": 75898.99, "tonnes_per_trailer": 25.0, "avg_trip_distance": 168.66441, "avg_trip_duration": 1.8853506, "total_trip_distance": 3035.9595, "total_trip_duration": 33.93631, "total_freight_value": 221099.0, "trip_transport_costs": 14033.0, "cst_per_tonne": 32.0, "cst_per_tonne_km": 0.18489585343740675, "co2_tn": 6.6912875}], "LGA_14000": [{"industry": "meat", "sector": "cold_food", "trips_count": 11, "trailer_loads": 76.25406000000001, "tonnes": 991.30237, "tonne_kms": 94057.28, "tonnes_per_trailer": 12.999994, "avg_trip_distance": 93.02761, "avg_trip_duration": 1.0825896, "total_trip_distance": 7235.176, "total_trip_duration": 84.51562, "total_freight_value": 5947813.0, "trip_transport_costs": 36007.0, "cst_per_tonne": 36.0, "cst_per_tonne_km": 0.3828180105839759, "co2_tn": 16.081322}], "LGA_14650": [{"industry": "meat", "sector": "cold_food", "trips_count": 51, "trailer_loads": 695.4133800000001, "tonnes": 11080.3545, "tonne_kms": 230561.75, "tonnes_per_trailer": 16.823542, "avg_trip_distance": 14.977848, "avg_trip_duration": 0.19775762, "total_trip_distance": 16274.68, "total_trip_duration": 205.03787, "total_freight_value": 154608982.0, "trip_transport_costs": 116434.0, "cst_per_tonne": 11.0, "cst_per_tonne_km": 0.5050027935800817, "co2_tn": 36.623764}, {"industry": "grains", "sector": "cropping", "trips_count": 34, "trailer_loads": 247.63036000000005, "tonnes": 6190.7617, "tonne_kms": 270785.03, "tonnes_per_trailer": 25.00001, "avg_trip_distance": 42.78848, "avg_trip_duration": 0.49879754, "total_trip_distance": 10831.401, "total_trip_duration": 126.3365, "total_freight_value": 3095378.0, "trip_transport_costs": 62182.0, "cst_per_tonne": 10.0, "cst_per_tonne_km": 0.22963506555837473, "co2_tn": 24.077003}, {"industry": "food", "sector": "food", "trips_count": 14, "trailer_loads": 133.84345000000002, "tonnes": 1378.6326, "tonne_kms": 19250.637, "tonnes_per_trailer": 13.249997, "avg_trip_distance": 12.808504, "avg_trip_duration": 0.19491011, "total_trip_distance": 1922.0214, "total_trip_duration": 28.190248, "total_freight_value": 5818401.0, "trip_transport_costs": 17575.0, "cst_per_tonne": 13.0, "cst_per_tonne_km": 0.9129684025391402, "co2_tn": 4.4462996}, {"industry": "waste", "sector": "waste", "trips_count": 459, "trailer_loads": 18420.479999999916, "tonnes": 184204.8, "tonne_kms": 2634954.0, "tonnes_per_trailer": 10.0, "avg_trip_distance": 14.034418, "avg_trip_duration": 0.24229977, "total_trip_distance": 263495.4, "total_trip_duration": 4429.7007, "total_freight_value": 18420480.0, "trip_transport_costs": 2450604.0, "cst_per_tonne": 13.0, "cst_per_tonne_km": 0.9300365621913638, "co2_tn": 636.4211}], "LGA_14900": [{"industry": "grains", "sector": "cropping", "trips_count": 87, "trailer_loads": 318.3818499999997, "tonnes": 7959.553, "tonne_kms": 1412042.1, "tonnes_per_trailer": 25.0, "avg_trip_distance": 174.26039, "avg_trip_duration": 1.96831, "total_trip_distance": 56481.684, "total_trip_duration": 637.978, "total_freight_value": 3979776.0, "trip_transport_costs": 262548.0, "cst_per_tonne": 33.0, "cst_per_tonne_km": 0.18593481463698144, "co2_tn": 124.76009}], "LGA_15050": [{"industry": "grains", "sector": "cropping", "trips_count": 25, "trailer_loads": 106.12729000000002, "tonnes": 2653.1826, "tonne_kms": 101156.51, "tonnes_per_trailer": 25.000002, "avg_trip_distance": 38.563004, "avg_trip_duration": 0.48993078, "total_trip_distance": 4046.2603, "total_trip_duration": 51.468998, "total_freight_value": 1326592.0, "trip_transport_costs": 24586.0, "cst_per_tonne": 9.0, "cst_per_tonne_km": 0.2430512526979967, "co2_tn": 9.123579}], "LGA_15240": [{"industry": "grains", "sector": "cropping", "trips_count": 113, "trailer_loads": 509.61246999999884, "tonnes": 12740.314, "tonne_kms": 1214845.5, "tonnes_per_trailer": 25.0, "avg_trip_distance": 84.78331, "avg_trip_duration": 1.0444338, "total_trip_distance": 48593.82, "total_trip_duration": 587.676, "total_freight_value": 6370159.0,