{"orig_lga": "LGA_16260", "orig_name": "Parramatta (C)", "orig_state": "NSW", "fetched_at": "2026-03-12T07:36:42.814687+00:00", "destinations": {"LGA_10750": [{"industry": "fuel", "sector": "fuel", "trips_count": 34, "trailer_loads": 2798.2934999999998, "tonnes": 69957.35, "tonne_kms": 1562982.9, "tonnes_per_trailer": 24.999989, "avg_trip_distance": 22.142889, "avg_trip_duration": 0.3029485, "total_trip_distance": 62519.316, "total_trip_duration": 855.38904, "total_freight_value": 125923280.0, "trip_transport_costs": 458321.0, "cst_per_tonne": 7.0, "cst_per_tonne_km": 0.2932350102149432, "co2_tn": 141.98279}], "LGA_11450": [{"industry": "fuel", "sector": "fuel", "trips_count": 6, "trailer_loads": 493.8164, "tonnes": 12345.418, "tonne_kms": 623678.1, "tonnes_per_trailer": 25.000004, "avg_trip_distance": 50.114594, "avg_trip_duration": 0.6169708, "total_trip_distance": 24947.125, "total_trip_duration": 307.13477, "total_freight_value": 22221760.0, "trip_transport_costs": 140231.0, "cst_per_tonne": 11.0, "cst_per_tonne_km": 0.22484523595529546, "co2_tn": 55.7463}], "LGA_11500": [{"industry": "fuel", "sector": "fuel", "trips_count": 8, "trailer_loads": 658.4219999999999, "tonnes": 16460.541, "tonne_kms": 591139.2, "tonnes_per_trailer": 24.999968, "avg_trip_distance": 35.54324, "avg_trip_duration": 0.511553, "total_trip_distance": 23645.566, "total_trip_duration": 340.2531, "total_freight_value": 29629010.0, "trip_transport_costs": 150722.0, "cst_per_tonne": 9.0, "cst_per_tonne_km": 0.2549692337290065, "co2_tn": 54.55612}], "LGA_11570": [{"industry": "fuel", "sector": "fuel", "trips_count": 30, "trailer_loads": 2469.0821000000005, "tonnes": 61727.066, "tonne_kms": 970658.25, "tonnes_per_trailer": 24.999992, "avg_trip_distance": 15.587675, "avg_trip_duration": 0.2471694, "total_trip_distance": 38826.33, "total_trip_duration": 615.6274, "total_freight_value": 111108760.0, "trip_transport_costs": 340572.0, "cst_per_tonne": 6.0, "cst_per_tonne_km": 0.35086755263156794, "co2_tn": 91.45122}], "LGA_11650": [{"industry": "fuel", "sector": "fuel", "trips_count": 20, "trailer_loads": 1646.0541, "tonnes": 41151.348, "tonne_kms": 3365987.2, "tonnes_per_trailer": 24.999975, "avg_trip_distance": 81.168785, "avg_trip_duration": 0.95859534, "total_trip_distance": 134639.48, "total_trip_duration": 1590.2994, "total_freight_value": 74072501.0, "trip_transport_costs": 686513.0, "cst_per_tonne": 17.0, "cst_per_tonne_km": 0.20395581238832677, "co2_tn": 300.17404}], "LGA_12380": [{"industry": "fuel", "sector": "fuel", "trips_count": 30, "trailer_loads": 2469.0819000000006, "tonnes": 61727.05, "tonne_kms": 496594.1, "tonnes_per_trailer": 24.99998, "avg_trip_distance": 7.969995, "avg_trip_duration": 0.13856581, "total_trip_distance": 19863.764, "total_trip_duration": 345.40808, "total_freight_value": 111108760.0, "trip_transport_costs": 253324.0, "cst_per_tonne": 4.0, "cst_per_tonne_km": 0.5101225343489788, "co2_tn": 48.47302}], "LGA_12850": [{"industry": "fuel", "sector": "fuel", "trips_count": 38, "trailer_loads": 3127.5044000000016, "tonnes": 78187.61, "tonne_kms": 1280540.1, "tonnes_per_trailer": 24.999979, "avg_trip_distance": 16.245907, "avg_trip_duration": 0.2628829, "total_trip_distance": 51221.6, "total_trip_duration": 828.8626, "total_freight_value": 140737770.0, "trip_transport_costs": 443151.0, "cst_per_tonne": 6.0, "cst_per_tonne_km": 0.34606579754651384, "co2_tn": 121.07478}], "LGA_12930": [{"industry": "fuel", "sector": "fuel", "trips_count": 10, "trailer_loads": 823.0275, "tonnes": 20575.688, "tonne_kms": 410110.47, "tonnes_per_trailer": 24.999989, "avg_trip_distance": 19.730892, "avg_trip_duration": 0.31653395, "total_trip_distance": 16404.418, "total_trip_duration": 263.16852, "total_freight_value": 37036260.0, "trip_transport_costs": 130594.0, "cst_per_tonne": 6.0, "cst_per_tonne_km": 0.3184369448189836, "co2_tn": 38.75888}], "LGA_13800": [{"industry": "fuel", "sector": "fuel", "trips_count": 11, "trailer_loads": 987.6334999999998, "tonnes": 24690.836, "tonne_kms": 1374674.6, "tonnes_per_trailer": 24.999994, "avg_trip_distance": 55.981415, "avg_trip_duration": 0.7364599, "total_trip_distance": 54986.984, "total_trip_duration": 722.14386, "total_freight_value": 44443500.0, "trip_transport_costs": 307437.0, "cst_per_tonne": 12.0, "cst_per_tonne_km": 0.2236436679629734, "co2_tn": 123.20251}], "LGA_14000": [{"industry": "fuel", "sector": "fuel", "trips_count": 10, "trailer_loads": 823.0270999999999, "tonnes": 20575.678, "tonne_kms": 371185.3, "tonnes_per_trailer": 24.999977, "avg_trip_distance": 17.905914, "avg_trip_duration": 0.28994334, "total_trip_distance": 14847.412, "total_trip_duration": 240.48308, "total_freight_value": 37036250.0, "trip_transport_costs": 123484.0, "cst_per_tonne": 6.0, "cst_per_tonne_km": 0.33267461888877103, "co2_tn": 35.37108}, {"industry": "waste", "sector": "waste", "trips_count": 83, "trailer_loads": 1792.7999999999975, "tonnes": 17928.0, "tonne_kms": 161469.5, "tonnes_per_trailer": 10.0, "avg_trip_distance": 8.842799, "avg_trip_duration": 0.15655525, "total_trip_distance": 16146.95, "total_trip_duration": 285.86987, "total_freight_value": 1792800.0, "trip_transport_costs": 193114.0, "cst_per_tonne": 11.0, "cst_per_tonne_km": 1.1959781893431305, "co2_tn": 39.423607}], "LGA_14170": [{"industry": "fuel", "sector": "fuel", "trips_count": 14, "trailer_loads": 1152.2379, "tonnes": 28805.95, "tonne_kms": 444167.12, "tonnes_per_trailer": 24.999985, "avg_trip_distance": 15.242011, "avg_trip_duration": 0.22624007, "total_trip_distance": 17766.686, "total_trip_duration": 263.71432, "total_freight_value": 51850750.0, "trip_transport_costs": 154891.0, "cst_per_tonne": 5.0, "cst_per_tonne_km": 0.348722953064964, "co2_tn": 41.00177}], "LGA_14500": [{"industry": "fuel", "sector": "fuel", "trips_count": 6, "trailer_loads": 493.8164, "tonnes": 12345.418, "tonne_kms": 257994.53, "tonnes_per_trailer": 25.000004, "avg_trip_distance": 20.737627, "avg_trip_duration": 0.33528426, "total_trip_distance": 10319.781, "total_trip_duration": 166.82225, "total_freight_value": 22221760.0, "trip_transport_costs": 80773.0, "cst_per_tonne": 7.0, "cst_per_tonne_km": 0.31307879209527817, "co2_tn": 24.358948}], "LGA_14900": [{"industry": "fuel", "sector": "fuel", "trips_count": 34, "trailer_loads": 2798.293400000001, "tonnes": 69957.336, "tonne_kms": 2005512.1, "tonnes_per_trailer": 24.999983, "avg_trip_distance": 28.435965, "avg_trip_duration": 0.42583275, "total_trip_distance": 80220.484, "total_trip_duration": 1201.5624, "total_freight_value": 125923271.0, "trip_transport_costs": 551999.0, "cst_per_tonne": 8.0, "cst_per_tonne_km": 0.275240775786766, "co2_tn": 186.50687}], "LGA_15240": [{"industry": "fuel", "sector": "fuel", "trips_count": 8, "trailer_loads": 658.4221, "tonnes": 16460.55, "tonne_kms": 4824225.0, "tonnes_per_trailer": 24.999983, "avg_trip_distance": 215.73338, "avg_trip_duration": 2.3832622, "total_trip_distance": 143111.38, "total_trip_duration": 1580.7991, "total_freight_value": 29629010.0, "trip_transport_costs": 757579.0, "cst_per_tonne": 46.0, "cst_per_tonne_km": 0.15703644513496987, "co2_tn": 391.15604}], "LGA_15950": [], "LGA_15990": [{"industry": "fuel", "sector": "fuel", "trips_count": 8, "trailer_loads": 658.4214, "tonnes": 16460.54, "tonne_kms": 651829.0, "tonnes_per_trailer": 24.999983, "avg_trip_distance": 39.219444, "avg_trip_duration": 0.6169576, "total_trip_distance": 26073.16, "total_trip_duration": 410.1801, "total_freight_value": 29629001.0, "trip_transport_costs": 165999.0, "cst_per_tonne": 10.0, "cst_per_tonne_km": 0.2546661999590767, "co2_tn": 61.027966}], "LGA_16260": [{"industry": "fuel", "sector": "fuel", "trips_count": 42, "trailer_loads": 3456.714600000001, "tonnes": 86417.914, "tonne_kms": 569576.06, "tonnes_per_trailer": 24.99999, "avg_trip_distance": 6.5247564, "avg_trip_duration": 0.10824639, "total_trip_distance": 22783.043, "total_trip_duration": 377.9232, "total_freight_value": 155552270.0,