{"orig_lga": "LGA_63410", "orig_name": "King Island (M)", "orig_state": "TAS", "fetched_at": "2026-03-12T07:20:03.119733+00:00", "destinations": {"LGA_61210": [{"industry": "livestock", "sector": "livestock", "trips_count": 52, "trailer_loads": 300.45444999999995, "tonnes": 6200.0, "tonne_kms": 1050214.9, "tonnes_per_trailer": 20.807701, "avg_trip_distance": 162.89638, "avg_trip_duration": 1.9992384, "total_trip_distance": 50933.4, "total_trip_duration": 623.3103, "total_freight_value": 21813500.0, "trip_transport_costs": 244904.0, "cst_per_tonne": 40.0, "cst_per_tonne_km": 0.23319381338249054, "co2_tn": 115.086136}]}}