{"orig_lga": "LGA_63210", "orig_name": "Kentish (M)", "orig_state": "TAS", "fetched_at": "2026-03-12T07:20:00.591446+00:00", "destinations": {"LGA_21180": [{"industry": "livestock", "sector": "livestock", "trips_count": 7, "trailer_loads": 40.54545, "tonnes": 460.0, "tonne_kms": 221749.66, "tonnes_per_trailer": 11.714289, "avg_trip_distance": 474.98956, "avg_trip_duration": 22.559877, "total_trip_distance": 19504.48, "total_trip_duration": 926.585, "total_freight_value": 3138000.0, "trip_transport_costs": 202599.0, "cst_per_tonne": 440.0, "cst_per_tonne_km": 0.9136362986188394, "co2_tn": 86.05042}], "LGA_61610": [{"industry": "waste", "sector": "waste", "trips_count": 11, "trailer_loads": 237.59999999999997, "tonnes": 2376.0, "tonne_kms": 30839.832, "tonnes_per_trailer": 10.0, "avg_trip_distance": 12.743732, "avg_trip_duration": 0.16346826, "total_trip_distance": 3083.9832, "total_trip_duration": 39.559322, "total_freight_value": 237600.0, "trip_transport_costs": 28492.0, "cst_per_tonne": 12.0, "cst_per_tonne_km": 0.9238742783879464, "co2_tn": 6.9359665}], "LGA_64610": [{"industry": "livestock", "sector": "livestock", "trips_count": 16, "trailer_loads": 85.54545, "tonnes": 1660.0, "tonne_kms": 192324.73, "tonnes_per_trailer": 19.500002, "avg_trip_distance": 102.18014, "avg_trip_duration": 1.1544048, "total_trip_distance": 7199.5815, "total_trip_duration": 81.1918, "total_freight_value": 4270500.0, "trip_transport_costs": 41346.0, "cst_per_tonne": 25.0, "cst_per_tonne_km": 0.21498066855492548, "co2_tn": 20.039406}]}}