{"orig_lga": "LGA_64010", "orig_name": "Launceston (C)", "orig_state": "TAS", "fetched_at": "2026-03-12T07:22:55.049187+00:00", "destinations": {"LGA_61210": [{"industry": "wood_product", "sector": "wood_product", "trips_count": 10, "trailer_loads": 109.51074500000001, "tonnes": 2487.7717, "tonne_kms": 674794.0, "tonnes_per_trailer": 22.000032, "avg_trip_distance": 233.26698, "avg_trip_duration": 2.624803, "total_trip_distance": 19750.107, "total_trip_duration": 222.70485, "total_freight_value": 4475537.0, "trip_transport_costs": 111671.0, "cst_per_tonne": 45.0, "cst_per_tonne_km": 0.16548934929875359, "co2_tn": 58.932766}], "LGA_61610": [], "LGA_62610": [], "LGA_62810": [{"industry": "wood_product", "sector": "wood_product", "trips_count": 33, "trailer_loads": 346.666624, "tonnes": 8666.67, "tonne_kms": 1940846.9, "tonnes_per_trailer": 25.00001, "avg_trip_distance": 197.08247, "avg_trip_duration": 2.2306886, "total_trip_distance": 50724.95, "total_trip_duration": 573.12427, "total_freight_value": 12133328.0, "trip_transport_costs": 294145.0, "cst_per_tonne": 34.0, "cst_per_tonne_km": 0.15155499497667135, "co2_tn": 154.2091}], "LGA_64010": [{"industry": "waste", "sector": "waste", "trips_count": 185, "trailer_loads": 7544.880000000012, "tonnes": 75448.8, "tonne_kms": 483548.62, "tonnes_per_trailer": 10.0, "avg_trip_distance": 6.723667, "avg_trip_duration": 0.121782705, "total_trip_distance": 47181.098, "total_trip_duration": 858.79846, "total_freight_value": 7544880.0, "trip_transport_costs": 714609.0, "cst_per_tonne": 9.0, "cst_per_tonne_km": 1.4778421425781991, "co2_tn": 120.185555}], "LGA_64210": [], "LGA_64610": [{"industry": "livestock", "sector": "livestock", "trips_count": 7, "trailer_loads": 35.63634999999999, "tonnes": 620.0, "tonne_kms": 35336.62, "tonnes_per_trailer": 18.00001, "avg_trip_distance": 50.513206, "avg_trip_duration": 0.62853247, "total_trip_distance": 1537.7239, "total_trip_duration": 19.106209, "total_freight_value": 3125000.0, "trip_transport_costs": 10216.0, "cst_per_tonne": 16.0, "cst_per_tonne_km": 0.28910739725629897, "co2_tn": 4.4000554}]}}