{"orig_lga": "LGA_63010", "orig_name": "Huon Valley (M)", "orig_state": "TAS", "fetched_at": "2026-03-12T07:18:02.840838+00:00", "destinations": {"LGA_31000": [{"industry": "fruit", "sector": "horticulture", "trips_count": 113, "trailer_loads": 215.8133089899999, "tonnes": 4162.298, "tonne_kms": 10408298.0, "tonnes_per_trailer": 16.0177, "avg_trip_distance": 853.225, "avg_trip_duration": 17.200768, "total_trip_distance": 392002.78, "total_trip_duration": 7912.289, "total_freight_value": 17655120.0, "trip_transport_costs": 2553592.0, "cst_per_tonne": 614.0, "cst_per_tonne_km": 0.24534197023709023, "co2_tn": 1312.8585}], "LGA_63010": [{"industry": "waste", "sector": "waste", "trips_count": 43, "trailer_loads": 928.8000000000006, "tonnes": 9288.0, "tonne_kms": 68680.23, "tonnes_per_trailer": 10.0, "avg_trip_distance": 7.260066, "avg_trip_duration": 0.12250351, "total_trip_distance": 6868.0225, "total_trip_duration": 115.88832, "total_freight_value": 928800.0, "trip_transport_costs": 92212.0, "cst_per_tonne": 10.0, "cst_per_tonne_km": 1.3426330265551318, "co2_tn": 16.95349}]}}