{"orig_lga": "LGA_60410", "orig_name": "Brighton (M)", "orig_state": "TAS", "fetched_at": "2026-03-12T06:53:09.958499+00:00", "destinations": {"LGA_60410": [{"industry": "waste", "sector": "waste", "trips_count": 41, "trailer_loads": 885.6000000000006, "tonnes": 8856.0, "tonne_kms": 45202.97, "tonnes_per_trailer": 10.0, "avg_trip_distance": 5.0114155, "avg_trip_duration": 0.07578519, "total_trip_distance": 4520.297, "total_trip_duration": 68.35824, "total_freight_value": 885600.0, "trip_transport_costs": 76471.0, "cst_per_tonne": 9.0, "cst_per_tonne_km": 1.6917237983021023, "co2_tn": 10.6077}], "LGA_60810": [{"industry": "other_retail_ess", "sector": "general", "trips_count": 6, "trailer_loads": 0.7808640000000002, "tonnes": 7.8086405, "tonne_kms": 2147.681, "tonnes_per_trailer": 10.0, "avg_trip_distance": 42.473278, "avg_trip_duration": 0.45019308, "total_trip_distance": 429.5362, "total_trip_duration": 4.5531564, "total_freight_value": 23426.0, "trip_transport_costs": 1099.0, "cst_per_tonne": 141.0, "cst_per_tonne_km": 0.5114826321365902, "co2_tn": 0.3802597}, {"industry": "ppe", "sector": "health", "trips_count": 6, "trailer_loads": 0.418106, "tonnes": 4.18106, "tonne_kms": 1149.9779, "tonnes_per_trailer": 10.0, "avg_trip_distance": 38.332596, "avg_trip_duration": 0.40632898, "total_trip_distance": 229.99557, "total_trip_duration": 2.4379737, "total_freight_value": 209054.0, "trip_transport_costs": 588.0, "cst_per_tonne": 141.0, "cst_per_tonne_km": 0.5114816864741054, "co2_tn": 0.20361067}, {"industry": "medicines", "sector": "health", "trips_count": 6, "trailer_loads": 5.383524999999999, "tonnes": 21.534067, "tonne_kms": 5922.8276, "tonnes_per_trailer": 4.0000024, "avg_trip_distance": 142.79512, "avg_trip_duration": 1.513242, "total_trip_distance": 2961.4138, "total_trip_duration": 31.391254, "total_freight_value": 75369300.0, "trip_transport_costs": 7602.0, "cst_per_tonne": 353.0, "cst_per_tonne_km": 1.2835502385788697, "co2_tn": 2.6216812}], "LGA_61610": [], "LGA_62610": [{"industry": "other_retail_ess", "sector": "general", "trips_count": 17, "trailer_loads": 6.764861400000001, "tonnes": 67.64861, "tonne_kms": 1059.8556, "tonnes_per_trailer": 10.0, "avg_trip_distance": 6.1728573, "avg_trip_duration": 0.0873841, "total_trip_distance": 211.97112, "total_trip_duration": 3.0029402, "total_freight_value": 202946.0, "trip_transport_costs": 980.0, "cst_per_tonne": 14.0, "cst_per_tonne_km": 0.9243192158671532, "co2_tn": 0.19840921}, {"industry": "ppe", "sector": "health", "trips_count": 17, "trailer_loads": 3.5732204000000003, "tonnes": 35.73221, "tonne_kms": 559.8462, "tonnes_per_trailer": 10.0, "avg_trip_distance": 5.6728296, "avg_trip_duration": 0.08041333, "total_trip_distance": 111.96923, "total_trip_duration": 1.5862172, "total_freight_value": 1786611.0, "trip_transport_costs": 517.0, "cst_per_tonne": 14.0, "cst_per_tonne_km": 0.9242973006940841, "co2_tn": 0.10480446}, {"industry": "medicines", "sector": "health", "trips_count": 17, "trailer_loads": 46.00864700000001, "tonnes": 184.0345, "tonne_kms": 2883.4224, "tonnes_per_trailer": 4.0000014, "avg_trip_distance": 10.652724, "avg_trip_duration": 0.15075283, "total_trip_distance": 1441.7112, "total_trip_duration": 20.424065, "total_freight_value": 644121048.0, "trip_transport_costs": 6735.0, "cst_per_tonne": 37.0, "cst_per_tonne_km": 2.3357045802334055, "co2_tn": 1.3494586}], "LGA_62810": [{"industry": "other_retail_ess", "sector": "general", "trips_count": 33, "trailer_loads": 9.873644200000005, "tonnes": 98.73644, "tonne_kms": 2239.6301, "tonnes_per_trailer": 10.0, "avg_trip_distance": 6.7575727, "avg_trip_duration": 0.09349935, "total_trip_distance": 447.92603, "total_trip_duration": 6.196461, "total_freight_value": 296209.0, "trip_transport_costs": 1792.0, "cst_per_tonne": 18.0, "cst_per_tonne_km": 0.800045558243696, "co2_tn": 0.41410002}, {"industry": "ppe", "sector": "health", "trips_count": 33, "trailer_loads": 5.2279342, "tonnes": 52.27935, "tonne_kms": 1186.2102, "tonnes_per_trailer": 10.0, "avg_trip_distance": 5.7472596, "avg_trip_duration": 0.07948805, "total_trip_distance": 237.24203, "total_trip_duration": 3.2820625, "total_freight_value": 2613969.0, "trip_transport_costs": 949.0, "cst_per_tonne": 18.0, "cst_per_tonne_km": 0.7999760177735064, "co2_tn": 0.21932921}, {"industry": "medicines", "sector": "health", "trips_count": 33, "trailer_loads": 67.31467600000002, "tonnes": 269.2587, "tonne_kms": 6109.438, "tonnes_per_trailer": 4.000003, "avg_trip_distance": 13.939019, "avg_trip_duration": 0.19335142, "total_trip_distance": 3054.719, "total_trip_duration": 42.259705, "total_freight_value": 942405572.0, "trip_transport_costs": 12332.0, "cst_per_tonne": 46.0, "cst_per_tonne_km": 2.0184721979319047, "co2_tn": 2.824074}, {"industry": "wood_product", "sector": "wood_product", "trips_count": 8, "trailer_loads": 271.50077000000005, "tonnes": 6503.349, "tonne_kms": 155443.12, "tonnes_per_trailer": 21.875004, "avg_trip_distance": 22.649078, "avg_trip_duration": 0.31719956, "total_trip_distance": 5301.453, "total_trip_duration": 73.53217, "total_freight_value": 13196743.0, "trip_transport_costs": 42317.0, "cst_per_tonne": 7.0, "cst_per_tonne_km": 0.27223404198342743, "co2_tn": 13.166065}], "LGA_63010": [{"industry": "other_retail_ess", "sector": "general", "trips_count": 6, "trailer_loads": 0.17462760000000002, "tonnes": 1.746276, "tonne_kms": 134.8905, "tonnes_per_trailer": 10.0, "avg_trip_distance": 4.4963503, "avg_trip_duration": 0.057726063, "total_trip_distance": 26.978102, "total_trip_duration": 0.3463564, "total_freight_value": 5239.0, "trip_transport_costs": 81.0, "cst_per_tonne": 46.0, "cst_per_tonne_km": 0.5975829094733774, "co2_tn": 0.02452367}, {"industry": "ppe", "sector": "health", "trips_count": 6, "trailer_loads": 0.10046759999999999, "tonnes": 1.004676, "tonne_kms": 77.605865, "tonnes_per_trailer": 10.0, "avg_trip_distance": 2.586862, "avg_trip_duration": 0.03321124, "total_trip_distance": 15.5211735, "total_trip_duration": 0.19926743, "total_freight_value": 50234.0, "trip_transport_costs": 46.0, "cst_per_tonne": 46.0, "cst_per_tonne_km": 0.5975840647069255, "co2_tn": 0.014109105}, {"industry": "medicines", "sector": "health", "trips_count": 6, "trailer_loads": 1.293618, "tonnes": 5.174478, "tonne_kms": 399.70084, "tonnes_per_trailer": 4.000005, "avg_trip_distance": 33.308403, "avg_trip_duration": 0.42762747, "total_trip_distance": 199.85042, "total_trip_duration": 2.565765, "total_freight_value": 18110640.0, "trip_transport_costs": 600.0, "cst_per_tonne": 116.0, "cst_per_tonne_km": 1.502203853941361, "co2_tn": 0.18166766}], "LGA_64610": [{"industry": "grains", "sector": "cropping", "trips_count": 10, "trailer_loads": 108.03440000000002, "tonnes": 2575.337, "tonne_kms": 374505.47, "tonnes_per_trailer": 23.400013, "avg_trip_distance": 133.9702, "avg_trip_duration": 1.4415088, "total_trip_distance": 10481.16, "total_trip_duration": 112.68086, "total_freight_value": 887789.0, "trip_transport_costs": 61516.0, "cst_per_tonne": 24.0, "cst_per_tonne_km": 0.16425946612929135, "co2_tn": 31.022604}]}}