{"orig_lga": "LGA_62210", "orig_name": "George Town (M)", "orig_state": "TAS", "fetched_at": "2026-03-12T07:09:32.148603+00:00", "destinations": {"LGA_24600": [{"industry": "wood_product", "sector": "wood_product", "trips_count": 16, "trailer_loads": 142.4767, "tonnes": 2849.535, "tonne_kms": 1533810.1, "tonnes_per_trailer": 20.000002, "avg_trip_distance": 538.02783, "avg_trip_duration": 23.377764, "total_trip_distance": 102266.62, "total_trip_duration": 4442.5034, "total_freight_value": 14247670.0, "trip_transport_costs": 814638.0, "cst_per_tonne": 286.0, "cst_per_tonne_km": 0.5311205340585263, "co2_tn": 299.55734}], "LGA_25900": [{"industry": "wood_product", "sector": "wood_product", "trips_count": 7, "trailer_loads": 54.954, "tonnes": 1099.08, "tonne_kms": 588952.44, "tonnes_per_trailer": 20.0, "avg_trip_distance": 535.0962, "avg_trip_duration": 23.315119, "total_trip_distance": 40187.344, "total_trip_duration": 1748.7869, "total_freight_value": 5495400.0, "trip_transport_costs": 315876.0, "cst_per_tonne": 287.0, "cst_per_tonne_km": 0.5363359469604878, "co2_tn": 114.50047}], "LGA_61210": [{"industry": "wood_product", "sector": "wood_product", "trips_count": 8, "trailer_loads": 88.33328000000002, "tonnes": 1833.335, "tonne_kms": 499987.12, "tonnes_per_trailer": 20.62504, "avg_trip_distance": 257.20227, "avg_trip_duration": 2.9788399, "total_trip_distance": 16057.638, "total_trip_duration": 185.57414, "total_freight_value": 2916667.0, "trip_transport_costs": 91314.0, "cst_per_tonne": 50.0, "cst_per_tonne_km": 0.18263364031623813, "co2_tn": 48.136086}], "LGA_61610": [], "LGA_61810": [{"industry": "fuel", "sector": "fuel", "trips_count": 12, "trailer_loads": 610.2308000000002, "tonnes": 15255.785, "tonne_kms": 1395070.5, "tonnes_per_trailer": 25.000008, "avg_trip_distance": 89.98621, "avg_trip_duration": 0.9888072, "total_trip_distance": 44847.098, "total_trip_duration": 492.29465, "total_freight_value": 27460376.0, "trip_transport_costs": 249495.0, "cst_per_tonne": 16.0, "cst_per_tonne_km": 0.17884053269507705, "co2_tn": 114.796104}], "LGA_62210": [{"industry": "fuel", "sector": "fuel", "trips_count": 10, "trailer_loads": 508.52570000000003, "tonnes": 12713.142, "tonne_kms": 86502.71, "tonnes_per_trailer": 24.999987, "avg_trip_distance": 6.7823167, "avg_trip_duration": 0.07854222, "total_trip_distance": 2741.0195, "total_trip_duration": 32.181744, "total_freight_value": 22883658.0, "trip_transport_costs": 44891.0, "cst_per_tonne": 4.0, "cst_per_tonne_km": 0.51895320556247, "co2_tn": 7.145899}, {"industry": "waste", "sector": "waste", "trips_count": 19, "trailer_loads": 410.40000000000015, "tonnes": 4104.0, "tonne_kms": 16118.353, "tonnes_per_trailer": 10.0, "avg_trip_distance": 3.856065, "avg_trip_duration": 0.06025866, "total_trip_distance": 1611.8352, "total_trip_duration": 25.18812, "total_freight_value": 410400.0, "trip_transport_costs": 33292.0, "cst_per_tonne": 8.0, "cst_per_tonne_km": 2.065471871489174, "co2_tn": 3.8625448}, {"industry": "wood_product", "sector": "wood_product", "trips_count": 112, "trailer_loads": 13889.926929999998, "tonnes": 261626.17, "tonne_kms": 3164091.5, "tonnes_per_trailer": 20.000008, "avg_trip_distance": 22.0416, "avg_trip_duration": 0.32752734, "total_trip_distance": 137251.84, "total_trip_duration": 2071.3076, "total_freight_value": 189456771.0, "trip_transport_costs": 1587350.0, "cst_per_tonne": 6.0, "cst_per_tonne_km": 0.5016764971124782, "co2_tn": 378.58072}], "LGA_64010": [{"industry": "fuel", "sector": "fuel", "trips_count": 8, "trailer_loads": 406.8204, "tonnes": 10170.525, "tonne_kms": 493712.9, "tonnes_per_trailer": 25.000038, "avg_trip_distance": 47.670246, "avg_trip_duration": 0.52933705, "total_trip_distance": 13165.677, "total_trip_duration": 146.19452, "total_freight_value": 18306920.0, "trip_transport_costs": 94070.0, "cst_per_tonne": 9.0, "cst_per_tonne_km": 0.19053562362564833, "co2_tn": 38.832417}], "LGA_64610": [{"industry": "fruit", "sector": "horticulture", "trips_count": 6, "trailer_loads": 24.981335, "tonnes": 492.73358, "tonne_kms": 21372.707, "tonnes_per_trailer": 15.8333235, "avg_trip_distance": 26.468773, "avg_trip_duration": 0.30850887, "total_trip_distance": 723.2917, "total_trip_duration": 8.363417, "total_freight_value": 1981638.0, "trip_transport_costs": 5502.0, "cst_per_tonne": 11.0, "cst_per_tonne_km": 0.25745354764847767, "co2_tn": 2.1607199}, {"industry": "livestock", "sector": "livestock", "trips_count": 6, "trailer_loads": 28.636349999999997, "tonnes": 600.0, "tonne_kms": 43111.8, "tonnes_per_trailer": 21.000011, "avg_trip_distance": 59.46575, "avg_trip_duration": 0.695757, "total_trip_distance": 1502.051, "total_trip_duration": 17.564018, "total_freight_value": 2500500.0, "trip_transport_costs": 9406.0, "cst_per_tonne": 16.0, "cst_per_tonne_km": 0.21818825934133282, "co2_tn": 4.2288857}], "LGA_65810": [{"industry": "fuel", "sector": "fuel", "trips_count": 12, "trailer_loads": 610.23073, "tonnes": 15255.767, "tonne_kms": 625214.4, "tonnes_per_trailer": 25.0, "avg_trip_distance": 40.31559, "avg_trip_duration": 0.4531139, "total_trip_distance": 16672.383, "total_trip_duration": 187.38261, "total_freight_value": 27460394.0, "trip_transport_costs": 125395.0, "cst_per_tonne": 8.0, "cst_per_tonne_km": 0.2005629036037514, "co2_tn": 49.3343}]}}