{"orig_lga": "LGA_62810", "orig_name": "Hobart (C)", "orig_state": "TAS", "fetched_at": "2026-03-12T07:17:11.574297+00:00", "destinations": {"LGA_60410": [{"industry": "fuel", "sector": "fuel", "trips_count": 21, "trailer_loads": 716.602769, "tonnes": 17868.404, "tonne_kms": 368648.78, "tonnes_per_trailer": 21.666653, "avg_trip_distance": 17.490194, "avg_trip_duration": 0.2464563, "total_trip_distance": 12736.886, "total_trip_duration": 179.98756, "total_freight_value": 32093114.0, "trip_transport_costs": 107646.0, "cst_per_tonne": 6.0, "cst_per_tonne_km": 0.292001573269508, "co2_tn": 32.556633}], "LGA_61410": [{"industry": "fuel", "sector": "fuel", "trips_count": 66, "trailer_loads": 2151.8079379999986, "tonnes": 53635.184, "tonne_kms": 871318.56, "tonnes_per_trailer": 21.363626, "avg_trip_distance": 13.472523, "avg_trip_duration": 0.20369719, "total_trip_distance": 30597.861, "total_trip_duration": 467.5374, "total_freight_value": 96303366.0, "trip_transport_costs": 288582.0, "cst_per_tonne": 5.0, "cst_per_tonne_km": 0.3312011937443559, "co2_tn": 78.96119}, {"industry": "waste", "sector": "waste", "trips_count": 15, "trailer_loads": 324.00000000000006, "tonnes": 3240.0, "tonne_kms": 43037.566, "tonnes_per_trailer": 10.0, "avg_trip_distance": 13.041687, "avg_trip_duration": 0.2477171, "total_trip_distance": 4303.757, "total_trip_duration": 81.74664, "total_freight_value": 324000.0, "trip_transport_costs": 42843.0, "cst_per_tonne": 13.0, "cst_per_tonne_km": 0.9954741857971643, "co2_tn": 11.05695}], "LGA_61810": [{"industry": "fuel", "sector": "fuel", "trips_count": 10, "trailer_loads": 207.41020200000003, "tonnes": 5145.266, "tonne_kms": 1358483.6, "tonnes_per_trailer": 19.000013, "avg_trip_distance": 174.23996, "avg_trip_duration": 1.9748448, "total_trip_distance": 36508.08, "total_trip_duration": 414.71747, "total_freight_value": 9201460.0, "trip_transport_costs": 206538.0, "cst_per_tonne": 40.0, "cst_per_tonne_km": 0.1520354590800385, "co2_tn": 108.69985}], "LGA_62610": [{"industry": "fuel", "sector": "fuel", "trips_count": 47, "trailer_loads": 1637.2818350000002, "tonnes": 40832.055, "tonne_kms": 305007.88, "tonnes_per_trailer": 21.808512, "avg_trip_distance": 6.5282946, "avg_trip_duration": 0.11528072, "total_trip_distance": 12228.499, "total_trip_duration": 216.06273, "total_freight_value": 73347692.0, "trip_transport_costs": 163837.0, "cst_per_tonne": 4.0, "cst_per_tonne_km": 0.5371570920161732, "co2_tn": 30.214203}, {"industry": "waste", "sector": "waste", "trips_count": 113, "trailer_loads": 2440.7999999999947, "tonnes": 24408.0, "tonne_kms": 177579.0, "tonnes_per_trailer": 10.0, "avg_trip_distance": 7.143162, "avg_trip_duration": 0.14143611, "total_trip_distance": 17757.9, "total_trip_duration": 351.6102, "total_freight_value": 2440800.0, "trip_transport_costs": 246642.0, "cst_per_tonne": 10.0, "cst_per_tonne_km": 1.3889144380095881, "co2_tn": 45.40523}], "LGA_62810": [{"industry": "fuel", "sector": "fuel", "trips_count": 59, "trailer_loads": 2712.7696260000002, "tonnes": 61032.54, "tonne_kms": 315786.2, "tonnes_per_trailer": 21.779655, "avg_trip_distance": 5.3733954, "avg_trip_duration": 0.103302956, "total_trip_distance": 12692.797, "total_trip_duration": 244.98322, "total_freight_value": 99678642.0, "trip_transport_costs": 235888.0, "cst_per_tonne": 4.0, "cst_per_tonne_km": 0.7469868493734408, "co2_tn": 32.561413}], "LGA_63010": [{"industry": "fuel", "sector": "fuel", "trips_count": 22, "trailer_loads": 717.269036, "tonnes": 17878.395, "tonne_kms": 1086410.0, "tonnes_per_trailer": 21.363634, "avg_trip_distance": 50.717457, "avg_trip_duration": 0.65931845, "total_trip_distance": 37031.082, "total_trip_duration": 481.18503, "total_freight_value": 32101110.0, "trip_transport_costs": 223555.0, "cst_per_tonne": 13.0, "cst_per_tonne_km": 0.20577420506901475, "co2_tn": 94.024925}], "LGA_63610": [{"industry": "fuel", "sector": "fuel", "trips_count": 22, "trailer_loads": 616.89737, "tonnes": 15355.789, "tonne_kms": 357088.7, "tonnes_per_trailer": 20.454556, "avg_trip_distance": 21.365189, "avg_trip_duration": 0.3206002, "total_trip_distance": 10478.148, "total_trip_duration": 153.4604, "total_freight_value": 27540378.0, "trip_transport_costs": 95759.0, "cst_per_tonne": 6.0, "cst_per_tonne_km": 0.2681657061043962, "co2_tn": 30.73845}], "LGA_64010": [{"industry": "fuel", "sector": "fuel", "trips_count": 19, "trailer_loads": 514.525703, "tonnes": 12803.156, "tonne_kms": 2568504.0, "tonnes_per_trailer": 20.263159, "avg_trip_distance": 145.24268, "avg_trip_duration": 1.6195421, "total_trip_distance": 68817.56, "total_trip_duration": 768.7876, "total_freight_value": 22955646.0, "trip_transport_costs": 394306.0, "cst_per_tonne": 31.0, "cst_per_tonne_km": 0.1535158342491487, "co2_tn": 204.80423}], "LGA_64610": [{"industry": "fuel", "sector": "fuel", "trips_count": 10, "trailer_loads": 207.410202, "tonnes": 5145.26, "tonne_kms": 945334.8, "tonnes_per_trailer": 19.000002, "avg_trip_distance": 119.825195, "avg_trip_duration": 1.3153578, "total_trip_distance": 25397.11, "total_trip_duration": 278.2271, "total_freight_value": 9201460.0, "trip_transport_costs": 145950.0, "cst_per_tonne": 28.0, "cst_per_tonne_km": 0.1543901940460707, "co2_tn": 75.30834}], "LGA_64810": [{"industry": "fuel", "sector": "fuel", "trips_count": 13, "trailer_loads": 510.52566099999996, "tonnes": 12743.131, "tonne_kms": 506695.88, "tonnes_per_trailer": 22.692297, "avg_trip_distance": 36.219387, "avg_trip_duration": 0.46918234, "total_trip_distance": 20300.078, "total_trip_duration": 263.151, "total_freight_value": 22907668.0, "trip_transport_costs": 122619.0, "cst_per_tonne": 10.0, "cst_per_tonne_km": 0.24199819929802238, "co2_tn": 46.02806}], "LGA_65610": [{"industry": "fuel", "sector": "fuel", "trips_count": 17, "trailer_loads": 562.920532, "tonnes": 14033.017, "tonne_kms": 3895418.5, "tonnes_per_trailer": 21.470587, "avg_trip_distance": 243.12962, "avg_trip_duration": 2.764255, "total_trip_distance": 156272.67, "total_trip_duration": 1782.1426, "total_freight_value": 25199430.0, "trip_transport_costs": 711190.0, "cst_per_tonne": 51.0, "cst_per_tonne_km": 0.18257097868173133, "co2_tn": 344.3327}]}}