{"orig_lga": "LGA_61810", "orig_name": "Dorset (M)", "orig_state": "TAS", "fetched_at": "2026-03-12T07:06:00.961970+00:00", "destinations": {"LGA_21370": [{"industry": "livestock", "sector": "livestock", "trips_count": 12, "trailer_loads": 60.72725, "tonnes": 1080.0, "tonne_kms": 899957.2, "tonnes_per_trailer": 18.333344, "avg_trip_distance": 727.15063, "avg_trip_duration": 24.937868, "total_trip_distance": 45908.62, "total_trip_duration": 1573.8198, "total_freight_value": 5572000.0, "trip_transport_costs": 376415.0, "cst_per_tonne": 349.0, "cst_per_tonne_km": 0.4182590000809066, "co2_tn": 173.1038}], "LGA_22750": [], "LGA_60210": [{"industry": "livestock", "sector": "livestock", "trips_count": 27, "trailer_loads": 1392.4000000000008, "tonnes": 34760.0, "tonne_kms": 2569933.0, "tonnes_per_trailer": 24.62963, "avg_trip_distance": 73.62036, "avg_trip_duration": 0.9882621, "total_trip_distance": 102972.11, "total_trip_duration": 1389.3795, "total_freight_value": 55727000.0, "trip_transport_costs": 559317.0, "cst_per_tonne": 16.0, "cst_per_tonne_km": 0.21763856471784113, "co2_tn": 237.89555}], "LGA_60610": [{"industry": "wood_product", "sector": "wood_product", "trips_count": 76, "trailer_loads": 4958.704099999999, "tonnes": 89266.65, "tonne_kms": 22079184.0, "tonnes_per_trailer": 18.026308, "avg_trip_distance": 246.3708, "avg_trip_duration": 2.9884188, "total_trip_distance": 839332.44, "total_trip_duration": 10125.084, "total_freight_value": 23683355.0, "trip_transport_costs": 4798708.0, "cst_per_tonne": 54.0, "cst_per_tonne_km": 0.21734084245015012, "co2_tn": 2494.3142}], "LGA_61210": [{"industry": "livestock", "sector": "livestock", "trips_count": 17, "trailer_loads": 88.18180000000001, "tonnes": 1800.0, "tonne_kms": 585802.4, "tonnes_per_trailer": 20.470594, "avg_trip_distance": 246.51758, "avg_trip_duration": 2.9354384, "total_trip_distance": 19314.81, "total_trip_duration": 234.76976, "total_freight_value": 5489000.0, "trip_transport_costs": 110697.0, "cst_per_tonne": 61.0, "cst_per_tonne_km": 0.18896597057236025, "co2_tn": 57.926567}, {"industry": "wood_product", "sector": "wood_product", "trips_count": 24, "trailer_loads": 224.9999499999999, "tonnes": 4666.673, "tonne_kms": 1415381.2, "tonnes_per_trailer": 20.833372, "avg_trip_distance": 273.12292, "avg_trip_duration": 3.1529872, "total_trip_distance": 45540.406, "total_trip_duration": 525.5789, "total_freight_value": 7416666.0, "trip_transport_costs": 257100.0, "cst_per_tonne": 55.0, "cst_per_tonne_km": 0.18164684778780893, "co2_tn": 136.2706}], "LGA_61810": [{"industry": "waste", "sector": "waste", "trips_count": 21, "trailer_loads": 453.6000000000002, "tonnes": 4536.0, "tonne_kms": 46959.266, "tonnes_per_trailer": 10.0, "avg_trip_distance": 10.164343, "avg_trip_duration": 0.12720545, "total_trip_distance": 4695.9263, "total_trip_duration": 58.76892, "total_freight_value": 453600.0, "trip_transport_costs": 48980.0, "cst_per_tonne": 11.0, "cst_per_tonne_km": 1.043031378300608, "co2_tn": 10.572705}, {"industry": "wood_product", "sector": "wood_product", "trips_count": 26, "trailer_loads": 2021.196911, "tonnes": 41603.836, "tonne_kms": 1012440.25, "tonnes_per_trailer": 22.88461, "avg_trip_distance": 25.288202, "avg_trip_duration": 0.61055005, "total_trip_distance": 32391.32, "total_trip_duration": 823.18555, "total_freight_value": 65355491.0, "trip_transport_costs": 374094.0, "cst_per_tonne": 9.0, "cst_per_tonne_km": 0.3694973409140446, "co2_tn": 129.78734}], "LGA_62810": [{"industry": "livestock", "sector": "livestock", "trips_count": 9, "trailer_loads": 388.79999999999995, "tonnes": 9720.0, "tonne_kms": 3015201.2, "tonnes_per_trailer": 25.0, "avg_trip_distance": 228.0558, "avg_trip_duration": 2.6719627, "total_trip_distance": 81980.97, "total_trip_duration": 963.1476, "total_freight_value": 15552000.0, "trip_transport_costs": 465945.0, "cst_per_tonne": 48.0, "cst_per_tonne_km": 0.15453181944530237, "co2_tn": 242.73944}, {"industry": "wood_product", "sector": "wood_product", "trips_count": 104, "trailer_loads": 1429.666759, "tonnes": 35566.676, "tonne_kms": 9878764.0, "tonnes_per_trailer": 24.759617, "avg_trip_distance": 241.40686, "avg_trip_duration": 2.8394287, "total_trip_distance": 269419.47, "total_trip_duration": 3183.1987, "total_freight_value": 52313333.0, "trip_transport_costs": 1529340.0, "cst_per_tonne": 43.0, "cst_per_tonne_km": 0.15481085207151604, "co2_tn": 802.82947}], "LGA_64010": [{"industry": "livestock", "sector": "livestock", "trips_count": 13, "trailer_loads": 734.4000000000002, "tonnes": 18360.0, "tonne_kms": 2092327.2, "tonnes_per_trailer": 25.0, "avg_trip_distance": 118.89748, "avg_trip_duration": 1.552238, "total_trip_distance": 76434.695, "total_trip_duration": 996.92834, "total_freight_value": 29376000.0, "trip_transport_costs": 405826.0, "cst_per_tonne": 22.0, "cst_per_tonne_km": 0.1939589057621125, "co2_tn": 185.56078}], "LGA_64610": [{"industry": "vegetables", "sector": "horticulture", "trips_count": 6, "trailer_loads": 29.917075999999998, "tonnes": 639.757, "tonne_kms": 53003.84, "tonnes_per_trailer": 21.333307, "avg_trip_distance": 60.866543, "avg_trip_duration": 0.7411117, "total_trip_distance": 2168.8042, "total_trip_duration": 26.01801, "total_freight_value": 2499414.0, "trip_transport_costs": 12087.0, "cst_per_tonne": 19.0, "cst_per_tonne_km": 0.2280337856232022, "co2_tn": 5.3229795}, {"industry": "livestock", "sector": "livestock", "trips_count": 40, "trailer_loads": 217.09086000000002, "tonnes": 4280.0, "tonne_kms": 523898.75, "tonnes_per_trailer": 19.850006, "avg_trip_distance": 106.06792, "avg_trip_duration": 1.3289934, "total_trip_distance": 19120.67, "total_trip_duration": 239.10504, "total_freight_value": 15328000.0, "trip_transport_costs": 113924.0, "cst_per_tonne": 27.0, "cst_per_tonne_km": 0.21745347830807005, "co2_tn": 54.980526}]}}