{"orig_lga": "LGA_63810", "orig_name": "Latrobe (M) (Tas.)", "orig_state": "TAS", "fetched_at": "2026-03-12T07:22:51.106730+00:00", "destinations": {"LGA_61610": [{"industry": "fruit", "sector": "horticulture", "trips_count": 11, "trailer_loads": 57.5224774, "tonnes": 1132.6367, "tonne_kms": 20818.242, "tonnes_per_trailer": 15.454548, "avg_trip_distance": 7.821802, "avg_trip_duration": 0.09968882, "total_trip_distance": 764.91364, "total_trip_duration": 9.513637, "total_freight_value": 4626835.0, "trip_transport_costs": 7748.0, "cst_per_tonne": 7.0, "cst_per_tonne_km": 0.37217227120588603, "co2_tn": 2.1540213}, {"industry": "waste", "sector": "waste", "trips_count": 14, "trailer_loads": 302.40000000000003, "tonnes": 3024.0, "tonne_kms": 27871.129, "tonnes_per_trailer": 10.0, "avg_trip_distance": 9.0490675, "avg_trip_duration": 0.13263078, "total_trip_distance": 2787.1128, "total_trip_duration": 40.85028, "total_freight_value": 302400.0, "trip_transport_costs": 31850.0, "cst_per_tonne": 11.0, "cst_per_tonne_km": 1.1427528069691293, "co2_tn": 6.4913163}]}}