{"orig_lga": "LGA_61010", "orig_name": "Central Highlands (M) (Tas.)", "orig_state": "TAS", "fetched_at": "2026-03-12T06:59:34.265897+00:00", "destinations": {"LGA_61010": [{"industry": "waste", "sector": "waste", "trips_count": 7, "trailer_loads": 168.48, "tonnes": 1684.8, "tonne_kms": 60443.152, "tonnes_per_trailer": 10.0, "avg_trip_distance": 32.623287, "avg_trip_duration": 0.36085325, "total_trip_distance": 5681.1025, "total_trip_duration": 62.81407, "total_freight_value": 168480.0, "trip_transport_costs": 35436.0, "cst_per_tonne": 21.0, "cst_per_tonne_km": 0.5862679345138804, "co2_tn": 13.055884}], "LGA_64610": [{"industry": "grains", "sector": "cropping", "trips_count": 13, "trailer_loads": 318.2866999999999, "tonnes": 7763.581, "tonne_kms": 1219202.4, "tonnes_per_trailer": 23.769247, "avg_trip_distance": 153.32413, "avg_trip_duration": 1.6506519, "total_trip_distance": 33308.473, "total_trip_duration": 359.76364, "total_freight_value": 2738379.0, "trip_transport_costs": 194141.0, "cst_per_tonne": 25.0, "cst_per_tonne_km": 0.1592358900962812, "co2_tn": 98.95527}, {"industry": "livestock", "sector": "livestock", "trips_count": 19, "trailer_loads": 97.72725000000001, "tonnes": 1700.0, "tonne_kms": 218730.78, "tonnes_per_trailer": 17.894743, "avg_trip_distance": 106.70982, "avg_trip_duration": 1.2553594, "total_trip_distance": 8109.947, "total_trip_duration": 95.40731, "total_freight_value": 7129500.0, "trip_transport_costs": 49871.0, "cst_per_tonne": 29.0, "cst_per_tonne_km": 0.22800165880645237, "co2_tn": 24.73916}]}}