{"orig_lga": "LGA_62610", "orig_name": "Glenorchy (C)", "orig_state": "TAS", "fetched_at": "2026-03-12T07:10:33.137275+00:00", "destinations": {"LGA_60210": [], "LGA_60410": [{"industry": "waste", "sector": "waste", "trips_count": 33, "trailer_loads": 712.8000000000004, "tonnes": 7128.0, "tonne_kms": 72308.375, "tonnes_per_trailer": 10.0, "avg_trip_distance": 9.959831, "avg_trip_duration": 0.14510083, "total_trip_distance": 7230.8374, "total_trip_duration": 105.3432, "total_freight_value": 712800.0, "trip_transport_costs": 78093.0, "cst_per_tonne": 11.0, "cst_per_tonne_km": 1.0800054754095734, "co2_tn": 16.759583}], "LGA_61410": [{"industry": "other_retail_ess", "sector": "general", "trips_count": 6, "trailer_loads": 1.0843842, "tonnes": 10.843842, "tonne_kms": 152.81909, "tonnes_per_trailer": 10.0, "avg_trip_distance": 3.157124, "avg_trip_duration": 0.051945858, "total_trip_distance": 18.942743, "total_trip_duration": 0.31167513, "total_freight_value": 32531.0, "trip_transport_costs": 144.0, "cst_per_tonne": 13.0, "cst_per_tonne_km": 0.9433080808459021, "co2_tn": 0.03472368}], "LGA_61610": [{"industry": "beverage", "sector": "beverage", "trips_count": 6, "trailer_loads": 60.331900000000005, "tonnes": 1327.302, "tonne_kms": 359625.34, "tonnes_per_trailer": 22.000006, "avg_trip_distance": 262.9329, "avg_trip_duration": 2.8189275, "total_trip_distance": 16346.607, "total_trip_duration": 175.33551, "total_freight_value": 3981902.0, "trip_transport_costs": 73052.0, "cst_per_tonne": 55.0, "cst_per_tonne_km": 0.20313353074219342, "co2_tn": 35.90927}, {"industry": "dairy_product", "sector": "cold_food", "trips_count": 6, "trailer_loads": 57.97314, "tonnes": 1101.4861, "tonne_kms": 298441.72, "tonnes_per_trailer": 18.999945, "avg_trip_distance": 252.65234, "avg_trip_duration": 2.7087088, "total_trip_distance": 15707.46, "total_trip_duration": 168.47993, "total_freight_value": 14319360.0, "trip_transport_costs": 70578.0, "cst_per_tonne": 64.0, "cst_per_tonne_km": 0.23648955289637266, "co2_tn": 34.50525}, {"industry": "seafood", "sector": "cold_food", "trips_count": 6, "trailer_loads": 6.712472, "tonnes": 80.54968, "tonne_kms": 21824.504, "tonnes_per_trailer": 12.000004, "avg_trip_distance": 185.10722, "avg_trip_duration": 1.9842472, "total_trip_distance": 1818.7087, "total_trip_duration": 19.50767, "total_freight_value": 2416490.0, "trip_transport_costs": 8172.0, "cst_per_tonne": 101.0, "cst_per_tonne_km": 0.3744411625505876, "co2_tn": 3.9952285}, {"industry": "meat", "sector": "cold_food", "trips_count": 6, "trailer_loads": 39.6945, "tonnes": 714.5, "tonne_kms": 193589.94, "tonnes_per_trailer": 17.999979, "avg_trip_distance": 253.82074, "avg_trip_duration": 2.7214153, "total_trip_distance": 10754.997, "total_trip_duration": 115.35928, "total_freight_value": 16433520.0, "trip_transport_costs": 48325.0, "cst_per_tonne": 68.0, "cst_per_tonne_km": 0.24962780491803066, "co2_tn": 23.625957}, {"industry": "sugar", "sector": "cropping", "trips_count": 6, "trailer_loads": 2.791718, "tonnes": 64.20944, "tonne_kms": 17397.203, "tonnes_per_trailer": 22.999979, "avg_trip_distance": 126.066696, "avg_trip_duration": 1.3522053, "total_trip_distance": 756.40015, "total_trip_duration": 8.113232, "total_freight_value": 38526.0, "trip_transport_costs": 3380.0, "cst_per_tonne": 53.0, "cst_per_tonne_km": 0.19430121641993456, "co2_tn": 1.6616122}, {"industry": "food", "sector": "food", "trips_count": 6, "trailer_loads": 46.2675, "tonnes": 694.01434, "tonne_kms": 188039.69, "tonnes_per_trailer": 15.000033, "avg_trip_distance": 239.74448, "avg_trip_duration": 2.570395, "total_trip_distance": 12535.9795, "total_trip_duration": 134.4624, "total_freight_value": 5552114.0, "trip_transport_costs": 56022.0, "cst_per_tonne": 81.0, "cst_per_tonne_km": 0.2979281561655036, "co2_tn": 27.538212}, {"industry": "other_retail_ess", "sector": "general", "trips_count": 6, "trailer_loads": 0.6292424000000001, "tonnes": 6.2924247, "tonne_kms": 1704.8987, "tonnes_per_trailer": 10.0, "avg_trip_distance": 28.414976, "avg_trip_duration": 0.30478215, "total_trip_distance": 170.48985, "total_trip_duration": 1.828693, "total_freight_value": 18877.0, "trip_transport_costs": 762.0, "cst_per_tonne": 121.0, "cst_per_tonne_km": 0.4468922264513806, "co2_tn": 0.37452093}, {"industry": "vegetables", "sector": "horticulture", "trips_count": 6, "trailer_loads": 45.83686, "tonnes": 687.554, "tonne_kms": 186289.08, "tonnes_per_trailer": 15.000019, "avg_trip_distance": 255.44067, "avg_trip_duration": 2.738949, "total_trip_distance": 12419.271, "total_trip_duration": 133.21046, "total_freight_value": 3850296.0, "trip_transport_costs": 55803.0, "cst_per_tonne": 81.0, "cst_per_tonne_km": 0.2995526483914742, "co2_tn": 27.281876}, {"industry": "fruit", "sector": "horticulture", "trips_count": 6, "trailer_loads": 29.65016, "tonnes": 504.05276, "tonne_kms": 136566.33, "tonnes_per_trailer": 17.000004, "avg_trip_distance": 246.44907, "avg_trip_duration": 2.642715, "total_trip_distance": 8033.314, "total_trip_duration": 86.17095, "total_freight_value": 2520264.0, "trip_transport_costs": 36097.0, "cst_per_tonne": 72.0, "cst_per_tonne_km": 0.2643162945518118, "co2_tn": 17.647291}, {"industry": "nuts", "sector": "horticulture", "trips_count": 6, "trailer_loads": 0.915374, "tonnes": 16.4767, "tonne_kms": 4464.2734, "tonnes_per_trailer": 17.999964, "avg_trip_distance": 41.335865, "avg_trip_duration": 0.44337305, "total_trip_distance": 248.0152, "total_trip_duration": 2.6602383, "total_freight_value": 494301.0, "trip_transport_costs": 1108.0, "cst_per_tonne": 67.0, "cst_per_tonne_km": 0.24827399110308507, "co2_tn": 0.5448246}, {"industry": "tissue_product", "sector": "wood_product", "trips_count": 6, "trailer_loads": 9.85242, "tonnes": 59.114563, "tonne_kms": 16016.773, "tonnes_per_trailer": 6.000006, "avg_trip_distance": 222.45518, "avg_trip_duration": 2.3860788, "total_trip_distance": 2669.4622, "total_trip_duration": 28.632946, "total_freight_value": 177344.0, "trip_transport_costs": 11930.0, "cst_per_tonne": 202.0, "cst_per_tonne_km": 0.7448226349744675, "co2_tn": 5.864116}], "LGA_61810": [], "LGA_62410": [], "LGA_62610": [{"industry": "waste", "sector": "waste", "trips_count": 94, "trailer_loads": 5410.800000000015, "tonnes": 54108.0, "tonne_kms": 297563.88, "tonnes_per_trailer": 10.0, "avg_trip_distance": 4.155806, "avg_trip_duration": 0.07443842, "total_trip_distance": 29756.387, "total_trip_duration": 656.9953, "total_freight_value": 5410800.0, "trip_transport_costs": 505496.0, "cst_per_tonne": 9.0, "cst_per_tonne_km": 1.6987801940325262, "co2_tn": 81.16795}], "LGA_62810": [{"industry": "other_retail_ess", "sector": "general", "trips_count": 7, "trailer_loads": 2.4763786, "tonnes": 24.763786, "tonne_kms": 130.47408, "tonnes_per_trailer": 10.0, "avg_trip_distance": 3.5111756, "avg_trip_duration": 0.06350693, "total_trip_distance": 24.57823, "total_trip_duration": 0.4445485, "total_freight_value": 74291.0, "trip_transport_costs": 226.0, "cst_per_tonne": 9.0, "cst_per_tonne_km": 1.7336206527053957, "co2_tn": 0.027046354}, {"industry": "ppe", "sector": "health", "trips_count": 13, "trailer_loads": 13.2452851, "tonnes": 132.45284, "tonne_kms": 866.9751, "tonnes_per_trailer": 10.0, "avg_trip_distance": 3.342721, "avg_trip_duration": 0.055728413, "total_trip_distance": 173.39502, "total_trip_duration": 2.76244, "total_freight_value": 3930201.0, "trip_transport_costs": 1286.0, "cst_per_tonne": 10.0, "cst_per_tonne_km": 1.4830087102391096, "co2_tn": 0.16655704}, {"industry": "medicines", "sector": "health", "trips_count": 9, "trailer_loads": 45.00717999999999, "tonnes": 180.02827, "tonne_kms": 1099.5723, "tonnes_per_trailer": 3.999988, "avg_trip_distance": 5.053713, "avg_trip_duration": 0.08631455, "total_trip_distance": 549.78613, "total_trip_duration": 9.037914, "total_freight_value": 630099776.0, "trip_transport_costs": 4344.0, "cst_per_tonne": 24.0, "cst_per_tonne_km": 3.9508961056051386, "co2_tn": 0.53445834}], "LGA_63010": [],