{"orig_lga": "LGA_64210", "orig_name": "Meander Valley (M)", "orig_state": "TAS", "fetched_at": "2026-03-12T07:26:51.176457+00:00", "destinations": {"LGA_60210": [], "LGA_60610": [{"industry": "wood_product", "sector": "wood_product", "trips_count": 76, "trailer_loads": 3657.4076999999984, "tonnes": 65833.27, "tonne_kms": 8120606.5, "tonnes_per_trailer": 17.999992, "avg_trip_distance": 122.52194, "avg_trip_duration": 1.4767268, "total_trip_distance": 314612.12, "total_trip_duration": 3809.0872, "total_freight_value": 17116690.0, "trip_transport_costs": 1890183.0, "cst_per_tonne": 29.0, "cst_per_tonne_km": 0.23276372006512075, "co2_tn": 923.7603}], "LGA_60810": [], "LGA_61210": [{"industry": "grains", "sector": "cropping", "trips_count": 34, "trailer_loads": 492.4799999999998, "tonnes": 12312.0, "tonne_kms": 2829567.5, "tonnes_per_trailer": 25.0, "avg_trip_distance": 221.10582, "avg_trip_duration": 2.447001, "total_trip_distance": 75455.13, "total_trip_duration": 834.663, "total_freight_value": 6156000.0, "trip_transport_costs": 427022.0, "cst_per_tonne": 35.0, "cst_per_tonne_km": 0.15091435821243, "co2_tn": 223.96048}, {"industry": "livestock", "sector": "livestock", "trips_count": 12, "trailer_loads": 59.0909, "tonnes": 1200.0, "tonne_kms": 249453.8, "tonnes_per_trailer": 20.333338, "avg_trip_distance": 170.80501, "avg_trip_duration": 2.060758, "total_trip_distance": 8198.641, "total_trip_duration": 98.91639, "total_freight_value": 3391000.0, "trip_transport_costs": 48117.0, "cst_per_tonne": 40.0, "cst_per_tonne_km": 0.19289023661727686, "co2_tn": 24.851618}, {"industry": "wood_product", "sector": "wood_product", "trips_count": 14, "trailer_loads": 375.19928300000004, "tonnes": 9213.319, "tonne_kms": 1726841.1, "tonnes_per_trailer": 23.571455, "avg_trip_distance": 160.3868, "avg_trip_duration": 1.8440919, "total_trip_distance": 47519.293, "total_trip_duration": 535.45935, "total_freight_value": 18093301.0, "trip_transport_costs": 273038.0, "cst_per_tonne": 30.0, "cst_per_tonne_km": 0.15811430173492275, "co2_tn": 140.28018}], "LGA_61410": [{"industry": "livestock", "sector": "livestock", "trips_count": 11, "trailer_loads": 480.19999999999993, "tonnes": 11980.0, "tonne_kms": 2764163.2, "tonnes_per_trailer": 24.545454, "avg_trip_distance": 150.24628, "avg_trip_duration": 1.627581, "total_trip_distance": 74082.25, "total_trip_duration": 790.97107, "total_freight_value": 19223500.0, "trip_transport_costs": 419091.0, "cst_per_tonne": 35.0, "cst_per_tonne_km": 0.15161573465159958, "co2_tn": 218.35469}], "LGA_61610": [{"industry": "dairy_product", "sector": "cold_food", "trips_count": 21, "trailer_loads": 759.84324, "tonnes": 15511.706, "tonne_kms": 582118.2, "tonnes_per_trailer": 20.00001, "avg_trip_distance": 33.998867, "avg_trip_duration": 0.379736, "total_trip_distance": 19009.986, "total_trip_duration": 212.43057, "total_freight_value": 96486115.0, "trip_transport_costs": 150454.0, "cst_per_tonne": 10.0, "cst_per_tonne_km": 0.2584596119194773, "co2_tn": 56.58492}, {"industry": "fruit", "sector": "horticulture", "trips_count": 24, "trailer_loads": 18.4734722, "tonnes": 184.73471, "tonne_kms": 9231.272, "tonnes_per_trailer": 10.0, "avg_trip_distance": 14.897027, "avg_trip_duration": 0.163736, "total_trip_distance": 615.4182, "total_trip_duration": 6.754163, "total_freight_value": 1042112.0, "trip_transport_costs": 4443.0, "cst_per_tonne": 24.0, "cst_per_tonne_km": 0.48129976229224075, "co2_tn": 1.8225511}], "LGA_61810": [{"industry": "grains", "sector": "cropping", "trips_count": 27, "trailer_loads": 414.7199999999999, "tonnes": 10368.0, "tonne_kms": 1370712.1, "tonnes_per_trailer": 25.0, "avg_trip_distance": 129.79657, "avg_trip_duration": 1.6063269, "total_trip_distance": 48294.67, "total_trip_duration": 599.022, "total_freight_value": 5184000.0, "trip_transport_costs": 254099.0, "cst_per_tonne": 25.0, "cst_per_tonne_km": 0.18537704371983832, "co2_tn": 118.918106}, {"industry": "wood_product", "sector": "wood_product", "trips_count": 6, "trailer_loads": 34.818487, "tonnes": 870.4636, "tonne_kms": 131015.086, "tonnes_per_trailer": 25.000011, "avg_trip_distance": 105.99512, "avg_trip_duration": 1.3059148, "total_trip_distance": 3493.7358, "total_trip_duration": 41.16462, "total_freight_value": 1740926.0, "trip_transport_costs": 20913.0, "cst_per_tonne": 24.0, "cst_per_tonne_km": 0.15962218073713302, "co2_tn": 10.478488}], "LGA_64010": [{"industry": "livestock", "sector": "livestock", "trips_count": 8, "trailer_loads": 350.59999999999997, "tonnes": 8740.0, "tonne_kms": 462333.28, "tonnes_per_trailer": 24.375, "avg_trip_distance": 58.277336, "avg_trip_duration": 0.6945823, "total_trip_distance": 12395.569, "total_trip_duration": 143.75206, "total_freight_value": 14039500.0, "trip_transport_costs": 87727.0, "cst_per_tonne": 10.0, "cst_per_tonne_km": 0.18974880788953316, "co2_tn": 37.331085}, {"industry": "waste", "sector": "waste", "trips_count": 25, "trailer_loads": 540.0000000000002, "tonnes": 5400.0, "tonne_kms": 67492.66, "tonnes_per_trailer": 10.0, "avg_trip_distance": 12.271392, "avg_trip_duration": 0.18038684, "total_trip_distance": 6749.2656, "total_trip_duration": 99.21276, "total_freight_value": 540000.0, "trip_transport_costs": 65335.0, "cst_per_tonne": 12.0, "cst_per_tonne_km": 0.9680340547756351, "co2_tn": 15.885546}], "LGA_64210": [{"industry": "grains", "sector": "cropping", "trips_count": 30, "trailer_loads": 583.2000000000002, "tonnes": 14580.0, "tonne_kms": 571744.6, "tonnes_per_trailer": 25.0, "avg_trip_distance": 39.119995, "avg_trip_duration": 0.43621728, "total_trip_distance": 15714.626, "total_trip_duration": 176.63803, "total_freight_value": 7290000.0, "trip_transport_costs": 117689.0, "cst_per_tonne": 8.0, "cst_per_tonne_km": 0.20584150237181123, "co2_tn": 45.881626}, {"industry": "livestock", "sector": "livestock", "trips_count": 100, "trailer_loads": 4675.599999999992, "tonnes": 116840.0, "tonne_kms": 2470046.2, "tonnes_per_trailer": 24.9, "avg_trip_distance": 20.881933, "avg_trip_duration": 0.2583575, "total_trip_distance": 75134.61, "total_trip_duration": 919.998, "total_freight_value": 187055000.0, "trip_transport_costs": 670150.0, "cst_per_tonne": 6.0, "cst_per_tonne_km": 0.2713105631026345, "co2_tn": 205.91382}, {"industry": "waste", "sector": "waste", "trips_count": 11, "trailer_loads": 330.48, "tonnes": 3304.7998, "tonne_kms": 69253.164, "tonnes_per_trailer": 10.0, "avg_trip_distance": 21.388165, "avg_trip_duration": 0.3135709, "total_trip_distance": 6273.2363, "total_trip_duration": 94.7635, "total_freight_value": 330480.0, "trip_transport_costs": 51945.0, "cst_per_tonne": 16.0, "cst_per_tonne_km": 0.7500751178449087, "co2_tn": 16.077606}], "LGA_64610": [{"industry": "dairy_product", "sector": "cold_food", "trips_count": 7, "trailer_loads": 92.086404, "tonnes": 1895.5422, "tonne_kms": 131071.24, "tonnes_per_trailer": 20.000006, "avg_trip_distance": 55.035263, "avg_trip_duration": 0.564484, "total_trip_distance": 4245.0283, "total_trip_duration": 43.551445, "total_freight_value": 10242452.0, "trip_transport_costs": 27902.0, "cst_per_tonne": 15.0, "cst_per_tonne_km": 0.21287950110243894, "co2_tn": 12.4989}, {"industry": "grains", "sector": "cropping", "trips_count": 32, "trailer_loads": 598.3488, "tonnes": 14743.914, "tonne_kms": 778266.56, "tonnes_per_trailer": 24.499994, "avg_trip_distance": 52.38994, "avg_trip_duration": 0.6118498, "total_trip_distance": 22754.186, "total_trip_duration": 264.55057, "total_freight_value": 6693468.0, "trip_transport_costs": 153846.0, "cst_per_tonne": 10.0, "cst_per_tonne_km": 0.1976782091701791, "co2_tn": 64.97094}, {"industry": "livestock", "sector": "livestock", "trips_count": 49, "trailer_loads": 269.6362999999999, "tonnes": 5160.0, "tonne_kms": 374803.34, "tonnes_per_trailer": 19.346945, "avg_trip_distance": 58.22131, "avg_trip_duration": 0.71518594, "total_trip_distance": 12890.294, "total_trip_duration": 160.9607, "total_freight_value": 18499000.0, "trip_transport_costs": 87242.0,