{"orig_lga": "LGA_64810", "orig_name": "Sorell (M)", "orig_state": "TAS", "fetched_at": "2026-03-12T07:42:47.747155+00:00", "destinations": {"LGA_61410": [{"industry": "meat", "sector": "cold_food", "trips_count": 13, "trailer_loads": 128.64564, "tonnes": 2315.6213, "tonne_kms": 46877.39, "tonnes_per_trailer": 18.00001, "avg_trip_distance": 16.090248, "avg_trip_duration": 0.20507371, "total_trip_distance": 2604.2996, "total_trip_duration": 32.478287, "total_freight_value": 41681096.0, "trip_transport_costs": 19861.0, "cst_per_tonne": 9.0, "cst_per_tonne_km": 0.42368989539606383, "co2_tn": 5.848199}], "LGA_62610": [{"industry": "meat", "sector": "cold_food", "trips_count": 11, "trailer_loads": 82.59783000000002, "tonnes": 1486.7611, "tonne_kms": 45341.504, "tonnes_per_trailer": 18.000025, "avg_trip_distance": 21.261572, "avg_trip_duration": 0.29059944, "total_trip_distance": 2518.9722, "total_trip_duration": 35.167015, "total_freight_value": 26761684.0, "trip_transport_costs": 16980.0, "cst_per_tonne": 11.0, "cst_per_tonne_km": 0.37448496429817546, "co2_tn": 5.807595}], "LGA_62810": [{"industry": "meat", "sector": "cold_food", "trips_count": 14, "trailer_loads": 56.04759999999999, "tonnes": 1008.8611, "tonne_kms": 25694.521, "tonnes_per_trailer": 18.00009, "avg_trip_distance": 16.414438, "avg_trip_duration": 0.22180259, "total_trip_distance": 1427.4734, "total_trip_duration": 19.200348, "total_freight_value": 18159494.0, "trip_transport_costs": 10131.0, "cst_per_tonne": 10.0, "cst_per_tonne_km": 0.3942998385382799, "co2_tn": 3.266766}, {"industry": "wood_product", "sector": "wood_product", "trips_count": 11, "trailer_loads": 100.666664, "tonnes": 2166.667, "tonne_kms": 84368.086, "tonnes_per_trailer": 22.727285, "avg_trip_distance": 36.805218, "avg_trip_duration": 0.53357106, "total_trip_distance": 3872.7002, "total_trip_duration": 56.085377, "total_freight_value": 8073334.0, "trip_transport_costs": 24527.0, "cst_per_tonne": 11.0, "cst_per_tonne_km": 0.29070941519281907, "co2_tn": 9.152171}], "LGA_64810": [{"industry": "meat", "sector": "cold_food", "trips_count": 21, "trailer_loads": 424.4298599999999, "tonnes": 5716.086, "tonne_kms": 79255.05, "tonnes_per_trailer": 15.142846, "avg_trip_distance": 12.94905, "avg_trip_duration": 0.28668764, "total_trip_distance": 6003.1104, "total_trip_duration": 158.23018, "total_freight_value": 42872015.0, "trip_transport_costs": 65666.0, "cst_per_tonne": 11.0, "cst_per_tonne_km": 0.8285450807315011, "co2_tn": 18.377403}]}}