{"orig_lga": "LGA_60810", "orig_name": "Central Coast (M) (Tas.)", "orig_state": "TAS", "fetched_at": "2026-03-12T06:59:18.909223+00:00", "destinations": {"LGA_31000": [{"industry": "fruit", "sector": "horticulture", "trips_count": 11, "trailer_loads": 59.162877, "tonnes": 592.5425, "tonne_kms": 1312838.2, "tonnes_per_trailer": 10.454545, "avg_trip_distance": 1113.1252, "avg_trip_duration": 23.586481, "total_trip_distance": 96713.82, "total_trip_duration": 2051.34, "total_freight_value": 3768243.0, "trip_transport_costs": 641887.0, "cst_per_tonne": 1083.0, "cst_per_tonne_km": 0.4889309769013338, "co2_tn": 326.91232}, {"industry": "vegetables", "sector": "horticulture", "trips_count": 10, "trailer_loads": 2454.4927399999997, "tonnes": 43074.29, "tonne_kms": 94813456.0, "tonnes_per_trailer": 19.299997, "avg_trip_distance": 1591.51, "avg_trip_duration": 33.891277, "total_trip_distance": 3977787.0, "total_trip_duration": 84666.89, "total_freight_value": 148802484.0, "trip_transport_costs": 26452074.0, "cst_per_tonne": 614.0, "cst_per_tonne_km": 0.2789907161720537, "co2_tn": 13482.329}], "LGA_60610": [{"industry": "waste", "sector": "waste", "trips_count": 10, "trailer_loads": 215.99999999999997, "tonnes": 2160.0, "tonne_kms": 42040.297, "tonnes_per_trailer": 10.0, "avg_trip_distance": 19.109226, "avg_trip_duration": 0.25686, "total_trip_distance": 4204.03, "total_trip_duration": 56.5092, "total_freight_value": 216000.0, "trip_transport_costs": 32449.0, "cst_per_tonne": 15.0, "cst_per_tonne_km": 0.7718663436383021, "co2_tn": 9.544989}, {"industry": "wood_product", "sector": "wood_product", "trips_count": 77, "trailer_loads": 3578.183057999998, "tonnes": 64500.797, "tonne_kms": 3424004.2, "tonnes_per_trailer": 18.363628, "avg_trip_distance": 48.70281, "avg_trip_duration": 0.66516006, "total_trip_distance": 118733.05, "total_trip_duration": 1617.7449, "total_freight_value": 17171749.0, "trip_transport_costs": 922835.0, "cst_per_tonne": 14.0, "cst_per_tonne_km": 0.2695191435585378, "co2_tn": 395.35712}], "LGA_60810": [{"industry": "vegetables", "sector": "horticulture", "trips_count": 16, "trailer_loads": 5924.1848599999985, "tonnes": 124407.9, "tonne_kms": 1298533.0, "tonnes_per_trailer": 21.000006, "avg_trip_distance": 7.4543395, "avg_trip_duration": 0.10090698, "total_trip_distance": 61834.906, "total_trip_duration": 871.2604, "total_freight_value": 559835441.0, "trip_transport_costs": 670441.0, "cst_per_tonne": 5.0, "cst_per_tonne_km": 0.5163066368861805, "co2_tn": 143.58601}, {"industry": "waste", "sector": "waste", "trips_count": 49, "trailer_loads": 1058.4000000000005, "tonnes": 10584.0, "tonne_kms": 85476.164, "tonnes_per_trailer": 10.0, "avg_trip_distance": 7.9291434, "avg_trip_duration": 0.11942482, "total_trip_distance": 8547.617, "total_trip_duration": 128.73996, "total_freight_value": 1058400.0, "trip_transport_costs": 106446.0, "cst_per_tonne": 10.0, "cst_per_tonne_km": 1.245325385508149, "co2_tn": 20.316463}], "LGA_61210": [{"industry": "livestock", "sector": "livestock", "trips_count": 7, "trailer_loads": 33.63634999999999, "tonnes": 700.0, "tonne_kms": 95619.7, "tonnes_per_trailer": 20.857153, "avg_trip_distance": 109.492035, "avg_trip_duration": 1.3911706, "total_trip_distance": 3065.7769, "total_trip_duration": 38.952778, "total_freight_value": 2716000.0, "trip_transport_costs": 18958.0, "cst_per_tonne": 27.0, "cst_per_tonne_km": 0.1982664664758391, "co2_tn": 9.404406}, {"industry": "wood_product", "sector": "wood_product", "trips_count": 13, "trailer_loads": 174.81010999999995, "tonnes": 3828.591, "tonne_kms": 479686.78, "tonnes_per_trailer": 21.15388, "avg_trip_distance": 116.68402, "avg_trip_duration": 1.4066923, "total_trip_distance": 14539.174, "total_trip_duration": 175.44504, "total_freight_value": 6573844.0, "trip_transport_costs": 89553.0, "cst_per_tonne": 23.0, "cst_per_tonne_km": 0.18669053217473877, "co2_tn": 44.139652}], "LGA_61610": [{"industry": "fruit", "sector": "horticulture", "trips_count": 12, "trailer_loads": 20.710060000000002, "tonnes": 215.73534, "tonne_kms": 8569.823, "tonnes_per_trailer": 11.249998, "avg_trip_distance": 19.801153, "avg_trip_duration": 0.22469757, "total_trip_distance": 555.7374, "total_trip_duration": 6.1973515, "total_freight_value": 1298772.0, "trip_transport_costs": 4252.0, "cst_per_tonne": 20.0, "cst_per_tonne_km": 0.4961178773450304, "co2_tn": 1.6251187}, {"industry": "vegetables", "sector": "horticulture", "trips_count": 38, "trailer_loads": 743.4573829999999, "tonnes": 14025.998, "tonne_kms": 348606.28, "tonnes_per_trailer": 18.973673, "avg_trip_distance": 15.946696, "avg_trip_duration": 0.19189794, "total_trip_distance": 13646.245, "total_trip_duration": 162.38284, "total_freight_value": 53700304.0, "trip_transport_costs": 117192.0, "cst_per_tonne": 8.0, "cst_per_tonne_km": 0.336172332537445, "co2_tn": 37.54231}, {"industry": "waste", "sector": "waste", "trips_count": 7, "trailer_loads": 151.2, "tonnes": 1512.0, "tonne_kms": 21470.184, "tonnes_per_trailer": 10.0, "avg_trip_distance": 13.941678, "avg_trip_duration": 0.18333116, "total_trip_distance": 2147.0186, "total_trip_duration": 28.233, "total_freight_value": 151200.0, "trip_transport_costs": 19061.0, "cst_per_tonne": 13.0, "cst_per_tonne_km": 0.8878115876359783, "co2_tn": 4.887238}], "LGA_64610": [{"industry": "livestock", "sector": "livestock", "trips_count": 19, "trailer_loads": 92.81815, "tonnes": 1860.0, "tonne_kms": 262805.0, "tonnes_per_trailer": 20.210535, "avg_trip_distance": 117.45835, "avg_trip_duration": 1.3046762, "total_trip_distance": 9151.496, "total_trip_duration": 101.579445, "total_freight_value": 7116500.0, "trip_transport_costs": 52952.0, "cst_per_tonne": 28.0, "cst_per_tonne_km": 0.20148827262906432, "co2_tn": 26.531887}]}}